#
# There is insufficient memory for the Java Runtime Environment to continue.
# Native memory allocation (malloc) failed to allocate 2159184 bytes. Error detail: Chunk::new
# Possible reasons:
#   The system is out of physical RAM or swap space
#   This process is running with CompressedOops enabled, and the Java Heap may be blocking the growth of the native heap
# Possible solutions:
#   Reduce memory load on the system
#   Increase physical memory or swap space
#   Check if swap backing store is full
#   Decrease Java heap size (-Xmx/-Xms)
#   Decrease number of Java threads
#   Decrease Java thread stack sizes (-Xss)
#   Set larger code cache with -XX:ReservedCodeCacheSize=
#   JVM is running with Unscaled Compressed Oops mode in which the Java heap is
#     placed in the first 4GB address space. The Java Heap base address is the
#     maximum limit for the native heap growth. Please use -XX:HeapBaseMinAddress
#     to set the Java Heap base and to place the Java Heap above 4GB virtual address.
# This output file may be truncated or incomplete.
#
#  Out of Memory Error (arena.cpp:191), pid=39640, tid=53320
#
# JRE version: OpenJDK Runtime Environment Microsoft-12574423 (17.0.17+10) (build 17.0.17+10-LTS)
# Java VM: OpenJDK 64-Bit Server VM Microsoft-12574423 (17.0.17+10-LTS, mixed mode, sharing, tiered, compressed oops, compressed class ptrs, g1 gc, windows-amd64)
# No core dump will be written. Minidumps are not enabled by default on client versions of Windows
#

---------------  S U M M A R Y ------------

Command Line: --add-opens=java.base/java.lang=ALL-UNNAMED --add-opens=java.base/java.lang.invoke=ALL-UNNAMED --add-opens=java.base/java.util=ALL-UNNAMED --add-opens=java.prefs/java.util.prefs=ALL-UNNAMED --add-exports=jdk.compiler/com.sun.tools.javac.api=ALL-UNNAMED --add-exports=jdk.compiler/com.sun.tools.javac.util=ALL-UNNAMED --add-opens=java.base/java.util=ALL-UNNAMED --add-opens=java.prefs/java.util.prefs=ALL-UNNAMED --add-opens=java.base/java.nio.charset=ALL-UNNAMED --add-opens=java.base/java.net=ALL-UNNAMED --add-opens=java.base/java.util.concurrent=ALL-UNNAMED --add-opens=java.base/java.util.concurrent.atomic=ALL-UNNAMED --add-opens=java.xml/javax.xml.namespace=ALL-UNNAMED -XX:MaxMetaspaceSize=512m -XX:+HeapDumpOnOutOfMemoryError -XX:ReservedCodeCacheSize=512m -Xmx2048m -Dfile.encoding=windows-1252 -Duser.country=IN -Duser.language=en -Duser.variant -javaagent:C:\Users\Aditya\.gradle\wrapper\dists\gradle-9.0.0-bin\d6wjpkvcgsg3oed0qlfss3wgl\gradle-9.0.0\lib\agents\gradle-instrumentation-agent-9.0.0.jar org.gradle.launcher.daemon.bootstrap.GradleDaemon 9.0.0

Host: AMD Ryzen 5 5600H with Radeon Graphics         , 12 cores, 5G,  Windows 11 , 64 bit Build 26100 (10.0.26100.7705)
Time: Mon Mar  2 16:26:30 2026 India Standard Time elapsed time: 141.314493 seconds (0d 0h 2m 21s)

---------------  T H R E A D  ---------------

Current thread (0x000002a3f667cde0):  JavaThread "C2 CompilerThread2" daemon [_thread_in_native, id=53320, stack(0x000000dc21300000,0x000000dc21400000)]


Current CompileTask:
C2:141314 35769       4       com.android.tools.r8.internal.lb::a (1189 bytes)

Stack: [0x000000dc21300000,0x000000dc21400000]
Native frames: (J=compiled Java code, j=interpreted, Vv=VM code, C=native code)
V  [jvm.dll+0x68c459]  (no source info available)
V  [jvm.dll+0x845e09]  (no source info available)
V  [jvm.dll+0x847b78]  (no source info available)
V  [jvm.dll+0x848203]  (no source info available)
V  [jvm.dll+0x24cf6f]  (no source info available)
V  [jvm.dll+0xaecb6]  (no source info available)
V  [jvm.dll+0xaf35c]  (no source info available)
V  [jvm.dll+0x37157e]  (no source info available)
V  [jvm.dll+0x33b8d5]  (no source info available)
V  [jvm.dll+0x33ad3a]  (no source info available)
V  [jvm.dll+0x21df29]  (no source info available)
V  [jvm.dll+0x21d36d]  (no source info available)
V  [jvm.dll+0x1a8ce6]  (no source info available)
V  [jvm.dll+0x22db1b]  (no source info available)
V  [jvm.dll+0x22bca6]  (no source info available)
V  [jvm.dll+0x7fb65b]  (no source info available)
V  [jvm.dll+0x7f5a5c]  (no source info available)
V  [jvm.dll+0x68d9f7]  (no source info available)
C  [ucrtbase.dll+0x37b0]  (no source info available)
C  [KERNEL32.DLL+0x2e8d7]  (no source info available)
C  [ntdll.dll+0x8c40c]  (no source info available)


---------------  P R O C E S S  ---------------

Threads class SMR info:
_java_thread_list=0x000002a3f05669e0, length=105, elements={
0x000002a39b5d54a0, 0x000002a3cadf38f0, 0x000002a3cadf6a50, 0x000002a3cae0e930,
0x000002a3cae10e20, 0x000002a3cae11e70, 0x000002a3cae16ed0, 0x000002a3cae18e70,
0x000002a3cb1690b0, 0x000002a3cb1895e0, 0x000002a3caddf690, 0x000002a3cb303bc0,
0x000002a3ebbf7080, 0x000002a3ebb334a0, 0x000002a3cb423d50, 0x000002a3cb4a6ea0,
0x000002a3ec396400, 0x000002a3ec397330, 0x000002a3ec397840, 0x000002a3ec394090,
0x000002a3ec394fc0, 0x000002a3ec3954d0, 0x000002a3ee916f80, 0x000002a3ee915b40,
0x000002a3ee91a220, 0x000002a3ee91a730, 0x000002a3ee9192f0, 0x000002a3ee9183c0,
0x000002a3ee9188d0, 0x000002a3ee919d10, 0x000002a3ee919800, 0x000002a3f01d1860,
0x000002a3f01d1d70, 0x000002a3f01d3bd0, 0x000002a3f01d40e0, 0x000002a3f01d6960,
0x000002a3f01d6e70, 0x000002a3cb1cd8b0, 0x000002a3cb1cba50, 0x000002a3cb1cddc0,
0x000002a3cb1ce7e0, 0x000002a3cb1d0130, 0x000002a3cb1d0b50, 0x000002a3cb1d1060,
0x000002a3cb1d1570, 0x000002a3cb1d1f90, 0x000002a3f142af50, 0x000002a3f142e1f0,
0x000002a3f142d2c0, 0x000002a3f142c390, 0x000002a3f142b460, 0x000002a3f142aa40,
0x000002a3f142b970, 0x000002a3f142be80, 0x000002a3f142c8a0, 0x000002a3f142cdb0,
0x000002a3f01d2790, 0x000002a3f01d31b0, 0x000002a3f01d36c0, 0x000002a3f01d5010,
0x000002a3f01d2280, 0x000002a3f01d5520, 0x000002a3f01d5f40, 0x000002a3f01d2ca0,
0x000002a3f01d7380, 0x000002a3f01d7890, 0x000002a3f01d7da0, 0x000002a3f01d6450,
0x000002a3f01d82b0, 0x000002a3f01d87c0, 0x000002a3ee915120, 0x000002a3ee916560,
0x000002a3ee914700, 0x000002a3ee916a70, 0x000002a3ee914c10, 0x000002a3ee913ce0,
0x000002a3ee917490, 0x000002a3ee9141f0, 0x000002a3ee918de0, 0x000002a3ec395ef0,
0x000002a3ec396910, 0x000002a3ec396e20, 0x000002a3cb1cfc20, 0x000002a3cb1cf710,
0x000002a3cb1cc470, 0x000002a3f6564510, 0x000002a3f6560d60, 0x000002a3f6562bc0,
0x000002a3f6564a20, 0x000002a3f6564f30, 0x000002a3f65672a0, 0x000002a3f6563af0,
0x000002a3f0916c00, 0x000002a3f0918a60, 0x000002a3f0917b30, 0x000002a3f0917110,
0x000002a3f09157c0, 0x000002a3f0919ea0, 0x000002a3f091a8c0, 0x000002a3f0918040,
0x000002a3f09166f0, 0x000002a3f091bd00, 0x000002a3f0917620, 0x000002a3f667edc0,
0x000002a3f667cde0
}

Java Threads: ( => current thread )
  0x000002a39b5d54a0 JavaThread "main" [_thread_blocked, id=4948, stack(0x000000dc1c900000,0x000000dc1ca00000)]
  0x000002a3cadf38f0 JavaThread "Reference Handler" daemon [_thread_blocked, id=1868, stack(0x000000dc1d000000,0x000000dc1d100000)]
  0x000002a3cadf6a50 JavaThread "Finalizer" daemon [_thread_blocked, id=11440, stack(0x000000dc1d100000,0x000000dc1d200000)]
  0x000002a3cae0e930 JavaThread "Signal Dispatcher" daemon [_thread_blocked, id=22132, stack(0x000000dc1d200000,0x000000dc1d300000)]
  0x000002a3cae10e20 JavaThread "Attach Listener" daemon [_thread_blocked, id=9544, stack(0x000000dc1d300000,0x000000dc1d400000)]
  0x000002a3cae11e70 JavaThread "Service Thread" daemon [_thread_blocked, id=1424, stack(0x000000dc1d400000,0x000000dc1d500000)]
  0x000002a3cae16ed0 JavaThread "Monitor Deflation Thread" daemon [_thread_blocked, id=11300, stack(0x000000dc1d500000,0x000000dc1d600000)]
  0x000002a3cae18e70 JavaThread "C2 CompilerThread0" daemon [_thread_blocked, id=11308, stack(0x000000dc1d600000,0x000000dc1d700000)]
  0x000002a3cb1690b0 JavaThread "C1 CompilerThread0" daemon [_thread_blocked, id=11472, stack(0x000000dc1d700000,0x000000dc1d800000)]
  0x000002a3cb1895e0 JavaThread "Sweeper thread" daemon [_thread_blocked, id=11216, stack(0x000000dc1d800000,0x000000dc1d900000)]
  0x000002a3caddf690 JavaThread "Common-Cleaner" daemon [_thread_blocked, id=19040, stack(0x000000dc1d900000,0x000000dc1da00000)]
  0x000002a3cb303bc0 JavaThread "Notification Thread" daemon [_thread_blocked, id=34244, stack(0x000000dc1da00000,0x000000dc1db00000)]
  0x000002a3ebbf7080 JavaThread "Daemon health stats" [_thread_blocked, id=9616, stack(0x000000dc1dc00000,0x000000dc1dd00000)]
  0x000002a3ebb334a0 JavaThread "Incoming local TCP Connector on port 58735" [_thread_in_native, id=74528, stack(0x000000dc1dd00000,0x000000dc1de00000)]
  0x000002a3cb423d50 JavaThread "Daemon periodic checks" [_thread_blocked, id=53016, stack(0x000000dc1e200000,0x000000dc1e300000)]
  0x000002a3cb4a6ea0 JavaThread "Daemon" [_thread_blocked, id=58756, stack(0x000000dc1e300000,0x000000dc1e400000)]
  0x000002a3ec396400 JavaThread "Daemon worker" [_thread_blocked, id=49868, stack(0x000000dc1e600000,0x000000dc1e700000)]
  0x000002a3ec397330 JavaThread "Cache worker for journal cache (C:\Users\Aditya\.gradle\caches\journal-1)" [_thread_blocked, id=44144, stack(0x000000dc1ef00000,0x000000dc1f000000)]
  0x000002a3ec397840 JavaThread "File lock request listener" [_thread_in_native, id=31016, stack(0x000000dc1f000000,0x000000dc1f100000)]
  0x000002a3ec394090 JavaThread "Cache worker for file hash cache (C:\Users\Aditya\.gradle\caches\9.0.0\fileHashes)" [_thread_blocked, id=11780, stack(0x000000dc1f100000,0x000000dc1f200000)]
  0x000002a3ec394fc0 JavaThread "File watcher server" daemon [_thread_blocked, id=3692, stack(0x000000dc1f700000,0x000000dc1f800000)]
  0x000002a3ec3954d0 JavaThread "File watcher consumer" daemon [_thread_blocked, id=3848, stack(0x000000dc1f800000,0x000000dc1f900000)]
  0x000002a3ee916f80 JavaThread "Cache worker for file content cache (C:\Users\Aditya\.gradle\caches\9.0.0\fileContent)" [_thread_blocked, id=7140, stack(0x000000dc1fa00000,0x000000dc1fb00000)]
  0x000002a3ee915b40 JavaThread "jar transforms" [_thread_blocked, id=4276, stack(0x000000dc1fd00000,0x000000dc1fe00000)]
  0x000002a3ee91a220 JavaThread "Memory manager" [_thread_blocked, id=2712, stack(0x000000dc20600000,0x000000dc20700000)]
  0x000002a3ee91a730 JavaThread "ForkJoinPool.commonPool-worker-1" daemon [_thread_blocked, id=35048, stack(0x000000dc20700000,0x000000dc20800000)]
  0x000002a3ee9192f0 JavaThread "ForkJoinPool.commonPool-worker-3" daemon [_thread_blocked, id=40204, stack(0x000000dc20900000,0x000000dc20a00000)]
  0x000002a3ee9183c0 JavaThread "ForkJoinPool.commonPool-worker-4" daemon [_thread_blocked, id=40208, stack(0x000000dc20a00000,0x000000dc20b00000)]
  0x000002a3ee9188d0 JavaThread "ForkJoinPool.commonPool-worker-5" daemon [_thread_blocked, id=40188, stack(0x000000dc20b00000,0x000000dc20c00000)]
  0x000002a3ee919d10 JavaThread "ForkJoinPool.commonPool-worker-6" daemon [_thread_blocked, id=72532, stack(0x000000dc20c00000,0x000000dc20d00000)]
  0x000002a3ee919800 JavaThread "ForkJoinPool.commonPool-worker-8" daemon [_thread_blocked, id=40628, stack(0x000000dc20d00000,0x000000dc20e00000)]
  0x000002a3f01d1860 JavaThread "ForkJoinPool.commonPool-worker-7" daemon [_thread_blocked, id=40168, stack(0x000000dc20e00000,0x000000dc20f00000)]
  0x000002a3f01d1d70 JavaThread "ForkJoinPool.commonPool-worker-9" daemon [_thread_blocked, id=38876, stack(0x000000dc20f00000,0x000000dc21000000)]
  0x000002a3f01d3bd0 JavaThread "ForkJoinPool.commonPool-worker-10" daemon [_thread_blocked, id=16832, stack(0x000000dc21000000,0x000000dc21100000)]
  0x000002a3f01d40e0 JavaThread "ForkJoinPool.commonPool-worker-11" daemon [_thread_blocked, id=40340, stack(0x000000dc21100000,0x000000dc21200000)]
  0x000002a3f01d6960 JavaThread "jar transforms Thread 2" [_thread_blocked, id=80264, stack(0x000000dc22000000,0x000000dc22100000)]
  0x000002a3f01d6e70 JavaThread "jar transforms Thread 3" [_thread_blocked, id=2520, stack(0x000000dc22100000,0x000000dc22200000)]
  0x000002a3cb1cd8b0 JavaThread "jar transforms Thread 4" [_thread_blocked, id=70280, stack(0x000000dc22700000,0x000000dc22800000)]
  0x000002a3cb1cba50 JavaThread "jar transforms Thread 5" [_thread_blocked, id=19420, stack(0x000000dc22800000,0x000000dc22900000)]
  0x000002a3cb1cddc0 JavaThread "jar transforms Thread 6" [_thread_blocked, id=42584, stack(0x000000dc22900000,0x000000dc22a00000)]
  0x000002a3cb1ce7e0 JavaThread "jar transforms Thread 7" [_thread_blocked, id=19396, stack(0x000000dc22c00000,0x000000dc22d00000)]
  0x000002a3cb1d0130 JavaThread "jar transforms Thread 8" [_thread_blocked, id=60352, stack(0x000000dc22e00000,0x000000dc22f00000)]
  0x000002a3cb1d0b50 JavaThread "jar transforms Thread 9" [_thread_blocked, id=59876, stack(0x000000dc22f00000,0x000000dc23000000)]
  0x000002a3cb1d1060 JavaThread "jar transforms Thread 10" [_thread_blocked, id=73132, stack(0x000000dc23000000,0x000000dc23100000)]
  0x000002a3cb1d1570 JavaThread "jar transforms Thread 11" [_thread_blocked, id=27116, stack(0x000000dc23100000,0x000000dc23200000)]
  0x000002a3cb1d1f90 JavaThread "jar transforms Thread 12" [_thread_blocked, id=20352, stack(0x000000dc23200000,0x000000dc23300000)]
  0x000002a3f142af50 JavaThread "pool-3-thread-1" [_thread_blocked, id=65820, stack(0x000000dc23600000,0x000000dc23700000)]
  0x000002a3f142e1f0 JavaThread "Handler for socket connection from /127.0.0.1:58735 to /127.0.0.1:65212" [_thread_in_native, id=69740, stack(0x000000dc1e800000,0x000000dc1e900000)]
  0x000002a3f142d2c0 JavaThread "Cancel handler" [_thread_blocked, id=31052, stack(0x000000dc1e900000,0x000000dc1ea00000)]
  0x000002a3f142c390 JavaThread "Asynchronous log dispatcher for DefaultDaemonConnection: socket connection from /127.0.0.1:58735 to /127.0.0.1:65212" [_thread_blocked, id=57312, stack(0x000000dc1f200000,0x000000dc1f300000)]
  0x000002a3f142b460 JavaThread "Stdin handler" [_thread_blocked, id=16156, stack(0x000000dc1f500000,0x000000dc1f600000)]
  0x000002a3f142aa40 JavaThread "Daemon client event forwarder" [_thread_blocked, id=74464, stack(0x000000dc1f600000,0x000000dc1f700000)]
  0x000002a3f142b970 JavaThread "Cache worker for file hash cache (C:\Users\Aditya\Downloads\videocall\VideoCallApp\android\.gradle\9.0.0\fileHashes)" [_thread_blocked, id=62796, stack(0x000000dc1f900000,0x000000dc1fa00000)]
  0x000002a3f142be80 JavaThread "Cache worker for Build Output Cleanup Cache (C:\Users\Aditya\Downloads\videocall\VideoCallApp\android\.gradle\buildOutputCleanup)" [_thread_blocked, id=5252, stack(0x000000dc1fb00000,0x000000dc1fc00000)]
  0x000002a3f142c8a0 JavaThread "Cache worker for checksums cache (C:\Users\Aditya\Downloads\videocall\VideoCallApp\android\.gradle\9.0.0\checksums)" [_thread_blocked, id=58084, stack(0x000000dc1fc00000,0x000000dc1fd00000)]
  0x000002a3f142cdb0 JavaThread "Cache worker for cache directory md-supplier (C:\Users\Aditya\.gradle\caches\9.0.0\md-supplier)" [_thread_blocked, id=83148, stack(0x000000dc1fe00000,0x000000dc1ff00000)]
  0x000002a3f01d2790 JavaThread "Cache worker for cache directory md-rule (C:\Users\Aditya\.gradle\caches\9.0.0\md-rule)" [_thread_blocked, id=25876, stack(0x000000dc1ff00000,0x000000dc20000000)]
  0x000002a3f01d31b0 JavaThread "Cache worker for Build Output Cleanup Cache (C:\Users\Aditya\Downloads\videocall\VideoCallApp\node_modules\@react-native\gradle-plugin\.gradle\buildOutputCleanup)" [_thread_blocked, id=38604, stack(0x000000dc20000000,0x000000dc20100000)]
  0x000002a3f01d36c0 JavaThread "Unconstrained build operations" [_thread_blocked, id=56748, stack(0x000000dc20100000,0x000000dc20200000)]
  0x000002a3f01d5010 JavaThread "Unconstrained build operations Thread 2" [_thread_blocked, id=79332, stack(0x000000dc20200000,0x000000dc20300000)]
  0x000002a3f01d2280 JavaThread "Unconstrained build operations Thread 3" [_thread_blocked, id=73792, stack(0x000000dc20400000,0x000000dc20500000)]
  0x000002a3f01d5520 JavaThread "Unconstrained build operations Thread 4" [_thread_blocked, id=51268, stack(0x000000dc20500000,0x000000dc20600000)]
  0x000002a3f01d5f40 JavaThread "build event listener" [_thread_blocked, id=25624, stack(0x000000dc21600000,0x000000dc21700000)]
  0x000002a3f01d2ca0 JavaThread "included builds" [_thread_blocked, id=48980, stack(0x000000dc21700000,0x000000dc21800000)]
  0x000002a3f01d7380 JavaThread "Execution worker" [_thread_blocked, id=80052, stack(0x000000dc21900000,0x000000dc21a00000)]
  0x000002a3f01d7890 JavaThread "Cache worker for execution history cache (C:\Users\Aditya\Downloads\videocall\VideoCallApp\node_modules\@react-native\gradle-plugin\.gradle\9.0.0\executionHistory)" [_thread_blocked, id=30084, stack(0x000000dc21a00000,0x000000dc21b00000)]
  0x000002a3f01d7da0 JavaThread "Unconstrained build operations Thread 5" [_thread_blocked, id=84892, stack(0x000000dc21b00000,0x000000dc21c00000)]
  0x000002a3f01d6450 JavaThread "Unconstrained build operations Thread 6" [_thread_blocked, id=13968, stack(0x000000dc21c00000,0x000000dc21d00000)]
  0x000002a3f01d82b0 JavaThread "Unconstrained build operations Thread 7" [_thread_blocked, id=72904, stack(0x000000dc21d00000,0x000000dc21e00000)]
  0x000002a3f01d87c0 JavaThread "Unconstrained build operations Thread 8" [_thread_blocked, id=27248, stack(0x000000dc21e00000,0x000000dc21f00000)]
  0x000002a3ee915120 JavaThread "Unconstrained build operations Thread 9" [_thread_blocked, id=18916, stack(0x000000dc21f00000,0x000000dc22000000)]
  0x000002a3ee916560 JavaThread "Unconstrained build operations Thread 10" [_thread_blocked, id=33596, stack(0x000000dc22200000,0x000000dc22300000)]
  0x000002a3ee914700 JavaThread "Unconstrained build operations Thread 11" [_thread_blocked, id=79480, stack(0x000000dc22300000,0x000000dc22400000)]
  0x000002a3ee916a70 JavaThread "Unconstrained build operations Thread 12" [_thread_blocked, id=11860, stack(0x000000dc22400000,0x000000dc22500000)]
  0x000002a3ee914c10 JavaThread "build event listener" [_thread_blocked, id=10776, stack(0x000000dc22500000,0x000000dc22600000)]
  0x000002a3ee913ce0 JavaThread "Problems report writer" [_thread_blocked, id=52152, stack(0x000000dc22600000,0x000000dc22700000)]
  0x000002a3ee917490 JavaThread "Unconstrained build operations Thread 13" [_thread_blocked, id=10048, stack(0x000000dc22a00000,0x000000dc22b00000)]
  0x000002a3ee9141f0 JavaThread "Unconstrained build operations Thread 14" [_thread_blocked, id=21528, stack(0x000000dc22b00000,0x000000dc22c00000)]
  0x000002a3ee918de0 JavaThread "Unconstrained build operations Thread 15" [_thread_blocked, id=81936, stack(0x000000dc22d00000,0x000000dc22e00000)]
  0x000002a3ec395ef0 JavaThread "Unconstrained build operations Thread 16" [_thread_blocked, id=55328, stack(0x000000dc23700000,0x000000dc23800000)]
  0x000002a3ec396910 JavaThread "Unconstrained build operations Thread 17" [_thread_blocked, id=82468, stack(0x000000dc20300000,0x000000dc20400000)]
  0x000002a3ec396e20 JavaThread "Unconstrained build operations Thread 18" [_thread_blocked, id=32016, stack(0x000000dc23800000,0x000000dc23900000)]
  0x000002a3cb1cfc20 JavaThread "pool-6-thread-1" [_thread_blocked, id=47816, stack(0x000000dc23a00000,0x000000dc23b00000)]
  0x000002a3cb1cf710 JavaThread "build event listener" [_thread_blocked, id=11380, stack(0x000000dc23b00000,0x000000dc23c00000)]
  0x000002a3cb1cc470 JavaThread "Cache worker for execution history cache (C:\Users\Aditya\Downloads\videocall\VideoCallApp\android\.gradle\9.0.0\executionHistory)" [_thread_blocked, id=33224, stack(0x000000dc23c00000,0x000000dc23d00000)]
  0x000002a3f6564510 JavaThread "WorkerExecutor Queue" [_thread_blocked, id=53552, stack(0x000000dc23900000,0x000000dc23a00000)]
  0x000002a3f6560d60 JavaThread "Unconstrained build operations Thread 19" [_thread_blocked, id=56380, stack(0x000000dc23e00000,0x000000dc23f00000)]
  0x000002a3f6562bc0 JavaThread "Unconstrained build operations Thread 20" [_thread_blocked, id=24464, stack(0x000000dc23f00000,0x000000dc24000000)]
  0x000002a3f6564a20 JavaThread "pool-7-thread-1" [_thread_blocked, id=6304, stack(0x000000dc1c600000,0x000000dc1c700000)]
  0x000002a3f6564f30 JavaThread "Cache worker for Java compile cache (C:\Users\Aditya\.gradle\caches\9.0.0\javaCompile)" [_thread_blocked, id=26772, stack(0x000000dc1c700000,0x000000dc1c800000)]
  0x000002a3f65672a0 JavaThread "stderr" [_thread_in_native, id=28624, stack(0x000000dc24000000,0x000000dc24100000)]
  0x000002a3f6563af0 JavaThread "stdout" [_thread_in_native, id=77384, stack(0x000000dc24100000,0x000000dc24200000)]
  0x000002a3f0916c00 JavaThread "Build operations" [_thread_blocked, id=54640, stack(0x000000dc24200000,0x000000dc24300000)]
  0x000002a3f0918a60 JavaThread "RMI Scheduler(0)" daemon [_thread_blocked, id=84272, stack(0x000000dc21200000,0x000000dc21300000)]
  0x000002a3f0917b30 JavaThread "RMI GC Daemon" daemon [_thread_blocked, id=31620, stack(0x000000dc21400000,0x000000dc21500000)]
  0x000002a3f0917110 JavaThread "RMI TCP Accept-0" daemon [_thread_in_native, id=26620, stack(0x000000dc24600000,0x000000dc24700000)]
  0x000002a3f09157c0 JavaThread "RMI Reaper" [_thread_blocked, id=41972, stack(0x000000dc24700000,0x000000dc24800000)]
  0x000002a3f0919ea0 JavaThread "RMI TCP Connection(idle)" daemon [_thread_blocked, id=36192, stack(0x000000dc24900000,0x000000dc24a00000)]
  0x000002a3f091a8c0 JavaThread "RMI TCP Connection(idle)" daemon [_thread_blocked, id=59424, stack(0x000000dc24a00000,0x000000dc24b00000)]
  0x000002a3f0918040 JavaThread "Build operations Thread 2" [_thread_blocked, id=59816, stack(0x000000dc1e700000,0x000000dc1e800000)]
  0x000002a3f09166f0 JavaThread "RMI TCP Connection(idle)" daemon [_thread_blocked, id=70864, stack(0x000000dc21500000,0x000000dc21600000)]
  0x000002a3f091bd00 JavaThread "RMI TCP Connection(6)-127.0.0.1" daemon [_thread_in_native, id=34548, stack(0x000000dc21800000,0x000000dc21900000)]
  0x000002a3f0917620 JavaThread "WorkerExecutor Queue Thread 4" [_thread_blocked, id=71992, stack(0x000000dc20800000,0x000000dc20900000)]
  0x000002a3f667edc0 JavaThread "C2 CompilerThread1" daemon [_thread_blocked, id=47836, stack(0x000000dc1c800000,0x000000dc1c900000)]
=>0x000002a3f667cde0 JavaThread "C2 CompilerThread2" daemon [_thread_in_native, id=53320, stack(0x000000dc21300000,0x000000dc21400000)]

Other Threads:
  0x000002a3cadedd80 VMThread "VM Thread" [stack: 0x000000dc1cf00000,0x000000dc1d000000] [id=11436]
  0x000002a39b5d6230 WatcherThread [stack: 0x000000dc1db00000,0x000000dc1dc00000] [id=80480]
  0x000002a3990fe840 GCTaskThread "GC Thread#0" [stack: 0x000000dc1ca00000,0x000000dc1cb00000] [id=9548]
  0x000002a3cbc30cc0 GCTaskThread "GC Thread#1" [stack: 0x000000dc1de00000,0x000000dc1df00000] [id=51056]
  0x000002a3cbaf67f0 GCTaskThread "GC Thread#2" [stack: 0x000000dc1df00000,0x000000dc1e000000] [id=51028]
  0x000002a3eb7bd5e0 GCTaskThread "GC Thread#3" [stack: 0x000000dc1e000000,0x000000dc1e100000] [id=63056]
  0x000002a3eb7bd310 GCTaskThread "GC Thread#4" [stack: 0x000000dc1e100000,0x000000dc1e200000] [id=25080]
  0x000002a3eb7bcd70 GCTaskThread "GC Thread#5" [stack: 0x000000dc1ea00000,0x000000dc1eb00000] [id=36788]
  0x000002a3eb7bbc90 GCTaskThread "GC Thread#6" [stack: 0x000000dc1eb00000,0x000000dc1ec00000] [id=64228]
  0x000002a3eb7bc230 GCTaskThread "GC Thread#7" [stack: 0x000000dc1ec00000,0x000000dc1ed00000] [id=66672]
  0x000002a3eb7bd040 GCTaskThread "GC Thread#8" [stack: 0x000000dc1ed00000,0x000000dc1ee00000] [id=29044]
  0x000002a3eb7bc500 GCTaskThread "GC Thread#9" [stack: 0x000000dc1ee00000,0x000000dc1ef00000] [id=25784]
  0x000002a39b640370 ConcurrentGCThread "G1 Main Marker" [stack: 0x000000dc1cb00000,0x000000dc1cc00000] [id=11128]
  0x000002a39b6426c0 ConcurrentGCThread "G1 Conc#0" [stack: 0x000000dc1cc00000,0x000000dc1cd00000] [id=77808]
  0x000002a3ed69c9a0 ConcurrentGCThread "G1 Conc#1" [stack: 0x000000dc1f300000,0x000000dc1f400000] [id=2832]
  0x000002a3ed69b050 ConcurrentGCThread "G1 Conc#2" [stack: 0x000000dc1f400000,0x000000dc1f500000] [id=2892]
  0x000002a39b67e470 ConcurrentGCThread "G1 Refine#0" [stack: 0x000000dc1cd00000,0x000000dc1ce00000] [id=1428]
  0x000002a39b67e870 ConcurrentGCThread "G1 Service" [stack: 0x000000dc1ce00000,0x000000dc1cf00000] [id=31936]

Threads with active compile tasks:
C2 CompilerThread0  141350 35791       4       com.android.tools.r8.internal.II::add (834 bytes)
C2 CompilerThread1  141350 35709       4       com.android.tools.r8.internal.rT::a (2024 bytes)
C2 CompilerThread2  141350 35769       4       com.android.tools.r8.internal.lb::a (1189 bytes)

VM state: at safepoint (normal execution)

VM Mutex/Monitor currently owned by a thread:  ([mutex/lock_event])
[0x000002a399052a00] Threads_lock - owner thread: 0x000002a3cadedd80
[0x000002a39b5d2200] Heap_lock - owner thread: 0x000002a3ec396910

Heap address: 0x0000000080000000, size: 2048 MB, Compressed Oops mode: 32-bit

CDS archive(s) mapped at: [0x000002a3cc000000-0x000002a3ccbb0000-0x000002a3ccbb0000), size 12255232, SharedBaseAddress: 0x000002a3cc000000, ArchiveRelocationMode: 1.
Compressed class space mapped at: 0x000002a3cd000000-0x000002a3e7000000, reserved size: 436207616
Narrow klass base: 0x000002a3cc000000, Narrow klass shift: 0, Narrow klass range: 0x100000000

GC Precious Log:
 CPUs: 12 total, 12 available
 Memory: 5996M
 Large Page Support: Disabled
 NUMA Support: Disabled
 Compressed Oops: Enabled (32-bit)
 Heap Region Size: 1M
 Heap Min Capacity: 8M
 Heap Initial Capacity: 94M
 Heap Max Capacity: 2G
 Pre-touch: Disabled
 Parallel Workers: 10
 Concurrent Workers: 3
 Concurrent Refinement Workers: 10
 Periodic GC: Disabled

Heap:
 garbage-first heap   total 565248K, used 260144K [0x0000000080000000, 0x0000000100000000)
  region size 1024K, 13 young (13312K), 13 survivors (13312K)
 Metaspace       used 177489K, committed 179520K, reserved 622592K
  class space    used 23065K, committed 24064K, reserved 425984K

Heap Regions: E=young(eden), S=young(survivor), O=old, HS=humongous(starts), HC=humongous(continues), CS=collection set, F=free, OA=open archive, CA=closed archive, TAMS=top-at-mark-start (previous, next)
|   0|0x0000000080000000, 0x0000000080100000, 0x0000000080100000|100%|HS|  |TAMS 0x0000000080100000, 0x0000000080000000| Complete 
|   1|0x0000000080100000, 0x0000000080200000, 0x0000000080200000|100%|HC|  |TAMS 0x0000000080200000, 0x0000000080100000| Complete 
|   2|0x0000000080200000, 0x0000000080300000, 0x0000000080300000|100%|HC|  |TAMS 0x0000000080300000, 0x0000000080200000| Complete 
|   3|0x0000000080300000, 0x0000000080400000, 0x0000000080400000|100%| O|  |TAMS 0x0000000080400000, 0x0000000080300000| Untracked 
|   4|0x0000000080400000, 0x0000000080500000, 0x0000000080500000|100%| O|  |TAMS 0x0000000080500000, 0x0000000080400000| Untracked 
|   5|0x0000000080500000, 0x0000000080600000, 0x0000000080600000|100%| O|  |TAMS 0x0000000080600000, 0x0000000080500000| Untracked 
|   6|0x0000000080600000, 0x0000000080700000, 0x0000000080700000|100%|HS|  |TAMS 0x0000000080700000, 0x0000000080600000| Complete 
|   7|0x0000000080700000, 0x0000000080800000, 0x0000000080800000|100%| O|  |TAMS 0x0000000080800000, 0x0000000080700000| Untracked 
|   8|0x0000000080800000, 0x0000000080900000, 0x0000000080900000|100%| O|  |TAMS 0x0000000080900000, 0x0000000080800000| Untracked 
|   9|0x0000000080900000, 0x0000000080a00000, 0x0000000080a00000|100%| O|  |TAMS 0x0000000080a00000, 0x0000000080900000| Untracked 
|  10|0x0000000080a00000, 0x0000000080b00000, 0x0000000080b00000|100%| O|  |TAMS 0x0000000080b00000, 0x0000000080a00000| Untracked 
|  11|0x0000000080b00000, 0x0000000080c00000, 0x0000000080c00000|100%| O|  |TAMS 0x0000000080c00000, 0x0000000080b00000| Untracked 
|  12|0x0000000080c00000, 0x0000000080d00000, 0x0000000080d00000|100%| O|  |TAMS 0x0000000080d00000, 0x0000000080c00000| Untracked 
|  13|0x0000000080d00000, 0x0000000080e00000, 0x0000000080e00000|100%| O|  |TAMS 0x0000000080e00000, 0x0000000080d00000| Untracked 
|  14|0x0000000080e00000, 0x0000000080f00000, 0x0000000080f00000|100%| O|  |TAMS 0x0000000080f00000, 0x0000000080e00000| Untracked 
|  15|0x0000000080f00000, 0x0000000081000000, 0x0000000081000000|100%| O|  |TAMS 0x0000000081000000, 0x0000000080f00000| Untracked 
|  16|0x0000000081000000, 0x0000000081100000, 0x0000000081100000|100%| O|  |TAMS 0x0000000081100000, 0x0000000081000000| Untracked 
|  17|0x0000000081100000, 0x0000000081200000, 0x0000000081200000|100%| O|  |TAMS 0x0000000081200000, 0x0000000081100000| Untracked 
|  18|0x0000000081200000, 0x0000000081300000, 0x0000000081300000|100%| O|  |TAMS 0x0000000081300000, 0x0000000081200000| Untracked 
|  19|0x0000000081300000, 0x0000000081400000, 0x0000000081400000|100%| O|  |TAMS 0x0000000081400000, 0x0000000081300000| Untracked 
|  20|0x0000000081400000, 0x0000000081500000, 0x0000000081500000|100%| O|  |TAMS 0x0000000081500000, 0x0000000081400000| Untracked 
|  21|0x0000000081500000, 0x0000000081600000, 0x0000000081600000|100%|HS|  |TAMS 0x0000000081600000, 0x0000000081500000| Complete 
|  22|0x0000000081600000, 0x0000000081700000, 0x0000000081700000|100%| O|  |TAMS 0x0000000081700000, 0x0000000081600000| Untracked 
|  23|0x0000000081700000, 0x0000000081800000, 0x0000000081800000|100%| O|  |TAMS 0x0000000081800000, 0x0000000081700000| Untracked 
|  24|0x0000000081800000, 0x0000000081900000, 0x0000000081900000|100%| O|  |TAMS 0x0000000081900000, 0x0000000081800000| Untracked 
|  25|0x0000000081900000, 0x0000000081a00000, 0x0000000081a00000|100%| O|  |TAMS 0x0000000081a00000, 0x0000000081900000| Untracked 
|  26|0x0000000081a00000, 0x0000000081b00000, 0x0000000081b00000|100%| O|  |TAMS 0x0000000081b00000, 0x0000000081a00000| Untracked 
|  27|0x0000000081b00000, 0x0000000081c00000, 0x0000000081c00000|100%| O|  |TAMS 0x0000000081c00000, 0x0000000081b00000| Untracked 
|  28|0x0000000081c00000, 0x0000000081d00000, 0x0000000081d00000|100%| O|  |TAMS 0x0000000081d00000, 0x0000000081c00000| Untracked 
|  29|0x0000000081d00000, 0x0000000081e00000, 0x0000000081e00000|100%| O|  |TAMS 0x0000000081e00000, 0x0000000081d00000| Untracked 
|  30|0x0000000081e00000, 0x0000000081f00000, 0x0000000081f00000|100%| O|  |TAMS 0x0000000081f00000, 0x0000000081e00000| Untracked 
|  31|0x0000000081f00000, 0x0000000082000000, 0x0000000082000000|100%| O|  |TAMS 0x0000000082000000, 0x0000000081f00000| Untracked 
|  32|0x0000000082000000, 0x0000000082100000, 0x0000000082100000|100%| O|  |TAMS 0x0000000082100000, 0x0000000082000000| Untracked 
|  33|0x0000000082100000, 0x0000000082200000, 0x0000000082200000|100%|HS|  |TAMS 0x0000000082200000, 0x0000000082100000| Complete 
|  34|0x0000000082200000, 0x0000000082300000, 0x0000000082300000|100%|HC|  |TAMS 0x0000000082300000, 0x0000000082200000| Complete 
|  35|0x0000000082300000, 0x0000000082400000, 0x0000000082400000|100%|HC|  |TAMS 0x0000000082400000, 0x0000000082300000| Complete 
|  36|0x0000000082400000, 0x0000000082500000, 0x0000000082500000|100%|HS|  |TAMS 0x0000000082500000, 0x0000000082400000| Complete 
|  37|0x0000000082500000, 0x0000000082600000, 0x0000000082600000|100%|HC|  |TAMS 0x0000000082600000, 0x0000000082500000| Complete 
|  38|0x0000000082600000, 0x0000000082700000, 0x0000000082700000|100%|HC|  |TAMS 0x0000000082700000, 0x0000000082600000| Complete 
|  39|0x0000000082700000, 0x0000000082800000, 0x0000000082800000|100%| O|  |TAMS 0x0000000082800000, 0x0000000082700000| Untracked 
|  40|0x0000000082800000, 0x0000000082900000, 0x0000000082900000|100%| O|  |TAMS 0x0000000082900000, 0x0000000082800000| Untracked 
|  41|0x0000000082900000, 0x0000000082a00000, 0x0000000082a00000|100%| O|  |TAMS 0x0000000082a00000, 0x0000000082900000| Untracked 
|  42|0x0000000082a00000, 0x0000000082b00000, 0x0000000082b00000|100%| O|  |TAMS 0x0000000082b00000, 0x0000000082a00000| Untracked 
|  43|0x0000000082b00000, 0x0000000082c00000, 0x0000000082c00000|100%| O|  |TAMS 0x0000000082c00000, 0x0000000082b00000| Untracked 
|  44|0x0000000082c00000, 0x0000000082d00000, 0x0000000082d00000|100%| O|  |TAMS 0x0000000082d00000, 0x0000000082c00000| Untracked 
|  45|0x0000000082d00000, 0x0000000082e00000, 0x0000000082e00000|100%| O|  |TAMS 0x0000000082e00000, 0x0000000082d00000| Untracked 
|  46|0x0000000082e00000, 0x0000000082f00000, 0x0000000082f00000|100%| O|  |TAMS 0x0000000082f00000, 0x0000000082e00000| Untracked 
|  47|0x0000000082f00000, 0x0000000083000000, 0x0000000083000000|100%|HS|  |TAMS 0x0000000083000000, 0x0000000082f00000| Complete 
|  48|0x0000000083000000, 0x0000000083100000, 0x0000000083100000|100%| O|  |TAMS 0x0000000083100000, 0x0000000083000000| Untracked 
|  49|0x0000000083100000, 0x0000000083200000, 0x0000000083200000|100%| O|  |TAMS 0x0000000083200000, 0x0000000083100000| Untracked 
|  50|0x0000000083200000, 0x0000000083300000, 0x0000000083300000|100%| O|  |TAMS 0x0000000083300000, 0x0000000083200000| Untracked 
|  51|0x0000000083300000, 0x0000000083400000, 0x0000000083400000|100%| O|  |TAMS 0x0000000083400000, 0x0000000083300000| Untracked 
|  52|0x0000000083400000, 0x0000000083500000, 0x0000000083500000|100%| O|  |TAMS 0x0000000083500000, 0x0000000083400000| Untracked 
|  53|0x0000000083500000, 0x0000000083600000, 0x0000000083600000|100%| O|  |TAMS 0x0000000083600000, 0x0000000083500000| Untracked 
|  54|0x0000000083600000, 0x0000000083700000, 0x0000000083700000|100%| O|  |TAMS 0x0000000083700000, 0x0000000083600000| Untracked 
|  55|0x0000000083700000, 0x0000000083800000, 0x0000000083800000|100%| O|  |TAMS 0x0000000083800000, 0x0000000083700000| Untracked 
|  56|0x0000000083800000, 0x0000000083900000, 0x0000000083900000|100%| O|  |TAMS 0x0000000083900000, 0x0000000083800000| Untracked 
|  57|0x0000000083900000, 0x0000000083a00000, 0x0000000083a00000|100%| O|  |TAMS 0x0000000083900000, 0x0000000083900000| Untracked 
|  58|0x0000000083a00000, 0x0000000083b00000, 0x0000000083b00000|100%| O|  |TAMS 0x0000000083b00000, 0x0000000083a00000| Untracked 
|  59|0x0000000083b00000, 0x0000000083c00000, 0x0000000083c00000|100%| O|  |TAMS 0x0000000083c00000, 0x0000000083b00000| Untracked 
|  60|0x0000000083c00000, 0x0000000083d00000, 0x0000000083d00000|100%| O|  |TAMS 0x0000000083d00000, 0x0000000083c00000| Untracked 
|  61|0x0000000083d00000, 0x0000000083e00000, 0x0000000083e00000|100%| O|  |TAMS 0x0000000083dee400, 0x0000000083d00000| Untracked 
|  62|0x0000000083e00000, 0x0000000083f00000, 0x0000000083f00000|100%| O|  |TAMS 0x0000000083f00000, 0x0000000083e00000| Untracked 
|  63|0x0000000083f00000, 0x0000000084000000, 0x0000000084000000|100%| O|  |TAMS 0x0000000083f00000, 0x0000000083f00000| Untracked 
|  64|0x0000000084000000, 0x0000000084100000, 0x0000000084100000|100%| O|  |TAMS 0x0000000084100000, 0x0000000084000000| Untracked 
|  65|0x0000000084100000, 0x0000000084200000, 0x0000000084200000|100%| O|  |TAMS 0x0000000084100000, 0x0000000084100000| Untracked 
|  66|0x0000000084200000, 0x0000000084300000, 0x0000000084300000|100%| O|  |TAMS 0x0000000084200000, 0x0000000084200000| Untracked 
|  67|0x0000000084300000, 0x0000000084400000, 0x0000000084400000|100%| O|  |TAMS 0x0000000084400000, 0x0000000084300000| Untracked 
|  68|0x0000000084400000, 0x0000000084500000, 0x0000000084500000|100%| O|  |TAMS 0x0000000084400000, 0x0000000084400000| Untracked 
|  69|0x0000000084500000, 0x0000000084600000, 0x0000000084600000|100%| O|  |TAMS 0x0000000084600000, 0x0000000084500000| Untracked 
|  70|0x0000000084600000, 0x0000000084700000, 0x0000000084700000|100%| O|  |TAMS 0x0000000084600000, 0x0000000084600000| Untracked 
|  71|0x0000000084700000, 0x0000000084800000, 0x0000000084800000|100%| O|  |TAMS 0x0000000084700000, 0x0000000084700000| Untracked 
|  72|0x0000000084800000, 0x0000000084900000, 0x0000000084900000|100%| O|  |TAMS 0x0000000084900000, 0x0000000084800000| Untracked 
|  73|0x0000000084900000, 0x0000000084a00000, 0x0000000084a00000|100%| O|  |TAMS 0x0000000084900000, 0x0000000084900000| Untracked 
|  74|0x0000000084a00000, 0x0000000084b00000, 0x0000000084b00000|100%| O|  |TAMS 0x0000000084b00000, 0x0000000084a00000| Untracked 
|  75|0x0000000084b00000, 0x0000000084c00000, 0x0000000084c00000|100%| O|  |TAMS 0x0000000084b00000, 0x0000000084b00000| Untracked 
|  76|0x0000000084c00000, 0x0000000084d00000, 0x0000000084d00000|100%|HS|  |TAMS 0x0000000084d00000, 0x0000000084c00000| Complete 
|  77|0x0000000084d00000, 0x0000000084e00000, 0x0000000084e00000|100%|HS|  |TAMS 0x0000000084e00000, 0x0000000084d00000| Complete 
|  78|0x0000000084e00000, 0x0000000084f00000, 0x0000000084f00000|100%| O|  |TAMS 0x0000000084f00000, 0x0000000084e00000| Untracked 
|  79|0x0000000084f00000, 0x0000000085000000, 0x0000000085000000|100%|HS|  |TAMS 0x0000000085000000, 0x0000000084f00000| Complete 
|  80|0x0000000085000000, 0x0000000085100000, 0x0000000085100000|100%|HS|  |TAMS 0x0000000085100000, 0x0000000085000000| Complete 
|  81|0x0000000085100000, 0x0000000085200000, 0x0000000085200000|100%| O|  |TAMS 0x0000000085200000, 0x0000000085100000| Untracked 
|  82|0x0000000085200000, 0x0000000085300000, 0x0000000085300000|100%| O|  |TAMS 0x0000000085300000, 0x0000000085200000| Untracked 
|  83|0x0000000085300000, 0x0000000085400000, 0x0000000085400000|100%| O|  |TAMS 0x0000000085400000, 0x0000000085300000| Untracked 
|  84|0x0000000085400000, 0x0000000085500000, 0x0000000085500000|100%| O|  |TAMS 0x0000000085500000, 0x0000000085400000| Untracked 
|  85|0x0000000085500000, 0x0000000085600000, 0x0000000085600000|100%| O|  |TAMS 0x0000000085600000, 0x0000000085500000| Untracked 
|  86|0x0000000085600000, 0x0000000085700000, 0x0000000085700000|100%| O|  |TAMS 0x0000000085700000, 0x0000000085600000| Untracked 
|  87|0x0000000085700000, 0x0000000085800000, 0x0000000085800000|100%| O|  |TAMS 0x0000000085800000, 0x0000000085700000| Untracked 
|  88|0x0000000085800000, 0x0000000085900000, 0x0000000085900000|100%| O|  |TAMS 0x0000000085900000, 0x0000000085800000| Untracked 
|  89|0x0000000085900000, 0x0000000085a00000, 0x0000000085a00000|100%| O|  |TAMS 0x0000000085a00000, 0x0000000085900000| Untracked 
|  90|0x0000000085a00000, 0x0000000085b00000, 0x0000000085b00000|100%| O|  |TAMS 0x0000000085a00000, 0x0000000085a00000| Untracked 
|  91|0x0000000085b00000, 0x0000000085c00000, 0x0000000085c00000|100%| O|  |TAMS 0x0000000085c00000, 0x0000000085b00000| Untracked 
|  92|0x0000000085c00000, 0x0000000085d00000, 0x0000000085d00000|100%| O|  |TAMS 0x0000000085d00000, 0x0000000085c00000| Untracked 
|  93|0x0000000085d00000, 0x0000000085e00000, 0x0000000085e00000|100%| O|  |TAMS 0x0000000085e00000, 0x0000000085d00000| Untracked 
|  94|0x0000000085e00000, 0x0000000085f00000, 0x0000000085f00000|100%|HS|  |TAMS 0x0000000085f00000, 0x0000000085e00000| Complete 
|  95|0x0000000085f00000, 0x0000000086000000, 0x0000000086000000|100%|HS|  |TAMS 0x0000000086000000, 0x0000000085f00000| Complete 
|  96|0x0000000086000000, 0x0000000086100000, 0x0000000086100000|100%|HC|  |TAMS 0x0000000086100000, 0x0000000086000000| Complete 
|  97|0x0000000086100000, 0x0000000086200000, 0x0000000086200000|100%|HC|  |TAMS 0x0000000086200000, 0x0000000086100000| Complete 
|  98|0x0000000086200000, 0x0000000086300000, 0x0000000086300000|100%| O|  |TAMS 0x0000000086300000, 0x0000000086200000| Untracked 
|  99|0x0000000086300000, 0x0000000086400000, 0x0000000086400000|100%| O|  |TAMS 0x0000000086400000, 0x0000000086300000| Untracked 
| 100|0x0000000086400000, 0x0000000086500000, 0x0000000086500000|100%| O|  |TAMS 0x0000000086500000, 0x0000000086400000| Untracked 
| 101|0x0000000086500000, 0x0000000086600000, 0x0000000086600000|100%| O|  |TAMS 0x0000000086600000, 0x0000000086500000| Untracked 
| 102|0x0000000086600000, 0x0000000086700000, 0x0000000086700000|100%| O|  |TAMS 0x0000000086700000, 0x0000000086600000| Untracked 
| 103|0x0000000086700000, 0x0000000086800000, 0x0000000086800000|100%| O|  |TAMS 0x0000000086800000, 0x0000000086700000| Untracked 
| 104|0x0000000086800000, 0x0000000086900000, 0x0000000086900000|100%| O|  |TAMS 0x0000000086900000, 0x0000000086800000| Untracked 
| 105|0x0000000086900000, 0x0000000086a00000, 0x0000000086a00000|100%| O|  |TAMS 0x0000000086a00000, 0x0000000086900000| Untracked 
| 106|0x0000000086a00000, 0x0000000086b00000, 0x0000000086b00000|100%| O|  |TAMS 0x0000000086b00000, 0x0000000086a00000| Untracked 
| 107|0x0000000086b00000, 0x0000000086c00000, 0x0000000086c00000|100%| O|  |TAMS 0x0000000086c00000, 0x0000000086b00000| Untracked 
| 108|0x0000000086c00000, 0x0000000086d00000, 0x0000000086d00000|100%| O|  |TAMS 0x0000000086c00000, 0x0000000086c00000| Untracked 
| 109|0x0000000086d00000, 0x0000000086e00000, 0x0000000086e00000|100%| O|  |TAMS 0x0000000086e00000, 0x0000000086d00000| Untracked 
| 110|0x0000000086e00000, 0x0000000086f00000, 0x0000000086f00000|100%|HS|  |TAMS 0x0000000086f00000, 0x0000000086e00000| Complete 
| 111|0x0000000086f00000, 0x0000000087000000, 0x0000000087000000|100%|HS|  |TAMS 0x0000000087000000, 0x0000000086f00000| Complete 
| 112|0x0000000087000000, 0x0000000087100000, 0x0000000087100000|100%| O|  |TAMS 0x0000000087100000, 0x0000000087000000| Untracked 
| 113|0x0000000087100000, 0x0000000087200000, 0x0000000087200000|100%|HS|  |TAMS 0x0000000087200000, 0x0000000087100000| Complete 
| 114|0x0000000087200000, 0x0000000087300000, 0x0000000087300000|100%|HC|  |TAMS 0x0000000087300000, 0x0000000087200000| Complete 
| 115|0x0000000087300000, 0x0000000087400000, 0x0000000087400000|100%| O|  |TAMS 0x0000000087400000, 0x0000000087300000| Untracked 
| 116|0x0000000087400000, 0x0000000087500000, 0x0000000087500000|100%| O|  |TAMS 0x0000000087400000, 0x0000000087400000| Untracked 
| 117|0x0000000087500000, 0x0000000087600000, 0x0000000087600000|100%| O|  |TAMS 0x0000000087600000, 0x0000000087500000| Untracked 
| 118|0x0000000087600000, 0x0000000087700000, 0x0000000087700000|100%| O|  |TAMS 0x0000000087700000, 0x0000000087600000| Untracked 
| 119|0x0000000087700000, 0x0000000087800000, 0x0000000087800000|100%| O|  |TAMS 0x0000000087700000, 0x0000000087700000| Untracked 
| 120|0x0000000087800000, 0x0000000087900000, 0x0000000087900000|100%| O|  |TAMS 0x0000000087800000, 0x0000000087800000| Untracked 
| 121|0x0000000087900000, 0x0000000087a00000, 0x0000000087a00000|100%| O|  |TAMS 0x0000000087a00000, 0x0000000087900000| Untracked 
| 122|0x0000000087a00000, 0x0000000087b00000, 0x0000000087b00000|100%| O|  |TAMS 0x0000000087b00000, 0x0000000087a00000| Untracked 
| 123|0x0000000087b00000, 0x0000000087c00000, 0x0000000087c00000|100%| O|  |TAMS 0x0000000087c00000, 0x0000000087b00000| Untracked 
| 124|0x0000000087c00000, 0x0000000087d00000, 0x0000000087d00000|100%| O|  |TAMS 0x0000000087d00000, 0x0000000087c00000| Untracked 
| 125|0x0000000087d00000, 0x0000000087e00000, 0x0000000087e00000|100%| O|  |TAMS 0x0000000087d00000, 0x0000000087d00000| Untracked 
| 126|0x0000000087e00000, 0x0000000087f00000, 0x0000000087f00000|100%| O|  |TAMS 0x0000000087f00000, 0x0000000087e00000| Untracked 
| 127|0x0000000087f00000, 0x0000000088000000, 0x0000000088000000|100%| O|  |TAMS 0x0000000088000000, 0x0000000087f00000| Untracked 
| 128|0x0000000088000000, 0x0000000088100000, 0x0000000088100000|100%| O|  |TAMS 0x0000000088000000, 0x0000000088000000| Untracked 
| 129|0x0000000088100000, 0x0000000088200000, 0x0000000088200000|100%| O|  |TAMS 0x0000000088200000, 0x0000000088100000| Untracked 
| 130|0x0000000088200000, 0x0000000088300000, 0x0000000088300000|100%| O|  |TAMS 0x0000000088200000, 0x0000000088200000| Untracked 
| 131|0x0000000088300000, 0x0000000088400000, 0x0000000088400000|100%| O|  |TAMS 0x0000000088400000, 0x0000000088300000| Untracked 
| 132|0x0000000088400000, 0x0000000088500000, 0x0000000088500000|100%| O|  |TAMS 0x0000000088400000, 0x0000000088400000| Untracked 
| 133|0x0000000088500000, 0x0000000088600000, 0x0000000088600000|100%| O|  |TAMS 0x0000000088600000, 0x0000000088500000| Untracked 
| 134|0x0000000088600000, 0x0000000088700000, 0x0000000088700000|100%| O|  |TAMS 0x0000000088600000, 0x0000000088600000| Untracked 
| 135|0x0000000088700000, 0x0000000088800000, 0x0000000088800000|100%| O|  |TAMS 0x0000000088700000, 0x0000000088700000| Untracked 
| 136|0x0000000088800000, 0x0000000088900000, 0x0000000088900000|100%| O|  |TAMS 0x0000000088800000, 0x0000000088800000| Untracked 
| 137|0x0000000088900000, 0x0000000088a00000, 0x0000000088a00000|100%| O|  |TAMS 0x0000000088900000, 0x0000000088900000| Untracked 
| 138|0x0000000088a00000, 0x0000000088b00000, 0x0000000088b00000|100%| O|  |TAMS 0x0000000088a00000, 0x0000000088a00000| Untracked 
| 139|0x0000000088b00000, 0x0000000088c00000, 0x0000000088c00000|100%| O|  |TAMS 0x0000000088b00000, 0x0000000088b00000| Untracked 
| 140|0x0000000088c00000, 0x0000000088d00000, 0x0000000088d00000|100%|HS|  |TAMS 0x0000000088d00000, 0x0000000088c00000| Complete 
| 141|0x0000000088d00000, 0x0000000088e00000, 0x0000000088e00000|100%|HS|  |TAMS 0x0000000088e00000, 0x0000000088d00000| Complete 
| 142|0x0000000088e00000, 0x0000000088f00000, 0x0000000088f00000|100%|HS|  |TAMS 0x0000000088f00000, 0x0000000088e00000| Complete 
| 143|0x0000000088f00000, 0x0000000089000000, 0x0000000089000000|100%| O|  |TAMS 0x0000000089000000, 0x0000000088f00000| Untracked 
| 144|0x0000000089000000, 0x0000000089100000, 0x0000000089100000|100%| O|  |TAMS 0x0000000089000000, 0x0000000089000000| Untracked 
| 145|0x0000000089100000, 0x0000000089200000, 0x0000000089200000|100%| O|  |TAMS 0x0000000089100000, 0x0000000089100000| Untracked 
| 146|0x0000000089200000, 0x0000000089300000, 0x0000000089300000|100%| O|  |TAMS 0x0000000089200000, 0x0000000089200000| Untracked 
| 147|0x0000000089300000, 0x0000000089400000, 0x0000000089400000|100%| O|  |TAMS 0x0000000089300000, 0x0000000089300000| Untracked 
| 148|0x0000000089400000, 0x0000000089500000, 0x0000000089500000|100%| O|  |TAMS 0x0000000089500000, 0x0000000089400000| Untracked 
| 149|0x0000000089500000, 0x0000000089600000, 0x0000000089600000|100%| O|  |TAMS 0x0000000089600000, 0x0000000089500000| Untracked 
| 150|0x0000000089600000, 0x0000000089700000, 0x0000000089700000|100%| O|  |TAMS 0x0000000089700000, 0x0000000089600000| Untracked 
| 151|0x0000000089700000, 0x0000000089800000, 0x0000000089800000|100%| O|  |TAMS 0x0000000089800000, 0x0000000089700000| Untracked 
| 152|0x0000000089800000, 0x0000000089900000, 0x0000000089900000|100%| O|  |TAMS 0x0000000089800000, 0x0000000089800000| Untracked 
| 153|0x0000000089900000, 0x0000000089a00000, 0x0000000089a00000|100%| O|  |TAMS 0x0000000089900000, 0x0000000089900000| Untracked 
| 154|0x0000000089a00000, 0x0000000089b00000, 0x0000000089b00000|100%| O|  |TAMS 0x0000000089a00000, 0x0000000089a00000| Untracked 
| 155|0x0000000089b00000, 0x0000000089c00000, 0x0000000089c00000|100%| O|  |TAMS 0x0000000089c00000, 0x0000000089b00000| Untracked 
| 156|0x0000000089c00000, 0x0000000089d00000, 0x0000000089d00000|100%| O|  |TAMS 0x0000000089c00000, 0x0000000089c00000| Untracked 
| 157|0x0000000089d00000, 0x0000000089e00000, 0x0000000089e00000|100%| O|  |TAMS 0x0000000089e00000, 0x0000000089d00000| Untracked 
| 158|0x0000000089e00000, 0x0000000089f00000, 0x0000000089f00000|100%| O|  |TAMS 0x0000000089e00000, 0x0000000089e00000| Untracked 
| 159|0x0000000089f00000, 0x000000008a000000, 0x000000008a000000|100%| O|  |TAMS 0x000000008a000000, 0x0000000089f00000| Untracked 
| 160|0x000000008a000000, 0x000000008a100000, 0x000000008a100000|100%| O|  |TAMS 0x000000008a000000, 0x000000008a000000| Untracked 
| 161|0x000000008a100000, 0x000000008a200000, 0x000000008a200000|100%| O|  |TAMS 0x000000008a100000, 0x000000008a100000| Untracked 
| 162|0x000000008a200000, 0x000000008a300000, 0x000000008a300000|100%| O|  |TAMS 0x000000008a300000, 0x000000008a200000| Untracked 
| 163|0x000000008a300000, 0x000000008a400000, 0x000000008a400000|100%| O|  |TAMS 0x000000008a400000, 0x000000008a300000| Untracked 
| 164|0x000000008a400000, 0x000000008a500000, 0x000000008a500000|100%| O|  |TAMS 0x000000008a500000, 0x000000008a400000| Untracked 
| 165|0x000000008a500000, 0x000000008a600000, 0x000000008a600000|100%| O|  |TAMS 0x000000008a600000, 0x000000008a500000| Untracked 
| 166|0x000000008a600000, 0x000000008a700000, 0x000000008a700000|100%| O|  |TAMS 0x000000008a700000, 0x000000008a600000| Untracked 
| 167|0x000000008a700000, 0x000000008a800000, 0x000000008a800000|100%| O|  |TAMS 0x000000008a700000, 0x000000008a700000| Untracked 
| 168|0x000000008a800000, 0x000000008a900000, 0x000000008a900000|100%| O|  |TAMS 0x000000008a900000, 0x000000008a800000| Untracked 
| 169|0x000000008a900000, 0x000000008aa00000, 0x000000008aa00000|100%| O|  |TAMS 0x000000008a900000, 0x000000008a900000| Untracked 
| 170|0x000000008aa00000, 0x000000008ab00000, 0x000000008ab00000|100%| O|  |TAMS 0x000000008aa00000, 0x000000008aa00000| Untracked 
| 171|0x000000008ab00000, 0x000000008ac00000, 0x000000008ac00000|100%|HS|  |TAMS 0x000000008ab00000, 0x000000008ab00000| Complete 
| 172|0x000000008ac00000, 0x000000008ad00000, 0x000000008ad00000|100%|HC|  |TAMS 0x000000008ac00000, 0x000000008ac00000| Complete 
| 173|0x000000008ad00000, 0x000000008ae00000, 0x000000008ae00000|100%| O|  |TAMS 0x000000008ad00000, 0x000000008ad00000| Untracked 
| 174|0x000000008ae00000, 0x000000008af00000, 0x000000008af00000|100%| O|  |TAMS 0x000000008af00000, 0x000000008ae00000| Untracked 
| 175|0x000000008af00000, 0x000000008b000000, 0x000000008b000000|100%| O|  |TAMS 0x000000008b000000, 0x000000008af00000| Untracked 
| 176|0x000000008b000000, 0x000000008b100000, 0x000000008b100000|100%| O|  |TAMS 0x000000008b100000, 0x000000008b000000| Untracked 
| 177|0x000000008b100000, 0x000000008b200000, 0x000000008b200000|100%| O|  |TAMS 0x000000008b200000, 0x000000008b100000| Untracked 
| 178|0x000000008b200000, 0x000000008b300000, 0x000000008b300000|100%| O|  |TAMS 0x000000008b300000, 0x000000008b200000| Untracked 
| 179|0x000000008b300000, 0x000000008b400000, 0x000000008b400000|100%| O|  |TAMS 0x000000008b400000, 0x000000008b300000| Untracked 
| 180|0x000000008b400000, 0x000000008b500000, 0x000000008b500000|100%| O|  |TAMS 0x000000008b500000, 0x000000008b400000| Untracked 
| 181|0x000000008b500000, 0x000000008b600000, 0x000000008b600000|100%| O|  |TAMS 0x000000008b600000, 0x000000008b500000| Untracked 
| 182|0x000000008b600000, 0x000000008b700000, 0x000000008b700000|100%| O|  |TAMS 0x000000008b700000, 0x000000008b600000| Untracked 
| 183|0x000000008b700000, 0x000000008b800000, 0x000000008b800000|100%| O|  |TAMS 0x000000008b800000, 0x000000008b700000| Untracked 
| 184|0x000000008b800000, 0x000000008b900000, 0x000000008b900000|100%| O|  |TAMS 0x000000008b900000, 0x000000008b800000| Untracked 
| 185|0x000000008b900000, 0x000000008ba00000, 0x000000008ba00000|100%| O|  |TAMS 0x000000008ba00000, 0x000000008b900000| Untracked 
| 186|0x000000008ba00000, 0x000000008bb00000, 0x000000008bb00000|100%| O|  |TAMS 0x000000008bb00000, 0x000000008ba00000| Untracked 
| 187|0x000000008bb00000, 0x000000008bc00000, 0x000000008bc00000|100%| O|  |TAMS 0x000000008bb00000, 0x000000008bb00000| Untracked 
| 188|0x000000008bc00000, 0x000000008bd00000, 0x000000008bd00000|100%| O|  |TAMS 0x000000008bd00000, 0x000000008bc00000| Untracked 
| 189|0x000000008bd00000, 0x000000008be00000, 0x000000008be00000|100%| O|  |TAMS 0x000000008be00000, 0x000000008bd00000| Untracked 
| 190|0x000000008be00000, 0x000000008bf00000, 0x000000008bf00000|100%| O|  |TAMS 0x000000008be00000, 0x000000008be00000| Untracked 
| 191|0x000000008bf00000, 0x000000008c000000, 0x000000008c000000|100%| O|  |TAMS 0x000000008c000000, 0x000000008bf00000| Untracked 
| 192|0x000000008c000000, 0x000000008c100000, 0x000000008c100000|100%| O|  |TAMS 0x000000008c100000, 0x000000008c000000| Untracked 
| 193|0x000000008c100000, 0x000000008c200000, 0x000000008c200000|100%| O|  |TAMS 0x000000008c200000, 0x000000008c100000| Untracked 
| 194|0x000000008c200000, 0x000000008c300000, 0x000000008c300000|100%| O|  |TAMS 0x000000008c300000, 0x000000008c200000| Untracked 
| 195|0x000000008c300000, 0x000000008c400000, 0x000000008c400000|100%| O|  |TAMS 0x000000008c400000, 0x000000008c300000| Untracked 
| 196|0x000000008c400000, 0x000000008c500000, 0x000000008c500000|100%| O|  |TAMS 0x000000008c500000, 0x000000008c400000| Untracked 
| 197|0x000000008c500000, 0x000000008c600000, 0x000000008c600000|100%| O|  |TAMS 0x000000008c500000, 0x000000008c500000| Untracked 
| 198|0x000000008c600000, 0x000000008c700000, 0x000000008c700000|100%| O|  |TAMS 0x000000008c700000, 0x000000008c600000| Untracked 
| 199|0x000000008c700000, 0x000000008c800000, 0x000000008c800000|100%| O|  |TAMS 0x000000008c800000, 0x000000008c700000| Untracked 
| 200|0x000000008c800000, 0x000000008c900000, 0x000000008c900000|100%| O|  |TAMS 0x000000008c900000, 0x000000008c800000| Untracked 
| 201|0x000000008c900000, 0x000000008ca00000, 0x000000008ca00000|100%| O|  |TAMS 0x000000008ca00000, 0x000000008c900000| Untracked 
| 202|0x000000008ca00000, 0x000000008cb00000, 0x000000008cb00000|100%| O|  |TAMS 0x000000008cb00000, 0x000000008ca00000| Untracked 
| 203|0x000000008cb00000, 0x000000008cc00000, 0x000000008cc00000|100%| O|  |TAMS 0x000000008cc00000, 0x000000008cb00000| Untracked 
| 204|0x000000008cc00000, 0x000000008cd00000, 0x000000008cd00000|100%| O|  |TAMS 0x000000008cd00000, 0x000000008cc00000| Untracked 
| 205|0x000000008cd00000, 0x000000008ce00000, 0x000000008ce00000|100%| O|  |TAMS 0x000000008ce00000, 0x000000008cd00000| Untracked 
| 206|0x000000008ce00000, 0x000000008cf00000, 0x000000008cf00000|100%| O|  |TAMS 0x000000008cf00000, 0x000000008ce00000| Untracked 
| 207|0x000000008cf00000, 0x000000008d000000, 0x000000008d000000|100%| O|  |TAMS 0x000000008d000000, 0x000000008cf00000| Untracked 
| 208|0x000000008d000000, 0x000000008d100000, 0x000000008d100000|100%| O|  |TAMS 0x000000008d100000, 0x000000008d000000| Untracked 
| 209|0x000000008d100000, 0x000000008d200000, 0x000000008d200000|100%| O|  |TAMS 0x000000008d200000, 0x000000008d100000| Untracked 
| 210|0x000000008d200000, 0x000000008d300000, 0x000000008d300000|100%| O|  |TAMS 0x000000008d300000, 0x000000008d200000| Untracked 
| 211|0x000000008d300000, 0x000000008d400000, 0x000000008d400000|100%| O|  |TAMS 0x000000008d400000, 0x000000008d300000| Untracked 
| 212|0x000000008d400000, 0x000000008d500000, 0x000000008d500000|100%| O|  |TAMS 0x000000008d500000, 0x000000008d400000| Untracked 
| 213|0x000000008d500000, 0x000000008d600000, 0x000000008d600000|100%| O|  |TAMS 0x000000008d600000, 0x000000008d500000| Untracked 
| 214|0x000000008d600000, 0x000000008d700000, 0x000000008d700000|100%| O|  |TAMS 0x000000008d700000, 0x000000008d600000| Untracked 
| 215|0x000000008d700000, 0x000000008d800000, 0x000000008d800000|100%| O|  |TAMS 0x000000008d800000, 0x000000008d700000| Untracked 
| 216|0x000000008d800000, 0x000000008d900000, 0x000000008d900000|100%| O|  |TAMS 0x000000008d900000, 0x000000008d800000| Untracked 
| 217|0x000000008d900000, 0x000000008da00000, 0x000000008da00000|100%| O|  |TAMS 0x000000008d900000, 0x000000008d900000| Untracked 
| 218|0x000000008da00000, 0x000000008db00000, 0x000000008db00000|100%| O|  |TAMS 0x000000008da00000, 0x000000008da00000| Untracked 
| 219|0x000000008db00000, 0x000000008dc00000, 0x000000008dc00000|100%| O|  |TAMS 0x000000008db00000, 0x000000008db00000| Untracked 
| 220|0x000000008dc00000, 0x000000008dd00000, 0x000000008dd00000|100%| O|  |TAMS 0x000000008dc00000, 0x000000008dc00000| Untracked 
| 221|0x000000008dd00000, 0x000000008de00000, 0x000000008de00000|100%| O|  |TAMS 0x000000008dd00000, 0x000000008dd00000| Untracked 
| 222|0x000000008de00000, 0x000000008df00000, 0x000000008df00000|100%| O|  |TAMS 0x000000008de00000, 0x000000008de00000| Untracked 
| 223|0x000000008df00000, 0x000000008e000000, 0x000000008e000000|100%| O|  |TAMS 0x000000008df00000, 0x000000008df00000| Untracked 
| 224|0x000000008e000000, 0x000000008e100000, 0x000000008e100000|100%| O|  |TAMS 0x000000008e000000, 0x000000008e000000| Untracked 
| 225|0x000000008e100000, 0x000000008e200000, 0x000000008e200000|100%| O|  |TAMS 0x000000008e100000, 0x000000008e100000| Untracked 
| 226|0x000000008e200000, 0x000000008e300000, 0x000000008e300000|100%| O|  |TAMS 0x000000008e200000, 0x000000008e200000| Untracked 
| 227|0x000000008e300000, 0x000000008e400000, 0x000000008e400000|100%| O|  |TAMS 0x000000008e300000, 0x000000008e300000| Untracked 
| 228|0x000000008e400000, 0x000000008e500000, 0x000000008e500000|100%| O|  |TAMS 0x000000008e400000, 0x000000008e400000| Untracked 
| 229|0x000000008e500000, 0x000000008e600000, 0x000000008e600000|100%| O|  |TAMS 0x000000008e500000, 0x000000008e500000| Untracked 
| 230|0x000000008e600000, 0x000000008e700000, 0x000000008e700000|100%| O|  |TAMS 0x000000008e600000, 0x000000008e600000| Untracked 
| 231|0x000000008e700000, 0x000000008e800000, 0x000000008e800000|100%| O|  |TAMS 0x000000008e700000, 0x000000008e700000| Untracked 
| 232|0x000000008e800000, 0x000000008e900000, 0x000000008e900000|100%| O|  |TAMS 0x000000008e800000, 0x000000008e800000| Untracked 
| 233|0x000000008e900000, 0x000000008ea00000, 0x000000008ea00000|100%| O|  |TAMS 0x000000008e900000, 0x000000008e900000| Untracked 
| 234|0x000000008ea00000, 0x000000008eb00000, 0x000000008eb00000|100%|HS|  |TAMS 0x000000008ea00000, 0x000000008ea00000| Complete 
| 235|0x000000008eb00000, 0x000000008ec00000, 0x000000008ec00000|100%|HC|  |TAMS 0x000000008eb00000, 0x000000008eb00000| Complete 
| 236|0x000000008ec00000, 0x000000008ed00000, 0x000000008ed00000|100%|HC|  |TAMS 0x000000008ec00000, 0x000000008ec00000| Complete 
| 237|0x000000008ed00000, 0x000000008ee00000, 0x000000008ee00000|100%| O|  |TAMS 0x000000008ed00000, 0x000000008ed00000| Untracked 
| 238|0x000000008ee00000, 0x000000008ef00000, 0x000000008ef00000|100%| O|  |TAMS 0x000000008ee00000, 0x000000008ee00000| Untracked 
| 239|0x000000008ef00000, 0x000000008f000000, 0x000000008f000000|100%| O|  |TAMS 0x000000008ef00000, 0x000000008ef00000| Untracked 
| 240|0x000000008f000000, 0x000000008f100000, 0x000000008f100000|100%| O|  |TAMS 0x000000008f000000, 0x000000008f000000| Untracked 
| 241|0x000000008f100000, 0x000000008f134800, 0x000000008f200000| 20%| O|  |TAMS 0x000000008f100000, 0x000000008f100000| Untracked 
| 242|0x000000008f200000, 0x000000008f200000, 0x000000008f300000|  0%| F|  |TAMS 0x000000008f200000, 0x000000008f200000| Untracked 
| 243|0x000000008f300000, 0x000000008f300000, 0x000000008f400000|  0%| F|  |TAMS 0x000000008f300000, 0x000000008f300000| Untracked 
| 244|0x000000008f400000, 0x000000008f400000, 0x000000008f500000|  0%| F|  |TAMS 0x000000008f400000, 0x000000008f400000| Untracked 
| 245|0x000000008f500000, 0x000000008f500000, 0x000000008f600000|  0%| F|  |TAMS 0x000000008f500000, 0x000000008f500000| Untracked 
| 246|0x000000008f600000, 0x000000008f600000, 0x000000008f700000|  0%| F|  |TAMS 0x000000008f600000, 0x000000008f600000| Untracked 
| 247|0x000000008f700000, 0x000000008f700000, 0x000000008f800000|  0%| F|  |TAMS 0x000000008f700000, 0x000000008f700000| Untracked 
| 248|0x000000008f800000, 0x000000008f800000, 0x000000008f900000|  0%| F|  |TAMS 0x000000008f800000, 0x000000008f800000| Untracked 
| 249|0x000000008f900000, 0x000000008f900000, 0x000000008fa00000|  0%| F|  |TAMS 0x000000008f900000, 0x000000008f900000| Untracked 
| 250|0x000000008fa00000, 0x000000008fa00000, 0x000000008fb00000|  0%| F|  |TAMS 0x000000008fa00000, 0x000000008fa00000| Untracked 
| 251|0x000000008fb00000, 0x000000008fb00000, 0x000000008fc00000|  0%| F|  |TAMS 0x000000008fb00000, 0x000000008fb00000| Untracked 
| 252|0x000000008fc00000, 0x000000008fc00000, 0x000000008fd00000|  0%| F|  |TAMS 0x000000008fc00000, 0x000000008fc00000| Untracked 
| 253|0x000000008fd00000, 0x000000008fd00000, 0x000000008fe00000|  0%| F|  |TAMS 0x000000008fd00000, 0x000000008fd00000| Untracked 
| 254|0x000000008fe00000, 0x000000008fe00000, 0x000000008ff00000|  0%| F|  |TAMS 0x000000008fe00000, 0x000000008fe00000| Untracked 
| 255|0x000000008ff00000, 0x000000008ff00000, 0x0000000090000000|  0%| F|  |TAMS 0x000000008ff00000, 0x000000008ff00000| Untracked 
| 256|0x0000000090000000, 0x0000000090000000, 0x0000000090100000|  0%| F|  |TAMS 0x0000000090000000, 0x0000000090000000| Untracked 
| 257|0x0000000090100000, 0x0000000090100000, 0x0000000090200000|  0%| F|  |TAMS 0x0000000090100000, 0x0000000090100000| Untracked 
| 258|0x0000000090200000, 0x0000000090200000, 0x0000000090300000|  0%| F|  |TAMS 0x0000000090200000, 0x0000000090200000| Untracked 
| 259|0x0000000090300000, 0x0000000090300000, 0x0000000090400000|  0%| F|  |TAMS 0x0000000090300000, 0x0000000090300000| Untracked 
| 260|0x0000000090400000, 0x0000000090400000, 0x0000000090500000|  0%| F|  |TAMS 0x0000000090400000, 0x0000000090400000| Untracked 
| 261|0x0000000090500000, 0x0000000090500000, 0x0000000090600000|  0%| F|  |TAMS 0x0000000090500000, 0x0000000090500000| Untracked 
| 262|0x0000000090600000, 0x0000000090600000, 0x0000000090700000|  0%| F|  |TAMS 0x0000000090600000, 0x0000000090600000| Untracked 
| 263|0x0000000090700000, 0x0000000090700000, 0x0000000090800000|  0%| F|  |TAMS 0x0000000090700000, 0x0000000090700000| Untracked 
| 264|0x0000000090800000, 0x0000000090800000, 0x0000000090900000|  0%| F|  |TAMS 0x0000000090800000, 0x0000000090800000| Untracked 
| 265|0x0000000090900000, 0x0000000090900000, 0x0000000090a00000|  0%| F|  |TAMS 0x0000000090900000, 0x0000000090900000| Untracked 
| 266|0x0000000090a00000, 0x0000000090a00000, 0x0000000090b00000|  0%| F|  |TAMS 0x0000000090a00000, 0x0000000090a00000| Untracked 
| 267|0x0000000090b00000, 0x0000000090b00000, 0x0000000090c00000|  0%| F|  |TAMS 0x0000000090b00000, 0x0000000090b00000| Untracked 
| 268|0x0000000090c00000, 0x0000000090c00000, 0x0000000090d00000|  0%| F|  |TAMS 0x0000000090c00000, 0x0000000090c00000| Untracked 
| 269|0x0000000090d00000, 0x0000000090d00000, 0x0000000090e00000|  0%| F|  |TAMS 0x0000000090d00000, 0x0000000090d00000| Untracked 
| 270|0x0000000090e00000, 0x0000000090e00000, 0x0000000090f00000|  0%| F|  |TAMS 0x0000000090e00000, 0x0000000090e00000| Untracked 
| 271|0x0000000090f00000, 0x0000000090f00000, 0x0000000091000000|  0%| F|  |TAMS 0x0000000090f00000, 0x0000000090f00000| Untracked 
| 272|0x0000000091000000, 0x0000000091000000, 0x0000000091100000|  0%| F|  |TAMS 0x0000000091000000, 0x0000000091000000| Untracked 
| 273|0x0000000091100000, 0x0000000091100000, 0x0000000091200000|  0%| F|  |TAMS 0x0000000091100000, 0x0000000091100000| Untracked 
| 274|0x0000000091200000, 0x0000000091200000, 0x0000000091300000|  0%| F|  |TAMS 0x0000000091200000, 0x0000000091200000| Untracked 
| 275|0x0000000091300000, 0x0000000091300000, 0x0000000091400000|  0%| F|  |TAMS 0x0000000091300000, 0x0000000091300000| Untracked 
| 276|0x0000000091400000, 0x0000000091400000, 0x0000000091500000|  0%| F|  |TAMS 0x0000000091400000, 0x0000000091400000| Untracked 
| 277|0x0000000091500000, 0x0000000091500000, 0x0000000091600000|  0%| F|  |TAMS 0x0000000091500000, 0x0000000091500000| Untracked 
| 278|0x0000000091600000, 0x0000000091600000, 0x0000000091700000|  0%| F|  |TAMS 0x0000000091600000, 0x0000000091600000| Untracked 
| 279|0x0000000091700000, 0x0000000091700000, 0x0000000091800000|  0%| F|  |TAMS 0x0000000091700000, 0x0000000091700000| Untracked 
| 280|0x0000000091800000, 0x0000000091800000, 0x0000000091900000|  0%| F|  |TAMS 0x0000000091800000, 0x0000000091800000| Untracked 
| 281|0x0000000091900000, 0x0000000091900000, 0x0000000091a00000|  0%| F|  |TAMS 0x0000000091900000, 0x0000000091900000| Untracked 
| 282|0x0000000091a00000, 0x0000000091a00000, 0x0000000091b00000|  0%| F|  |TAMS 0x0000000091a00000, 0x0000000091a00000| Untracked 
| 283|0x0000000091b00000, 0x0000000091b00000, 0x0000000091c00000|  0%| F|  |TAMS 0x0000000091b00000, 0x0000000091b00000| Untracked 
| 284|0x0000000091c00000, 0x0000000091c00000, 0x0000000091d00000|  0%| F|  |TAMS 0x0000000091c00000, 0x0000000091c00000| Untracked 
| 285|0x0000000091d00000, 0x0000000091d00000, 0x0000000091e00000|  0%| F|  |TAMS 0x0000000091d00000, 0x0000000091d00000| Untracked 
| 286|0x0000000091e00000, 0x0000000091e00000, 0x0000000091f00000|  0%| F|  |TAMS 0x0000000091e00000, 0x0000000091e00000| Untracked 
| 287|0x0000000091f00000, 0x0000000091f00000, 0x0000000092000000|  0%| F|  |TAMS 0x0000000091f00000, 0x0000000091f00000| Untracked 
| 288|0x0000000092000000, 0x0000000092000000, 0x0000000092100000|  0%| F|  |TAMS 0x0000000092000000, 0x0000000092000000| Untracked 
| 289|0x0000000092100000, 0x0000000092100000, 0x0000000092200000|  0%| F|  |TAMS 0x0000000092100000, 0x0000000092100000| Untracked 
| 290|0x0000000092200000, 0x0000000092200000, 0x0000000092300000|  0%| F|  |TAMS 0x0000000092200000, 0x0000000092200000| Untracked 
| 291|0x0000000092300000, 0x0000000092300000, 0x0000000092400000|  0%| F|  |TAMS 0x0000000092300000, 0x0000000092300000| Untracked 
| 292|0x0000000092400000, 0x0000000092400000, 0x0000000092500000|  0%| F|  |TAMS 0x0000000092400000, 0x0000000092400000| Untracked 
| 293|0x0000000092500000, 0x0000000092500000, 0x0000000092600000|  0%| F|  |TAMS 0x0000000092500000, 0x0000000092500000| Untracked 
| 294|0x0000000092600000, 0x0000000092600000, 0x0000000092700000|  0%| F|  |TAMS 0x0000000092600000, 0x0000000092600000| Untracked 
| 295|0x0000000092700000, 0x0000000092700000, 0x0000000092800000|  0%| F|  |TAMS 0x0000000092700000, 0x0000000092700000| Untracked 
| 296|0x0000000092800000, 0x0000000092800000, 0x0000000092900000|  0%| F|  |TAMS 0x0000000092800000, 0x0000000092800000| Untracked 
| 297|0x0000000092900000, 0x0000000092900000, 0x0000000092a00000|  0%| F|  |TAMS 0x0000000092900000, 0x0000000092900000| Untracked 
| 298|0x0000000092a00000, 0x0000000092a00000, 0x0000000092b00000|  0%| F|  |TAMS 0x0000000092a00000, 0x0000000092a00000| Untracked 
| 299|0x0000000092b00000, 0x0000000092b00000, 0x0000000092c00000|  0%| F|  |TAMS 0x0000000092b00000, 0x0000000092b00000| Untracked 
| 300|0x0000000092c00000, 0x0000000092c00000, 0x0000000092d00000|  0%| F|  |TAMS 0x0000000092c00000, 0x0000000092c00000| Untracked 
| 301|0x0000000092d00000, 0x0000000092d00000, 0x0000000092e00000|  0%| F|  |TAMS 0x0000000092d00000, 0x0000000092d00000| Untracked 
| 302|0x0000000092e00000, 0x0000000092e00000, 0x0000000092f00000|  0%| F|  |TAMS 0x0000000092e00000, 0x0000000092e00000| Untracked 
| 303|0x0000000092f00000, 0x0000000092f00000, 0x0000000093000000|  0%| F|  |TAMS 0x0000000092f00000, 0x0000000092f00000| Untracked 
| 304|0x0000000093000000, 0x0000000093000000, 0x0000000093100000|  0%| F|  |TAMS 0x0000000093000000, 0x0000000093000000| Untracked 
| 305|0x0000000093100000, 0x0000000093100000, 0x0000000093200000|  0%| F|  |TAMS 0x0000000093100000, 0x0000000093100000| Untracked 
| 306|0x0000000093200000, 0x0000000093200000, 0x0000000093300000|  0%| F|  |TAMS 0x0000000093200000, 0x0000000093200000| Untracked 
| 307|0x0000000093300000, 0x0000000093300000, 0x0000000093400000|  0%| F|  |TAMS 0x0000000093300000, 0x0000000093300000| Untracked 
| 308|0x0000000093400000, 0x0000000093400000, 0x0000000093500000|  0%| F|  |TAMS 0x0000000093400000, 0x0000000093400000| Untracked 
| 309|0x0000000093500000, 0x0000000093500000, 0x0000000093600000|  0%| F|  |TAMS 0x0000000093500000, 0x0000000093500000| Untracked 
| 310|0x0000000093600000, 0x0000000093600000, 0x0000000093700000|  0%| F|  |TAMS 0x0000000093600000, 0x0000000093600000| Untracked 
| 311|0x0000000093700000, 0x0000000093700000, 0x0000000093800000|  0%| F|  |TAMS 0x0000000093700000, 0x0000000093700000| Untracked 
| 312|0x0000000093800000, 0x0000000093800000, 0x0000000093900000|  0%| F|  |TAMS 0x0000000093800000, 0x0000000093800000| Untracked 
| 313|0x0000000093900000, 0x00000000939d7a78, 0x0000000093a00000| 84%| S|CS|TAMS 0x0000000093900000, 0x0000000093900000| Complete 
| 314|0x0000000093a00000, 0x0000000093b00000, 0x0000000093b00000|100%| S|CS|TAMS 0x0000000093a00000, 0x0000000093a00000| Complete 
| 315|0x0000000093b00000, 0x0000000093c00000, 0x0000000093c00000|100%| S|CS|TAMS 0x0000000093b00000, 0x0000000093b00000| Complete 
| 316|0x0000000093c00000, 0x0000000093d00000, 0x0000000093d00000|100%| S|CS|TAMS 0x0000000093c00000, 0x0000000093c00000| Complete 
| 317|0x0000000093d00000, 0x0000000093e00000, 0x0000000093e00000|100%| S|CS|TAMS 0x0000000093d00000, 0x0000000093d00000| Complete 
| 318|0x0000000093e00000, 0x0000000093f00000, 0x0000000093f00000|100%| S|CS|TAMS 0x0000000093e00000, 0x0000000093e00000| Complete 
| 319|0x0000000093f00000, 0x0000000094000000, 0x0000000094000000|100%| S|CS|TAMS 0x0000000093f00000, 0x0000000093f00000| Complete 
| 320|0x0000000094000000, 0x0000000094100000, 0x0000000094100000|100%| S|CS|TAMS 0x0000000094000000, 0x0000000094000000| Complete 
| 321|0x0000000094100000, 0x0000000094200000, 0x0000000094200000|100%| S|CS|TAMS 0x0000000094100000, 0x0000000094100000| Complete 
| 322|0x0000000094200000, 0x0000000094300000, 0x0000000094300000|100%| S|CS|TAMS 0x0000000094200000, 0x0000000094200000| Complete 
| 323|0x0000000094300000, 0x0000000094400000, 0x0000000094400000|100%| S|CS|TAMS 0x0000000094300000, 0x0000000094300000| Complete 
| 324|0x0000000094400000, 0x0000000094500000, 0x0000000094500000|100%| S|CS|TAMS 0x0000000094400000, 0x0000000094400000| Complete 
| 325|0x0000000094500000, 0x0000000094600000, 0x0000000094600000|100%| S|CS|TAMS 0x0000000094500000, 0x0000000094500000| Complete 
| 326|0x0000000094600000, 0x0000000094600000, 0x0000000094700000|  0%| F|  |TAMS 0x0000000094600000, 0x0000000094600000| Untracked 
| 327|0x0000000094700000, 0x0000000094700000, 0x0000000094800000|  0%| F|  |TAMS 0x0000000094700000, 0x0000000094700000| Untracked 
| 328|0x0000000094800000, 0x0000000094800000, 0x0000000094900000|  0%| F|  |TAMS 0x0000000094800000, 0x0000000094800000| Untracked 
| 329|0x0000000094900000, 0x0000000094900000, 0x0000000094a00000|  0%| F|  |TAMS 0x0000000094900000, 0x0000000094900000| Untracked 
| 330|0x0000000094a00000, 0x0000000094a00000, 0x0000000094b00000|  0%| F|  |TAMS 0x0000000094a00000, 0x0000000094a00000| Untracked 
| 331|0x0000000094b00000, 0x0000000094b00000, 0x0000000094c00000|  0%| F|  |TAMS 0x0000000094b00000, 0x0000000094b00000| Untracked 
| 332|0x0000000094c00000, 0x0000000094c00000, 0x0000000094d00000|  0%| F|  |TAMS 0x0000000094c00000, 0x0000000094c00000| Untracked 
| 333|0x0000000094d00000, 0x0000000094d00000, 0x0000000094e00000|  0%| F|  |TAMS 0x0000000094d00000, 0x0000000094d00000| Untracked 
| 334|0x0000000094e00000, 0x0000000094e00000, 0x0000000094f00000|  0%| F|  |TAMS 0x0000000094e00000, 0x0000000094e00000| Untracked 
| 335|0x0000000094f00000, 0x0000000094f00000, 0x0000000095000000|  0%| F|  |TAMS 0x0000000094f00000, 0x0000000094f00000| Untracked 
| 336|0x0000000095000000, 0x0000000095000000, 0x0000000095100000|  0%| F|  |TAMS 0x0000000095000000, 0x0000000095000000| Untracked 
| 337|0x0000000095100000, 0x0000000095100000, 0x0000000095200000|  0%| F|  |TAMS 0x0000000095100000, 0x0000000095100000| Untracked 
| 338|0x0000000095200000, 0x0000000095200000, 0x0000000095300000|  0%| F|  |TAMS 0x0000000095200000, 0x0000000095200000| Untracked 
| 339|0x0000000095300000, 0x0000000095300000, 0x0000000095400000|  0%| F|  |TAMS 0x0000000095300000, 0x0000000095300000| Untracked 
| 340|0x0000000095400000, 0x0000000095400000, 0x0000000095500000|  0%| F|  |TAMS 0x0000000095400000, 0x0000000095400000| Untracked 
| 341|0x0000000095500000, 0x0000000095500000, 0x0000000095600000|  0%| F|  |TAMS 0x0000000095500000, 0x0000000095500000| Untracked 
| 342|0x0000000095600000, 0x0000000095600000, 0x0000000095700000|  0%| F|  |TAMS 0x0000000095600000, 0x0000000095600000| Untracked 
| 343|0x0000000095700000, 0x0000000095700000, 0x0000000095800000|  0%| F|  |TAMS 0x0000000095700000, 0x0000000095700000| Untracked 
| 344|0x0000000095800000, 0x0000000095800000, 0x0000000095900000|  0%| F|  |TAMS 0x0000000095800000, 0x0000000095800000| Untracked 
| 345|0x0000000095900000, 0x0000000095900000, 0x0000000095a00000|  0%| F|  |TAMS 0x0000000095900000, 0x0000000095900000| Untracked 
| 346|0x0000000095a00000, 0x0000000095a00000, 0x0000000095b00000|  0%| F|  |TAMS 0x0000000095a00000, 0x0000000095a00000| Untracked 
| 347|0x0000000095b00000, 0x0000000095b00000, 0x0000000095c00000|  0%| F|  |TAMS 0x0000000095b00000, 0x0000000095b00000| Untracked 
| 348|0x0000000095c00000, 0x0000000095c00000, 0x0000000095d00000|  0%| F|  |TAMS 0x0000000095c00000, 0x0000000095c00000| Untracked 
| 349|0x0000000095d00000, 0x0000000095d00000, 0x0000000095e00000|  0%| F|  |TAMS 0x0000000095d00000, 0x0000000095d00000| Untracked 
| 350|0x0000000095e00000, 0x0000000095e00000, 0x0000000095f00000|  0%| F|  |TAMS 0x0000000095e00000, 0x0000000095e00000| Untracked 
| 351|0x0000000095f00000, 0x0000000095f00000, 0x0000000096000000|  0%| F|  |TAMS 0x0000000095f00000, 0x0000000095f00000| Untracked 
| 352|0x0000000096000000, 0x0000000096000000, 0x0000000096100000|  0%| F|  |TAMS 0x0000000096000000, 0x0000000096000000| Untracked 
| 353|0x0000000096100000, 0x0000000096100000, 0x0000000096200000|  0%| F|  |TAMS 0x0000000096100000, 0x0000000096100000| Untracked 
| 354|0x0000000096200000, 0x0000000096200000, 0x0000000096300000|  0%| F|  |TAMS 0x0000000096200000, 0x0000000096200000| Untracked 
| 355|0x0000000096300000, 0x0000000096300000, 0x0000000096400000|  0%| F|  |TAMS 0x0000000096300000, 0x0000000096300000| Untracked 
| 356|0x0000000096400000, 0x0000000096400000, 0x0000000096500000|  0%| F|  |TAMS 0x0000000096400000, 0x0000000096400000| Untracked 
| 357|0x0000000096500000, 0x0000000096500000, 0x0000000096600000|  0%| F|  |TAMS 0x0000000096500000, 0x0000000096500000| Untracked 
| 358|0x0000000096600000, 0x0000000096600000, 0x0000000096700000|  0%| F|  |TAMS 0x0000000096600000, 0x0000000096600000| Untracked 
| 359|0x0000000096700000, 0x0000000096700000, 0x0000000096800000|  0%| F|  |TAMS 0x0000000096700000, 0x0000000096700000| Untracked 
| 360|0x0000000096800000, 0x0000000096800000, 0x0000000096900000|  0%| F|  |TAMS 0x0000000096800000, 0x0000000096800000| Untracked 
| 361|0x0000000096900000, 0x0000000096900000, 0x0000000096a00000|  0%| F|  |TAMS 0x0000000096900000, 0x0000000096900000| Untracked 
| 362|0x0000000096a00000, 0x0000000096a00000, 0x0000000096b00000|  0%| F|  |TAMS 0x0000000096a00000, 0x0000000096a00000| Untracked 
| 363|0x0000000096b00000, 0x0000000096b00000, 0x0000000096c00000|  0%| F|  |TAMS 0x0000000096b00000, 0x0000000096b00000| Untracked 
| 364|0x0000000096c00000, 0x0000000096c00000, 0x0000000096d00000|  0%| F|  |TAMS 0x0000000096c00000, 0x0000000096c00000| Untracked 
| 365|0x0000000096d00000, 0x0000000096d00000, 0x0000000096e00000|  0%| F|  |TAMS 0x0000000096d00000, 0x0000000096d00000| Untracked 
| 366|0x0000000096e00000, 0x0000000096e00000, 0x0000000096f00000|  0%| F|  |TAMS 0x0000000096e00000, 0x0000000096e00000| Untracked 
| 367|0x0000000096f00000, 0x0000000096f00000, 0x0000000097000000|  0%| F|  |TAMS 0x0000000096f00000, 0x0000000096f00000| Untracked 
| 368|0x0000000097000000, 0x0000000097000000, 0x0000000097100000|  0%| F|  |TAMS 0x0000000097000000, 0x0000000097000000| Untracked 
| 369|0x0000000097100000, 0x0000000097100000, 0x0000000097200000|  0%| F|  |TAMS 0x0000000097100000, 0x0000000097100000| Untracked 
| 370|0x0000000097200000, 0x0000000097200000, 0x0000000097300000|  0%| F|  |TAMS 0x0000000097200000, 0x0000000097200000| Untracked 
| 371|0x0000000097300000, 0x0000000097300000, 0x0000000097400000|  0%| F|  |TAMS 0x0000000097300000, 0x0000000097300000| Untracked 
| 372|0x0000000097400000, 0x0000000097400000, 0x0000000097500000|  0%| F|  |TAMS 0x0000000097400000, 0x0000000097400000| Untracked 
| 373|0x0000000097500000, 0x0000000097500000, 0x0000000097600000|  0%| F|  |TAMS 0x0000000097500000, 0x0000000097500000| Untracked 
| 374|0x0000000097600000, 0x0000000097600000, 0x0000000097700000|  0%| F|  |TAMS 0x0000000097600000, 0x0000000097600000| Untracked 
| 375|0x0000000097700000, 0x0000000097700000, 0x0000000097800000|  0%| F|  |TAMS 0x0000000097700000, 0x0000000097700000| Untracked 
| 376|0x0000000097800000, 0x0000000097800000, 0x0000000097900000|  0%| F|  |TAMS 0x0000000097800000, 0x0000000097800000| Untracked 
| 377|0x0000000097900000, 0x0000000097900000, 0x0000000097a00000|  0%| F|  |TAMS 0x0000000097900000, 0x0000000097900000| Untracked 
| 378|0x0000000097a00000, 0x0000000097a00000, 0x0000000097b00000|  0%| F|  |TAMS 0x0000000097a00000, 0x0000000097a00000| Untracked 
| 379|0x0000000097b00000, 0x0000000097b00000, 0x0000000097c00000|  0%| F|  |TAMS 0x0000000097b00000, 0x0000000097b00000| Untracked 
| 380|0x0000000097c00000, 0x0000000097c00000, 0x0000000097d00000|  0%| F|  |TAMS 0x0000000097c00000, 0x0000000097c00000| Untracked 
| 381|0x0000000097d00000, 0x0000000097d00000, 0x0000000097e00000|  0%| F|  |TAMS 0x0000000097d00000, 0x0000000097d00000| Untracked 
| 382|0x0000000097e00000, 0x0000000097e00000, 0x0000000097f00000|  0%| F|  |TAMS 0x0000000097e00000, 0x0000000097e00000| Untracked 
| 383|0x0000000097f00000, 0x0000000097f00000, 0x0000000098000000|  0%| F|  |TAMS 0x0000000097f00000, 0x0000000097f00000| Untracked 
| 384|0x0000000098000000, 0x0000000098000000, 0x0000000098100000|  0%| F|  |TAMS 0x0000000098000000, 0x0000000098000000| Untracked 
| 385|0x0000000098100000, 0x0000000098100000, 0x0000000098200000|  0%| F|  |TAMS 0x0000000098100000, 0x0000000098100000| Untracked 
| 386|0x0000000098200000, 0x0000000098200000, 0x0000000098300000|  0%| F|  |TAMS 0x0000000098200000, 0x0000000098200000| Untracked 
| 387|0x0000000098300000, 0x0000000098300000, 0x0000000098400000|  0%| F|  |TAMS 0x0000000098300000, 0x0000000098300000| Untracked 
| 388|0x0000000098400000, 0x0000000098400000, 0x0000000098500000|  0%| F|  |TAMS 0x0000000098400000, 0x0000000098400000| Untracked 
| 389|0x0000000098500000, 0x0000000098500000, 0x0000000098600000|  0%| F|  |TAMS 0x0000000098500000, 0x0000000098500000| Untracked 
| 390|0x0000000098600000, 0x0000000098600000, 0x0000000098700000|  0%| F|  |TAMS 0x0000000098600000, 0x0000000098600000| Untracked 
| 391|0x0000000098700000, 0x0000000098700000, 0x0000000098800000|  0%| F|  |TAMS 0x0000000098700000, 0x0000000098700000| Untracked 
| 392|0x0000000098800000, 0x0000000098800000, 0x0000000098900000|  0%| F|  |TAMS 0x0000000098800000, 0x0000000098800000| Untracked 
| 393|0x0000000098900000, 0x0000000098900000, 0x0000000098a00000|  0%| F|  |TAMS 0x0000000098900000, 0x0000000098900000| Untracked 
| 394|0x0000000098a00000, 0x0000000098a00000, 0x0000000098b00000|  0%| F|  |TAMS 0x0000000098a00000, 0x0000000098a00000| Untracked 
| 395|0x0000000098b00000, 0x0000000098b00000, 0x0000000098c00000|  0%| F|  |TAMS 0x0000000098b00000, 0x0000000098b00000| Untracked 
| 396|0x0000000098c00000, 0x0000000098c00000, 0x0000000098d00000|  0%| F|  |TAMS 0x0000000098c00000, 0x0000000098c00000| Untracked 
| 397|0x0000000098d00000, 0x0000000098d00000, 0x0000000098e00000|  0%| F|  |TAMS 0x0000000098d00000, 0x0000000098d00000| Untracked 
| 398|0x0000000098e00000, 0x0000000098e00000, 0x0000000098f00000|  0%| F|  |TAMS 0x0000000098e00000, 0x0000000098e00000| Untracked 
| 399|0x0000000098f00000, 0x0000000098f00000, 0x0000000099000000|  0%| F|  |TAMS 0x0000000098f00000, 0x0000000098f00000| Untracked 
| 400|0x0000000099000000, 0x0000000099000000, 0x0000000099100000|  0%| F|  |TAMS 0x0000000099000000, 0x0000000099000000| Untracked 
| 401|0x0000000099100000, 0x0000000099100000, 0x0000000099200000|  0%| F|  |TAMS 0x0000000099100000, 0x0000000099100000| Untracked 
| 402|0x0000000099200000, 0x0000000099200000, 0x0000000099300000|  0%| F|  |TAMS 0x0000000099200000, 0x0000000099200000| Untracked 
| 403|0x0000000099300000, 0x0000000099300000, 0x0000000099400000|  0%| F|  |TAMS 0x0000000099300000, 0x0000000099300000| Untracked 
| 404|0x0000000099400000, 0x0000000099400000, 0x0000000099500000|  0%| F|  |TAMS 0x0000000099400000, 0x0000000099400000| Untracked 
| 405|0x0000000099500000, 0x0000000099500000, 0x0000000099600000|  0%| F|  |TAMS 0x0000000099500000, 0x0000000099500000| Untracked 
| 406|0x0000000099600000, 0x0000000099600000, 0x0000000099700000|  0%| F|  |TAMS 0x0000000099600000, 0x0000000099600000| Untracked 
| 407|0x0000000099700000, 0x0000000099700000, 0x0000000099800000|  0%| F|  |TAMS 0x0000000099700000, 0x0000000099700000| Untracked 
| 408|0x0000000099800000, 0x0000000099800000, 0x0000000099900000|  0%| F|  |TAMS 0x0000000099800000, 0x0000000099800000| Untracked 
| 409|0x0000000099900000, 0x0000000099900000, 0x0000000099a00000|  0%| F|  |TAMS 0x0000000099900000, 0x0000000099900000| Untracked 
| 410|0x0000000099a00000, 0x0000000099a00000, 0x0000000099b00000|  0%| F|  |TAMS 0x0000000099a00000, 0x0000000099a00000| Untracked 
| 411|0x0000000099b00000, 0x0000000099b00000, 0x0000000099c00000|  0%| F|  |TAMS 0x0000000099b00000, 0x0000000099b00000| Untracked 
| 412|0x0000000099c00000, 0x0000000099c00000, 0x0000000099d00000|  0%| F|  |TAMS 0x0000000099c00000, 0x0000000099c00000| Untracked 
| 413|0x0000000099d00000, 0x0000000099d00000, 0x0000000099e00000|  0%| F|  |TAMS 0x0000000099d00000, 0x0000000099d00000| Untracked 
| 414|0x0000000099e00000, 0x0000000099e00000, 0x0000000099f00000|  0%| F|  |TAMS 0x0000000099e00000, 0x0000000099e00000| Untracked 
| 415|0x0000000099f00000, 0x0000000099f00000, 0x000000009a000000|  0%| F|  |TAMS 0x0000000099f00000, 0x0000000099f00000| Untracked 
| 416|0x000000009a000000, 0x000000009a000000, 0x000000009a100000|  0%| F|  |TAMS 0x000000009a000000, 0x000000009a000000| Untracked 
| 417|0x000000009a100000, 0x000000009a100000, 0x000000009a200000|  0%| F|  |TAMS 0x000000009a100000, 0x000000009a100000| Untracked 
| 418|0x000000009a200000, 0x000000009a200000, 0x000000009a300000|  0%| F|  |TAMS 0x000000009a200000, 0x000000009a200000| Untracked 
| 419|0x000000009a300000, 0x000000009a300000, 0x000000009a400000|  0%| F|  |TAMS 0x000000009a300000, 0x000000009a300000| Untracked 
| 420|0x000000009a400000, 0x000000009a400000, 0x000000009a500000|  0%| F|  |TAMS 0x000000009a400000, 0x000000009a400000| Untracked 
| 421|0x000000009a500000, 0x000000009a500000, 0x000000009a600000|  0%| F|  |TAMS 0x000000009a500000, 0x000000009a500000| Untracked 
| 422|0x000000009a600000, 0x000000009a600000, 0x000000009a700000|  0%| F|  |TAMS 0x000000009a600000, 0x000000009a600000| Untracked 
| 423|0x000000009a700000, 0x000000009a700000, 0x000000009a800000|  0%| F|  |TAMS 0x000000009a700000, 0x000000009a700000| Untracked 
| 424|0x000000009a800000, 0x000000009a800000, 0x000000009a900000|  0%| F|  |TAMS 0x000000009a800000, 0x000000009a800000| Untracked 
| 425|0x000000009a900000, 0x000000009a900000, 0x000000009aa00000|  0%| F|  |TAMS 0x000000009a900000, 0x000000009a900000| Untracked 
| 426|0x000000009aa00000, 0x000000009aa00000, 0x000000009ab00000|  0%| F|  |TAMS 0x000000009aa00000, 0x000000009aa00000| Untracked 
| 427|0x000000009ab00000, 0x000000009ab00000, 0x000000009ac00000|  0%| F|  |TAMS 0x000000009ab00000, 0x000000009ab00000| Untracked 
| 428|0x000000009ac00000, 0x000000009ac00000, 0x000000009ad00000|  0%| F|  |TAMS 0x000000009ac00000, 0x000000009ac00000| Untracked 
| 429|0x000000009ad00000, 0x000000009ad00000, 0x000000009ae00000|  0%| F|  |TAMS 0x000000009ad00000, 0x000000009ad00000| Untracked 
| 430|0x000000009ae00000, 0x000000009ae00000, 0x000000009af00000|  0%| F|  |TAMS 0x000000009ae00000, 0x000000009ae00000| Untracked 
| 431|0x000000009af00000, 0x000000009af00000, 0x000000009b000000|  0%| F|  |TAMS 0x000000009af00000, 0x000000009af00000| Untracked 
| 432|0x000000009b000000, 0x000000009b000000, 0x000000009b100000|  0%| F|  |TAMS 0x000000009b000000, 0x000000009b000000| Untracked 
| 433|0x000000009b100000, 0x000000009b100000, 0x000000009b200000|  0%| F|  |TAMS 0x000000009b100000, 0x000000009b100000| Untracked 
| 434|0x000000009b200000, 0x000000009b200000, 0x000000009b300000|  0%| F|  |TAMS 0x000000009b200000, 0x000000009b200000| Untracked 
| 435|0x000000009b300000, 0x000000009b300000, 0x000000009b400000|  0%| F|  |TAMS 0x000000009b300000, 0x000000009b300000| Untracked 
| 436|0x000000009b400000, 0x000000009b400000, 0x000000009b500000|  0%| F|  |TAMS 0x000000009b400000, 0x000000009b400000| Untracked 
| 437|0x000000009b500000, 0x000000009b500000, 0x000000009b600000|  0%| F|  |TAMS 0x000000009b500000, 0x000000009b500000| Untracked 
| 438|0x000000009b600000, 0x000000009b600000, 0x000000009b700000|  0%| F|  |TAMS 0x000000009b600000, 0x000000009b600000| Untracked 
| 439|0x000000009b700000, 0x000000009b700000, 0x000000009b800000|  0%| F|  |TAMS 0x000000009b700000, 0x000000009b700000| Untracked 
| 440|0x000000009b800000, 0x000000009b800000, 0x000000009b900000|  0%| F|  |TAMS 0x000000009b800000, 0x000000009b800000| Untracked 
| 441|0x000000009b900000, 0x000000009b900000, 0x000000009ba00000|  0%| F|  |TAMS 0x000000009b900000, 0x000000009b900000| Untracked 
| 442|0x000000009ba00000, 0x000000009ba00000, 0x000000009bb00000|  0%| F|  |TAMS 0x000000009ba00000, 0x000000009ba00000| Untracked 
| 443|0x000000009bb00000, 0x000000009bb00000, 0x000000009bc00000|  0%| F|  |TAMS 0x000000009bb00000, 0x000000009bb00000| Untracked 
| 444|0x000000009bc00000, 0x000000009bc00000, 0x000000009bd00000|  0%| F|  |TAMS 0x000000009bc00000, 0x000000009bc00000| Untracked 
| 445|0x000000009bd00000, 0x000000009bd00000, 0x000000009be00000|  0%| F|  |TAMS 0x000000009bd00000, 0x000000009bd00000| Untracked 
| 446|0x000000009be00000, 0x000000009be00000, 0x000000009bf00000|  0%| F|  |TAMS 0x000000009be00000, 0x000000009be00000| Untracked 
| 447|0x000000009bf00000, 0x000000009bf00000, 0x000000009c000000|  0%| F|  |TAMS 0x000000009bf00000, 0x000000009bf00000| Untracked 
| 448|0x000000009c000000, 0x000000009c000000, 0x000000009c100000|  0%| F|  |TAMS 0x000000009c000000, 0x000000009c000000| Untracked 
| 449|0x000000009c100000, 0x000000009c100000, 0x000000009c200000|  0%| F|  |TAMS 0x000000009c100000, 0x000000009c100000| Untracked 
| 450|0x000000009c200000, 0x000000009c200000, 0x000000009c300000|  0%| F|  |TAMS 0x000000009c200000, 0x000000009c200000| Untracked 
| 451|0x000000009c300000, 0x000000009c300000, 0x000000009c400000|  0%| F|  |TAMS 0x000000009c300000, 0x000000009c300000| Untracked 
| 452|0x000000009c400000, 0x000000009c400000, 0x000000009c500000|  0%| F|  |TAMS 0x000000009c400000, 0x000000009c400000| Untracked 
| 453|0x000000009c500000, 0x000000009c500000, 0x000000009c600000|  0%| F|  |TAMS 0x000000009c500000, 0x000000009c500000| Untracked 
| 454|0x000000009c600000, 0x000000009c600000, 0x000000009c700000|  0%| F|  |TAMS 0x000000009c600000, 0x000000009c600000| Untracked 
| 455|0x000000009c700000, 0x000000009c700000, 0x000000009c800000|  0%| F|  |TAMS 0x000000009c700000, 0x000000009c700000| Untracked 
| 456|0x000000009c800000, 0x000000009c800000, 0x000000009c900000|  0%| F|  |TAMS 0x000000009c800000, 0x000000009c800000| Untracked 
| 457|0x000000009c900000, 0x000000009c900000, 0x000000009ca00000|  0%| F|  |TAMS 0x000000009c900000, 0x000000009c900000| Untracked 
| 458|0x000000009ca00000, 0x000000009ca00000, 0x000000009cb00000|  0%| F|  |TAMS 0x000000009ca00000, 0x000000009ca00000| Untracked 
| 459|0x000000009cb00000, 0x000000009cb00000, 0x000000009cc00000|  0%| F|  |TAMS 0x000000009cb00000, 0x000000009cb00000| Untracked 
| 460|0x000000009cc00000, 0x000000009cc00000, 0x000000009cd00000|  0%| F|  |TAMS 0x000000009cc00000, 0x000000009cc00000| Untracked 
| 461|0x000000009cd00000, 0x000000009cd00000, 0x000000009ce00000|  0%| F|  |TAMS 0x000000009cd00000, 0x000000009cd00000| Untracked 
| 462|0x000000009ce00000, 0x000000009ce00000, 0x000000009cf00000|  0%| F|  |TAMS 0x000000009ce00000, 0x000000009ce00000| Untracked 
| 463|0x000000009cf00000, 0x000000009cf00000, 0x000000009d000000|  0%| F|  |TAMS 0x000000009cf00000, 0x000000009cf00000| Untracked 
| 464|0x000000009d000000, 0x000000009d000000, 0x000000009d100000|  0%| F|  |TAMS 0x000000009d000000, 0x000000009d000000| Untracked 
| 465|0x000000009d100000, 0x000000009d100000, 0x000000009d200000|  0%| F|  |TAMS 0x000000009d100000, 0x000000009d100000| Untracked 
| 466|0x000000009d200000, 0x000000009d200000, 0x000000009d300000|  0%| F|  |TAMS 0x000000009d200000, 0x000000009d200000| Untracked 
| 467|0x000000009d300000, 0x000000009d300000, 0x000000009d400000|  0%| F|  |TAMS 0x000000009d300000, 0x000000009d300000| Untracked 
| 468|0x000000009d400000, 0x000000009d400000, 0x000000009d500000|  0%| F|  |TAMS 0x000000009d400000, 0x000000009d400000| Untracked 
| 469|0x000000009d500000, 0x000000009d500000, 0x000000009d600000|  0%| F|  |TAMS 0x000000009d500000, 0x000000009d500000| Untracked 
| 470|0x000000009d600000, 0x000000009d600000, 0x000000009d700000|  0%| F|  |TAMS 0x000000009d600000, 0x000000009d600000| Untracked 
| 471|0x000000009d700000, 0x000000009d700000, 0x000000009d800000|  0%| F|  |TAMS 0x000000009d700000, 0x000000009d700000| Untracked 
| 472|0x000000009d800000, 0x000000009d800000, 0x000000009d900000|  0%| F|  |TAMS 0x000000009d800000, 0x000000009d800000| Untracked 
| 473|0x000000009d900000, 0x000000009d900000, 0x000000009da00000|  0%| F|  |TAMS 0x000000009d900000, 0x000000009d900000| Untracked 
| 474|0x000000009da00000, 0x000000009da00000, 0x000000009db00000|  0%| F|  |TAMS 0x000000009da00000, 0x000000009da00000| Untracked 
| 475|0x000000009db00000, 0x000000009db00000, 0x000000009dc00000|  0%| F|  |TAMS 0x000000009db00000, 0x000000009db00000| Untracked 
| 476|0x000000009dc00000, 0x000000009dc00000, 0x000000009dd00000|  0%| F|  |TAMS 0x000000009dc00000, 0x000000009dc00000| Untracked 
| 477|0x000000009dd00000, 0x000000009dd00000, 0x000000009de00000|  0%| F|  |TAMS 0x000000009dd00000, 0x000000009dd00000| Untracked 
| 478|0x000000009de00000, 0x000000009de00000, 0x000000009df00000|  0%| F|  |TAMS 0x000000009de00000, 0x000000009de00000| Untracked 
| 479|0x000000009df00000, 0x000000009df00000, 0x000000009e000000|  0%| F|  |TAMS 0x000000009df00000, 0x000000009df00000| Untracked 
| 480|0x000000009e000000, 0x000000009e000000, 0x000000009e100000|  0%| F|  |TAMS 0x000000009e000000, 0x000000009e000000| Untracked 
| 481|0x000000009e100000, 0x000000009e100000, 0x000000009e200000|  0%| F|  |TAMS 0x000000009e100000, 0x000000009e100000| Untracked 
| 482|0x000000009e200000, 0x000000009e200000, 0x000000009e300000|  0%| F|  |TAMS 0x000000009e200000, 0x000000009e200000| Untracked 
| 483|0x000000009e300000, 0x000000009e300000, 0x000000009e400000|  0%| F|  |TAMS 0x000000009e300000, 0x000000009e300000| Untracked 
| 484|0x000000009e400000, 0x000000009e400000, 0x000000009e500000|  0%| F|  |TAMS 0x000000009e400000, 0x000000009e400000| Untracked 
| 485|0x000000009e500000, 0x000000009e500000, 0x000000009e600000|  0%| F|  |TAMS 0x000000009e500000, 0x000000009e500000| Untracked 
| 486|0x000000009e600000, 0x000000009e600000, 0x000000009e700000|  0%| F|  |TAMS 0x000000009e600000, 0x000000009e600000| Untracked 
| 487|0x000000009e700000, 0x000000009e700000, 0x000000009e800000|  0%| F|  |TAMS 0x000000009e700000, 0x000000009e700000| Untracked 
| 488|0x000000009e800000, 0x000000009e800000, 0x000000009e900000|  0%| F|  |TAMS 0x000000009e800000, 0x000000009e800000| Untracked 
| 489|0x000000009e900000, 0x000000009e900000, 0x000000009ea00000|  0%| F|  |TAMS 0x000000009e900000, 0x000000009e900000| Untracked 
| 490|0x000000009ea00000, 0x000000009ea00000, 0x000000009eb00000|  0%| F|  |TAMS 0x000000009ea00000, 0x000000009ea00000| Untracked 
| 491|0x000000009eb00000, 0x000000009eb00000, 0x000000009ec00000|  0%| F|  |TAMS 0x000000009eb00000, 0x000000009eb00000| Untracked 
| 492|0x000000009ec00000, 0x000000009ec00000, 0x000000009ed00000|  0%| F|  |TAMS 0x000000009ec00000, 0x000000009ec00000| Untracked 
| 493|0x000000009ed00000, 0x000000009ed00000, 0x000000009ee00000|  0%| F|  |TAMS 0x000000009ed00000, 0x000000009ed00000| Untracked 
| 494|0x000000009ee00000, 0x000000009ee00000, 0x000000009ef00000|  0%| F|  |TAMS 0x000000009ee00000, 0x000000009ee00000| Untracked 
| 495|0x000000009ef00000, 0x000000009ef00000, 0x000000009f000000|  0%| F|  |TAMS 0x000000009ef00000, 0x000000009ef00000| Untracked 
| 496|0x000000009f000000, 0x000000009f000000, 0x000000009f100000|  0%| F|  |TAMS 0x000000009f000000, 0x000000009f000000| Untracked 
| 497|0x000000009f100000, 0x000000009f100000, 0x000000009f200000|  0%| F|  |TAMS 0x000000009f100000, 0x000000009f100000| Untracked 
| 498|0x000000009f200000, 0x000000009f200000, 0x000000009f300000|  0%| F|  |TAMS 0x000000009f200000, 0x000000009f200000| Untracked 
| 499|0x000000009f300000, 0x000000009f300000, 0x000000009f400000|  0%| F|  |TAMS 0x000000009f300000, 0x000000009f300000| Untracked 
| 500|0x000000009f400000, 0x000000009f400000, 0x000000009f500000|  0%| F|  |TAMS 0x000000009f400000, 0x000000009f400000| Untracked 
| 501|0x000000009f500000, 0x000000009f500000, 0x000000009f600000|  0%| F|  |TAMS 0x000000009f500000, 0x000000009f500000| Untracked 
| 502|0x000000009f600000, 0x000000009f600000, 0x000000009f700000|  0%| F|  |TAMS 0x000000009f600000, 0x000000009f600000| Untracked 
| 503|0x000000009f700000, 0x000000009f700000, 0x000000009f800000|  0%| F|  |TAMS 0x000000009f700000, 0x000000009f700000| Untracked 
| 504|0x000000009f800000, 0x000000009f800000, 0x000000009f900000|  0%| F|  |TAMS 0x000000009f800000, 0x000000009f800000| Untracked 
| 505|0x000000009f900000, 0x000000009f900000, 0x000000009fa00000|  0%| F|  |TAMS 0x000000009f900000, 0x000000009f900000| Untracked 
| 506|0x000000009fa00000, 0x000000009fa00000, 0x000000009fb00000|  0%| F|  |TAMS 0x000000009fa00000, 0x000000009fa00000| Untracked 
| 507|0x000000009fb00000, 0x000000009fb00000, 0x000000009fc00000|  0%| F|  |TAMS 0x000000009fb00000, 0x000000009fb00000| Untracked 
| 508|0x000000009fc00000, 0x000000009fc00000, 0x000000009fd00000|  0%| F|  |TAMS 0x000000009fc00000, 0x000000009fc00000| Untracked 
| 509|0x000000009fd00000, 0x000000009fd00000, 0x000000009fe00000|  0%| F|  |TAMS 0x000000009fd00000, 0x000000009fd00000| Untracked 
| 510|0x000000009fe00000, 0x000000009fe00000, 0x000000009ff00000|  0%| F|  |TAMS 0x000000009fe00000, 0x000000009fe00000| Untracked 
| 511|0x000000009ff00000, 0x000000009ff00000, 0x00000000a0000000|  0%| F|  |TAMS 0x000000009ff00000, 0x000000009ff00000| Untracked 
| 512|0x00000000a0000000, 0x00000000a0000000, 0x00000000a0100000|  0%| F|  |TAMS 0x00000000a0000000, 0x00000000a0000000| Untracked 
| 513|0x00000000a0100000, 0x00000000a0100000, 0x00000000a0200000|  0%| F|  |TAMS 0x00000000a0100000, 0x00000000a0100000| Untracked 
| 514|0x00000000a0200000, 0x00000000a0200000, 0x00000000a0300000|  0%| F|  |TAMS 0x00000000a0200000, 0x00000000a0200000| Untracked 
| 515|0x00000000a0300000, 0x00000000a0300000, 0x00000000a0400000|  0%| F|  |TAMS 0x00000000a0300000, 0x00000000a0300000| Untracked 
| 516|0x00000000a0400000, 0x00000000a0400000, 0x00000000a0500000|  0%| F|  |TAMS 0x00000000a0400000, 0x00000000a0400000| Untracked 
| 517|0x00000000a0500000, 0x00000000a0500000, 0x00000000a0600000|  0%| F|  |TAMS 0x00000000a0500000, 0x00000000a0500000| Untracked 
| 518|0x00000000a0600000, 0x00000000a0600000, 0x00000000a0700000|  0%| F|  |TAMS 0x00000000a0600000, 0x00000000a0600000| Untracked 
| 519|0x00000000a0700000, 0x00000000a0700000, 0x00000000a0800000|  0%| F|  |TAMS 0x00000000a0700000, 0x00000000a0700000| Untracked 
| 520|0x00000000a0800000, 0x00000000a0800000, 0x00000000a0900000|  0%| F|  |TAMS 0x00000000a0800000, 0x00000000a0800000| Untracked 
| 521|0x00000000a0900000, 0x00000000a0900000, 0x00000000a0a00000|  0%| F|  |TAMS 0x00000000a0900000, 0x00000000a0900000| Untracked 
| 522|0x00000000a0a00000, 0x00000000a0a00000, 0x00000000a0b00000|  0%| F|  |TAMS 0x00000000a0a00000, 0x00000000a0a00000| Untracked 
| 523|0x00000000a0b00000, 0x00000000a0b00000, 0x00000000a0c00000|  0%| F|  |TAMS 0x00000000a0b00000, 0x00000000a0b00000| Untracked 
| 524|0x00000000a0c00000, 0x00000000a0c00000, 0x00000000a0d00000|  0%| F|  |TAMS 0x00000000a0c00000, 0x00000000a0c00000| Untracked 
| 525|0x00000000a0d00000, 0x00000000a0d00000, 0x00000000a0e00000|  0%| F|  |TAMS 0x00000000a0d00000, 0x00000000a0d00000| Untracked 
| 526|0x00000000a0e00000, 0x00000000a0e00000, 0x00000000a0f00000|  0%| F|  |TAMS 0x00000000a0e00000, 0x00000000a0e00000| Untracked 
| 527|0x00000000a0f00000, 0x00000000a0f00000, 0x00000000a1000000|  0%| F|  |TAMS 0x00000000a0f00000, 0x00000000a0f00000| Untracked 
| 528|0x00000000a1000000, 0x00000000a1000000, 0x00000000a1100000|  0%| F|  |TAMS 0x00000000a1000000, 0x00000000a1000000| Untracked 
| 529|0x00000000a1100000, 0x00000000a1100000, 0x00000000a1200000|  0%| F|  |TAMS 0x00000000a1100000, 0x00000000a1100000| Untracked 
| 530|0x00000000a1200000, 0x00000000a1200000, 0x00000000a1300000|  0%| F|  |TAMS 0x00000000a1200000, 0x00000000a1200000| Untracked 
| 531|0x00000000a1300000, 0x00000000a1300000, 0x00000000a1400000|  0%| F|  |TAMS 0x00000000a1300000, 0x00000000a1300000| Untracked 
| 532|0x00000000a1400000, 0x00000000a1400000, 0x00000000a1500000|  0%| F|  |TAMS 0x00000000a1400000, 0x00000000a1400000| Untracked 
| 533|0x00000000a1500000, 0x00000000a1500000, 0x00000000a1600000|  0%| F|  |TAMS 0x00000000a1500000, 0x00000000a1500000| Untracked 
| 534|0x00000000a1600000, 0x00000000a1600000, 0x00000000a1700000|  0%| F|  |TAMS 0x00000000a1600000, 0x00000000a1600000| Untracked 
| 535|0x00000000a1700000, 0x00000000a1700000, 0x00000000a1800000|  0%| F|  |TAMS 0x00000000a1700000, 0x00000000a1700000| Untracked 
| 536|0x00000000a1800000, 0x00000000a1800000, 0x00000000a1900000|  0%| F|  |TAMS 0x00000000a1800000, 0x00000000a1800000| Untracked 
| 537|0x00000000a1900000, 0x00000000a1900000, 0x00000000a1a00000|  0%| F|  |TAMS 0x00000000a1900000, 0x00000000a1900000| Untracked 
| 538|0x00000000a1a00000, 0x00000000a1a00000, 0x00000000a1b00000|  0%| F|  |TAMS 0x00000000a1a00000, 0x00000000a1a00000| Untracked 
| 539|0x00000000a1b00000, 0x00000000a1b00000, 0x00000000a1c00000|  0%| F|  |TAMS 0x00000000a1b00000, 0x00000000a1b00000| Untracked 
| 540|0x00000000a1c00000, 0x00000000a1c00000, 0x00000000a1d00000|  0%| F|  |TAMS 0x00000000a1c00000, 0x00000000a1c00000| Untracked 
| 541|0x00000000a1d00000, 0x00000000a1d00000, 0x00000000a1e00000|  0%| F|  |TAMS 0x00000000a1d00000, 0x00000000a1d00000| Untracked 
| 542|0x00000000a1e00000, 0x00000000a1e00000, 0x00000000a1f00000|  0%| F|  |TAMS 0x00000000a1e00000, 0x00000000a1e00000| Untracked 
| 543|0x00000000a1f00000, 0x00000000a1f00000, 0x00000000a2000000|  0%| F|  |TAMS 0x00000000a1f00000, 0x00000000a1f00000| Untracked 
| 544|0x00000000a2000000, 0x00000000a2000000, 0x00000000a2100000|  0%| F|  |TAMS 0x00000000a2000000, 0x00000000a2000000| Untracked 
| 545|0x00000000a2100000, 0x00000000a2100000, 0x00000000a2200000|  0%| F|  |TAMS 0x00000000a2100000, 0x00000000a2100000| Untracked 
| 546|0x00000000a2200000, 0x00000000a2200000, 0x00000000a2300000|  0%| F|  |TAMS 0x00000000a2200000, 0x00000000a2200000| Untracked 
| 547|0x00000000a2300000, 0x00000000a2300000, 0x00000000a2400000|  0%| F|  |TAMS 0x00000000a2300000, 0x00000000a2300000| Untracked 
| 548|0x00000000a2400000, 0x00000000a2400000, 0x00000000a2500000|  0%| F|  |TAMS 0x00000000a2400000, 0x00000000a2400000| Untracked 
| 549|0x00000000a2500000, 0x00000000a2500000, 0x00000000a2600000|  0%| F|  |TAMS 0x00000000a2500000, 0x00000000a2500000| Untracked 
| 550|0x00000000a2600000, 0x00000000a2600000, 0x00000000a2700000|  0%| F|  |TAMS 0x00000000a2600000, 0x00000000a2600000| Untracked 
| 551|0x00000000a2700000, 0x00000000a2700000, 0x00000000a2800000|  0%| F|  |TAMS 0x00000000a2700000, 0x00000000a2700000| Untracked 

Card table byte_map: [0x000002a3c3cc0000,0x000002a3c40c0000] _byte_map_base: 0x000002a3c38c0000

Marking Bits (Prev, Next): (CMBitMap*) 0x000002a39b62fb20, (CMBitMap*) 0x000002a39b62fb60
 Prev Bits: [0x000002a3c44c0000, 0x000002a3c64c0000)
 Next Bits: [0x000002a3c64c0000, 0x000002a3c84c0000)

Polling page: 0x000002a399370000

Metaspace:

Usage:
  Non-class:    150.80 MB used.
      Class:     22.52 MB used.
       Both:    173.33 MB used.

Virtual space:
  Non-class space:      192.00 MB reserved,     151.81 MB ( 79%) committed,  3 nodes.
      Class space:      416.00 MB reserved,      23.50 MB (  6%) committed,  1 nodes.
             Both:      608.00 MB reserved,     175.31 MB ( 29%) committed. 

Chunk freelists:
   Non-Class:  7.77 MB
       Class:  8.38 MB
        Both:  16.14 MB

MaxMetaspaceSize: 512.00 MB
CompressedClassSpaceSize: 416.00 MB
Initial GC threshold: 21.00 MB
Current GC threshold: 207.62 MB
CDS: on
MetaspaceReclaimPolicy: balanced
 - commit_granule_bytes: 65536.
 - commit_granule_words: 8192.
 - virtual_space_node_default_size: 8388608.
 - enlarge_chunks_in_place: 1.
 - new_chunks_are_fully_committed: 0.
 - uncommit_free_chunks: 1.
 - use_allocation_guard: 0.
 - handle_deallocations: 1.


Internal statistics:

num_allocs_failed_limit: 24.
num_arena_births: 3360.
num_arena_deaths: 0.
num_vsnodes_births: 4.
num_vsnodes_deaths: 0.
num_space_committed: 2802.
num_space_uncommitted: 0.
num_chunks_returned_to_freelist: 24.
num_chunks_taken_from_freelist: 11623.
num_chunk_merges: 15.
num_chunk_splits: 7466.
num_chunks_enlarged: 4586.
num_inconsistent_stats: 0.

CodeHeap 'non-profiled nmethods': size=259264Kb used=18984Kb max_used=18984Kb free=240279Kb
 bounds [0x000002a3b3410000, 0x000002a3b46e0000, 0x000002a3c3140000]
CodeHeap 'profiled nmethods': size=259264Kb used=60595Kb max_used=61194Kb free=198668Kb
 bounds [0x000002a3a3140000, 0x000002a3a6d50000, 0x000002a3b2e70000]
CodeHeap 'non-nmethods': size=5760Kb used=1879Kb max_used=1971Kb free=3880Kb
 bounds [0x000002a3b2e70000, 0x000002a3b30e0000, 0x000002a3b3410000]
 total_blobs=28815 nmethods=27820 adapters=904
 compilation: enabled
              stopped_count=0, restarted_count=0
 full_count=0

Compilation events (20 events):
Event: 140.230 Thread 0x000002a3cb1690b0 35795       2       com.android.tools.r8.internal.sZ::<init> (10 bytes)
Event: 140.230 Thread 0x000002a3cb1690b0 nmethod 35795 0x000002a3a6454b90 code [0x000002a3a6454d40, 0x000002a3a6454e68]
Event: 140.243 Thread 0x000002a3cb1690b0 35796       3       com.android.tools.r8.internal.wt0::a (387 bytes)
Event: 140.248 Thread 0x000002a3cb1690b0 nmethod 35796 0x000002a3a31cdf90 code [0x000002a3a31ce640, 0x000002a3a31d2be8]
Event: 140.270 Thread 0x000002a3cb1690b0 35797       2       java.util.HashMap::treeifyBin (110 bytes)
Event: 140.271 Thread 0x000002a3cb1690b0 nmethod 35797 0x000002a3a624ba10 code [0x000002a3a624bc00, 0x000002a3a624c088]
Event: 140.271 Thread 0x000002a3cb1690b0 35798       2       java.util.HashMap$TreeNode::putTreeVal (314 bytes)
Event: 140.272 Thread 0x000002a3cb1690b0 nmethod 35798 0x000002a3a5f60510 code [0x000002a3a5f60760, 0x000002a3a5f61068]
Event: 140.278 Thread 0x000002a3cb1690b0 35799       3       com.android.tools.r8.internal.J9$$Lambda$3517/0x000002a3ce5e6238::<init> (32 bytes)
Event: 140.278 Thread 0x000002a3cb1690b0 nmethod 35799 0x000002a3a6010e90 code [0x000002a3a6011040, 0x000002a3a6011378]
Event: 140.278 Thread 0x000002a3cb1690b0 35800       3       com.android.tools.r8.internal.J9$$Lambda$3517/0x000002a3ce5e6238::apply (32 bytes)
Event: 140.278 Thread 0x000002a3cb1690b0 nmethod 35800 0x000002a3a664a790 code [0x000002a3a664a940, 0x000002a3a664acc8]
Event: 140.278 Thread 0x000002a3cb1690b0 35801       3       com.android.tools.r8.internal.J9::a (68 bytes)
Event: 140.279 Thread 0x000002a3cb1690b0 nmethod 35801 0x000002a3a4085c10 code [0x000002a3a4085e80, 0x000002a3a40869b8]
Event: 140.279 Thread 0x000002a3cb1690b0 35802       3       com.android.tools.r8.internal.W9$$Lambda$3516/0x000002a3ce5e6008::apply (16 bytes)
Event: 140.280 Thread 0x000002a3cb1690b0 nmethod 35802 0x000002a3a615ad90 code [0x000002a3a615afc0, 0x000002a3a615b978]
Event: 140.280 Thread 0x000002a3cb1690b0 35803       3       com.android.tools.r8.internal.NE::<init> (66 bytes)
Event: 140.281 Thread 0x000002a3cb1690b0 nmethod 35803 0x000002a3a6002a90 code [0x000002a3a6002ca0, 0x000002a3a6003608]
Event: 140.284 Thread 0x000002a3cae18e70 nmethod 35780 0x000002a3b3fc0a10 code [0x000002a3b3fc0e60, 0x000002a3b3fc4a48]
Event: 140.284 Thread 0x000002a3cae18e70 35791       4       com.android.tools.r8.internal.II::add (834 bytes)

GC Heap History (20 events):
Event: 60.949 GC heap after
{Heap after GC invocations=59 (full 0):
 garbage-first heap   total 565248K, used 207867K [0x0000000080000000, 0x0000000100000000)
  region size 1024K, 4 young (4096K), 4 survivors (4096K)
 Metaspace       used 130072K, committed 131840K, reserved 557056K
  class space    used 17477K, committed 18368K, reserved 425984K
}
Event: 66.944 GC heap before
{Heap before GC invocations=59 (full 0):
 garbage-first heap   total 565248K, used 458747K [0x0000000080000000, 0x0000000100000000)
  region size 1024K, 244 young (249856K), 4 survivors (4096K)
 Metaspace       used 143092K, committed 144960K, reserved 557056K
  class space    used 19020K, committed 19968K, reserved 425984K
}
Event: 66.980 GC heap after
{Heap after GC invocations=60 (full 0):
 garbage-first heap   total 565248K, used 228762K [0x0000000080000000, 0x0000000100000000)
  region size 1024K, 21 young (21504K), 21 survivors (21504K)
 Metaspace       used 143092K, committed 144960K, reserved 557056K
  class space    used 19020K, committed 19968K, reserved 425984K
}
Event: 101.744 GC heap before
{Heap before GC invocations=60 (full 0):
 garbage-first heap   total 565248K, used 460186K [0x0000000080000000, 0x0000000100000000)
  region size 1024K, 243 young (248832K), 21 survivors (21504K)
 Metaspace       used 151394K, committed 153344K, reserved 622592K
  class space    used 19931K, committed 20928K, reserved 425984K
}
Event: 102.161 GC heap after
{Heap after GC invocations=61 (full 0):
 garbage-first heap   total 565248K, used 235836K [0x0000000080000000, 0x0000000100000000)
  region size 1024K, 18 young (18432K), 18 survivors (18432K)
 Metaspace       used 151394K, committed 153344K, reserved 622592K
  class space    used 19931K, committed 20928K, reserved 425984K
}
Event: 106.886 GC heap before
{Heap before GC invocations=61 (full 0):
 garbage-first heap   total 565248K, used 369980K [0x0000000080000000, 0x0000000100000000)
  region size 1024K, 142 young (145408K), 18 survivors (18432K)
 Metaspace       used 152487K, committed 154560K, reserved 622592K
  class space    used 20040K, committed 21056K, reserved 425984K
}
Event: 106.946 GC heap after
{Heap after GC invocations=62 (full 0):
 garbage-first heap   total 565248K, used 240289K [0x0000000080000000, 0x0000000100000000)
  region size 1024K, 7 young (7168K), 7 survivors (7168K)
 Metaspace       used 152487K, committed 154560K, reserved 622592K
  class space    used 20040K, committed 21056K, reserved 425984K
}
Event: 110.984 GC heap before
{Heap before GC invocations=62 (full 0):
 garbage-first heap   total 565248K, used 467617K [0x0000000080000000, 0x0000000100000000)
  region size 1024K, 219 young (224256K), 7 survivors (7168K)
 Metaspace       used 169425K, committed 171520K, reserved 622592K
  class space    used 22197K, committed 23232K, reserved 425984K
}
Event: 111.035 GC heap after
{Heap after GC invocations=63 (full 0):
 garbage-first heap   total 565248K, used 244385K [0x0000000080000000, 0x0000000100000000)
  region size 1024K, 10 young (10240K), 10 survivors (10240K)
 Metaspace       used 169425K, committed 171520K, reserved 622592K
  class space    used 22197K, committed 23232K, reserved 425984K
}
Event: 125.853 GC heap before
{Heap before GC invocations=63 (full 0):
 garbage-first heap   total 565248K, used 462497K [0x0000000080000000, 0x0000000100000000)
  region size 1024K, 224 young (229376K), 10 survivors (10240K)
 Metaspace       used 174670K, committed 176768K, reserved 622592K
  class space    used 22816K, committed 23872K, reserved 425984K
}
Event: 125.926 GC heap after
{Heap after GC invocations=64 (full 0):
 garbage-first heap   total 565248K, used 243857K [0x0000000080000000, 0x0000000100000000)
  region size 1024K, 12 young (12288K), 12 survivors (12288K)
 Metaspace       used 174670K, committed 176768K, reserved 622592K
  class space    used 22816K, committed 23872K, reserved 425984K
}
Event: 130.252 GC heap before
{Heap before GC invocations=64 (full 0):
 garbage-first heap   total 565248K, used 475281K [0x0000000080000000, 0x0000000100000000)
  region size 1024K, 232 young (237568K), 12 survivors (12288K)
 Metaspace       used 176360K, committed 178432K, reserved 622592K
  class space    used 22968K, committed 24000K, reserved 425984K
}
Event: 130.483 GC heap after
{Heap after GC invocations=65 (full 0):
 garbage-first heap   total 565248K, used 247339K [0x0000000080000000, 0x0000000100000000)
  region size 1024K, 13 young (13312K), 13 survivors (13312K)
 Metaspace       used 176360K, committed 178432K, reserved 622592K
  class space    used 22968K, committed 24000K, reserved 425984K
}
Event: 133.011 GC heap before
{Heap before GC invocations=65 (full 0):
 garbage-first heap   total 565248K, used 472619K [0x0000000080000000, 0x0000000100000000)
  region size 1024K, 234 young (239616K), 13 survivors (13312K)
 Metaspace       used 177082K, committed 179200K, reserved 622592K
  class space    used 23025K, committed 24064K, reserved 425984K
}
Event: 133.177 GC heap after
{Heap after GC invocations=66 (full 0):
 garbage-first heap   total 565248K, used 248481K [0x0000000080000000, 0x0000000100000000)
  region size 1024K, 16 young (16384K), 16 survivors (16384K)
 Metaspace       used 177082K, committed 179200K, reserved 622592K
  class space    used 23025K, committed 24064K, reserved 425984K
}
Event: 134.366 GC heap before
{Heap before GC invocations=66 (full 0):
 garbage-first heap   total 565248K, used 473761K [0x0000000080000000, 0x0000000100000000)
  region size 1024K, 237 young (242688K), 16 survivors (16384K)
 Metaspace       used 177334K, committed 179392K, reserved 622592K
  class space    used 23050K, committed 24064K, reserved 425984K
}
Event: 134.406 GC heap after
{Heap after GC invocations=67 (full 0):
 garbage-first heap   total 565248K, used 260550K [0x0000000080000000, 0x0000000100000000)
  region size 1024K, 28 young (28672K), 28 survivors (28672K)
 Metaspace       used 177334K, committed 179392K, reserved 622592K
  class space    used 23050K, committed 24064K, reserved 425984K
}
Event: 135.340 GC heap before
{Heap before GC invocations=67 (full 0):
 garbage-first heap   total 565248K, used 472518K [0x0000000080000000, 0x0000000100000000)
  region size 1024K, 235 young (240640K), 28 survivors (28672K)
 Metaspace       used 177438K, committed 179520K, reserved 622592K
  class space    used 23057K, committed 24064K, reserved 425984K
}
Event: 135.523 GC heap after
{Heap after GC invocations=68 (full 0):
 garbage-first heap   total 565248K, used 260306K [0x0000000080000000, 0x0000000100000000)
  region size 1024K, 13 young (13312K), 13 survivors (13312K)
 Metaspace       used 177438K, committed 179520K, reserved 622592K
  class space    used 23057K, committed 24064K, reserved 425984K
}
Event: 140.308 GC heap before
{Heap before GC invocations=68 (full 0):
 garbage-first heap   total 565248K, used 478418K [0x0000000080000000, 0x0000000100000000)
  region size 1024K, 226 young (231424K), 13 survivors (13312K)
 Metaspace       used 177489K, committed 179520K, reserved 622592K
  class space    used 23065K, committed 24064K, reserved 425984K
}

Dll operation events (16 events):
Event: 0.010 Loaded shared library C:\Program Files\Microsoft\jdk-17.0.17.10-hotspot\bin\java.dll
Event: 0.025 Loaded shared library C:\Program Files\Microsoft\jdk-17.0.17.10-hotspot\bin\jsvml.dll
Event: 0.061 Loaded shared library C:\Program Files\Microsoft\jdk-17.0.17.10-hotspot\bin\zip.dll
Event: 0.065 Loaded shared library C:\Program Files\Microsoft\jdk-17.0.17.10-hotspot\bin\instrument.dll
Event: 0.069 Loaded shared library C:\Program Files\Microsoft\jdk-17.0.17.10-hotspot\bin\net.dll
Event: 0.071 Loaded shared library C:\Program Files\Microsoft\jdk-17.0.17.10-hotspot\bin\nio.dll
Event: 0.072 Loaded shared library C:\Program Files\Microsoft\jdk-17.0.17.10-hotspot\bin\zip.dll
Event: 0.250 Loaded shared library C:\Program Files\Microsoft\jdk-17.0.17.10-hotspot\bin\jimage.dll
Event: 0.408 Loaded shared library C:\Program Files\Microsoft\jdk-17.0.17.10-hotspot\bin\verify.dll
Event: 0.432 Loaded shared library C:\Users\Aditya\.gradle\native\1def1411415f61bf3af743bc5b6707747c0891f09f0c88961ee8f79bc544acac\windows-amd64\native-platform.dll
Event: 0.448 Loaded shared library C:\Users\Aditya\.gradle\native\0.2.8\x86_64-windows-gnu\gradle-fileevents.dll
Event: 1.469 Loaded shared library C:\Program Files\Microsoft\jdk-17.0.17.10-hotspot\bin\management.dll
Event: 1.471 Loaded shared library C:\Program Files\Microsoft\jdk-17.0.17.10-hotspot\bin\management_ext.dll
Event: 1.637 Loaded shared library C:\Program Files\Microsoft\jdk-17.0.17.10-hotspot\bin\extnet.dll
Event: 1.786 Loaded shared library C:\Program Files\Microsoft\jdk-17.0.17.10-hotspot\bin\sunmscapi.dll
Event: 71.121 Loaded shared library C:\Program Files\Microsoft\jdk-17.0.17.10-hotspot\bin\rmi.dll

Deoptimization events (20 events):
Event: 136.224 Thread 0x000002a3ec396910 DEOPT PACKING pc=0x000002a3b4452580 sp=0x000000dc203fa090
Event: 136.224 Thread 0x000002a3ec396910 DEOPT UNPACKING pc=0x000002a3b2ec69a3 sp=0x000000dc203fa028 mode 2
Event: 136.249 Thread 0x000002a3ec396910 Uncommon trap: trap_request=0xffffffde fr.pc=0x000002a3b46bbb8c relative=0x000000000000564c
Event: 136.249 Thread 0x000002a3ec396910 Uncommon trap: reason=class_check action=maybe_recompile pc=0x000002a3b46bbb8c method=com.android.tools.r8.ir.optimize.F.a(Ljava/util/Queue;Lcom/android/tools/r8/internal/BB;Lcom/android/tools/r8/internal/Z5;Lcom/android/tools/r8/ir/optimize/a;Lcom/androi
Event: 136.249 Thread 0x000002a3ec396910 DEOPT PACKING pc=0x000002a3b46bbb8c sp=0x000000dc203fa6e0
Event: 136.249 Thread 0x000002a3ec396910 DEOPT UNPACKING pc=0x000002a3b2ec69a3 sp=0x000000dc203fa6d0 mode 2
Event: 136.251 Thread 0x000002a3ec396910 Uncommon trap: trap_request=0xffffffde fr.pc=0x000002a3b46bbb8c relative=0x000000000000564c
Event: 136.251 Thread 0x000002a3ec396910 Uncommon trap: reason=class_check action=maybe_recompile pc=0x000002a3b46bbb8c method=com.android.tools.r8.ir.optimize.F.a(Ljava/util/Queue;Lcom/android/tools/r8/internal/BB;Lcom/android/tools/r8/internal/Z5;Lcom/android/tools/r8/ir/optimize/a;Lcom/androi
Event: 136.251 Thread 0x000002a3ec396910 DEOPT PACKING pc=0x000002a3b46bbb8c sp=0x000000dc203fa6e0
Event: 136.251 Thread 0x000002a3ec396910 DEOPT UNPACKING pc=0x000002a3b2ec69a3 sp=0x000000dc203fa6d0 mode 2
Event: 140.152 Thread 0x000002a3ec396910 Uncommon trap: trap_request=0xffffff45 fr.pc=0x000002a3b4280ea4 relative=0x0000000000000824
Event: 140.152 Thread 0x000002a3ec396910 Uncommon trap: reason=unstable_if action=reinterpret pc=0x000002a3b4280ea4 method=com.android.tools.r8.internal.rT.a(Lcom/android/tools/r8/internal/QU;ILcom/android/tools/r8/internal/rg0;ZLcom/android/tools/r8/internal/qg0;)I @ 86 c2
Event: 140.152 Thread 0x000002a3ec396910 DEOPT PACKING pc=0x000002a3b4280ea4 sp=0x000000dc203f9860
Event: 140.152 Thread 0x000002a3ec396910 DEOPT UNPACKING pc=0x000002a3b2ec69a3 sp=0x000000dc203f9810 mode 2
Event: 140.245 Thread 0x000002a3ec396910 Uncommon trap: trap_request=0xffffffde fr.pc=0x000002a3b444afe0 relative=0x00000000000007e0
Event: 140.245 Thread 0x000002a3ec396910 Uncommon trap: reason=class_check action=maybe_recompile pc=0x000002a3b444afe0 method=com.android.tools.r8.internal.rT.a(Lcom/android/tools/r8/internal/VE;Lcom/android/tools/r8/internal/qT;)Z @ 125 c2
Event: 140.245 Thread 0x000002a3ec396910 DEOPT PACKING pc=0x000002a3b444afe0 sp=0x000000dc203f9c10
Event: 140.245 Thread 0x000002a3ec396910 DEOPT UNPACKING pc=0x000002a3b2ec69a3 sp=0x000000dc203f9ba8 mode 2
Event: 140.282 Thread 0x000002a3ec396910 DEOPT PACKING pc=0x000002a3a648b797 sp=0x000000dc203f9c60
Event: 140.282 Thread 0x000002a3ec396910 DEOPT UNPACKING pc=0x000002a3b2ec7143 sp=0x000000dc203f9380 mode 0

Classes loaded (20 events):
Event: 123.900 Loading class java/util/IdentityHashMap$EntryIterator$Entry
Event: 123.901 Loading class java/util/IdentityHashMap$EntryIterator$Entry done
Event: 125.566 Loading class java/util/concurrent/ConcurrentHashMap$TreeNode
Event: 125.568 Loading class java/util/concurrent/ConcurrentHashMap$TreeNode done
Event: 125.568 Loading class java/util/concurrent/ConcurrentHashMap$TreeBin
Event: 125.571 Loading class java/util/concurrent/ConcurrentHashMap$TreeBin done
Event: 129.088 Loading class java/util/Collections$UnmodifiableSortedMap
Event: 129.091 Loading class java/util/Collections$UnmodifiableSortedMap done
Event: 130.736 Loading class java/util/zip/ZipOutputStream
Event: 130.738 Loading class java/util/zip/ZipOutputStream done
Event: 130.857 Loading class java/nio/file/FileTreeIterator
Event: 130.858 Loading class java/nio/file/FileTreeIterator done
Event: 131.073 Loading class java/util/zip/Deflater
Event: 131.075 Loading class java/util/zip/Deflater done
Event: 131.077 Loading class java/util/zip/Deflater$DeflaterZStreamRef
Event: 131.078 Loading class java/util/zip/Deflater$DeflaterZStreamRef done
Event: 131.085 Loading class java/util/zip/ZipOutputStream$XEntry
Event: 131.085 Loading class java/util/zip/ZipOutputStream$XEntry done
Event: 131.087 Loading class java/util/Vector$Itr
Event: 131.088 Loading class java/util/Vector$Itr done

Classes unloaded (0 events):
No events

Classes redefined (0 events):
No events

Internal exceptions (20 events):
Event: 129.445 Thread 0x000002a3f01d7380 Exception <a 'sun/nio/fs/WindowsException'{0x0000000098ad49c0}> (0x0000000098ad49c0) 
thrown [s\src\hotspot\share\prims\jni.cpp, line 516]
Event: 129.445 Thread 0x000002a3f01d7380 Exception <a 'sun/nio/fs/WindowsException'{0x0000000098ad58f8}> (0x0000000098ad58f8) 
thrown [s\src\hotspot\share\prims\jni.cpp, line 516]
Event: 129.445 Thread 0x000002a3f01d7380 Exception <a 'sun/nio/fs/WindowsException'{0x0000000098ad5af8}> (0x0000000098ad5af8) 
thrown [s\src\hotspot\share\prims\jni.cpp, line 516]
Event: 129.449 Thread 0x000002a3f65621a0 Exception <a 'sun/nio/fs/WindowsException'{0x00000000989924d8}> (0x00000000989924d8) 
thrown [s\src\hotspot\share\prims\jni.cpp, line 516]
Event: 129.449 Thread 0x000002a3f65621a0 Exception <a 'sun/nio/fs/WindowsException'{0x00000000989927b0}> (0x00000000989927b0) 
thrown [s\src\hotspot\share\prims\jni.cpp, line 516]
Event: 129.449 Thread 0x000002a3f65621a0 Exception <a 'sun/nio/fs/WindowsException'{0x00000000989929e0}> (0x00000000989929e0) 
thrown [s\src\hotspot\share\prims\jni.cpp, line 516]
Event: 129.708 Thread 0x000002a3f01d2ca0 Exception <a 'sun/nio/fs/WindowsException'{0x0000000094b4af60}> (0x0000000094b4af60) 
thrown [s\src\hotspot\share\prims\jni.cpp, line 516]
Event: 130.717 Thread 0x000002a3f01d2ca0 Exception <a 'sun/nio/fs/WindowsException'{0x00000000a02f15e8}> (0x00000000a02f15e8) 
thrown [s\src\hotspot\share\prims\jni.cpp, line 516]
Event: 130.781 Thread 0x000002a3f01d7380 Exception <a 'java/lang/NoSuchMethodError'{0x000000009ecce928}: 'java.lang.Object java.lang.invoke.DirectMethodHandle$Holder.newInvokeSpecial(java.lang.Object, int, java.lang.Object, java.lang.Object, java.lang.Object, java.lang.Object)'> (0x000000009ecce928) 
thrown [s\src\hotspot\share\interpreter\linkResolver.cpp, line 759]
Event: 130.806 Thread 0x000002a3f01d2ca0 Exception <a 'java/lang/NoSuchMethodError'{0x000000009e516568}: static Lcom/android/build/gradle/internal/tasks/DexArchiveBuilderTaskDelegate$ClasspathServiceKey;.<clinit>()V> (0x000000009e516568) 
thrown [s\src\hotspot\share\prims\jni.cpp, line 1112]
Event: 130.897 Thread 0x000002a3f65621a0 Exception <a 'sun/nio/fs/WindowsException'{0x000000009cb96c10}> (0x000000009cb96c10) 
thrown [s\src\hotspot\share\prims\jni.cpp, line 516]
Event: 130.897 Thread 0x000002a3f65621a0 Exception <a 'sun/nio/fs/WindowsException'{0x000000009cb97680}> (0x000000009cb97680) 
thrown [s\src\hotspot\share\prims\jni.cpp, line 516]
Event: 130.897 Thread 0x000002a3f65621a0 Exception <a 'sun/nio/fs/WindowsException'{0x000000009cb980d8}> (0x000000009cb980d8) 
thrown [s\src\hotspot\share\prims\jni.cpp, line 516]
Event: 130.901 Thread 0x000002a3f65621a0 Exception <a 'sun/nio/fs/WindowsException'{0x000000009cb9f5d8}> (0x000000009cb9f5d8) 
thrown [s\src\hotspot\share\prims\jni.cpp, line 516]
Event: 130.934 Thread 0x000002a3f65621a0 Exception <a 'sun/nio/fs/WindowsException'{0x000000009bdc1260}> (0x000000009bdc1260) 
thrown [s\src\hotspot\share\prims\jni.cpp, line 516]
Event: 131.159 Thread 0x000002a3f01d7380 Implicit null exception at 0x000002a3b45be013 to 0x000002a3b45be36c
Event: 131.178 Thread 0x000002a3f01d7380 Exception <a 'sun/nio/fs/WindowsException'{0x00000000992aae80}> (0x00000000992aae80) 
thrown [s\src\hotspot\share\prims\jni.cpp, line 516]
Event: 131.218 Thread 0x000002a3f0917620 Exception <a 'sun/nio/fs/WindowsException'{0x0000000098ca7f98}> (0x0000000098ca7f98) 
thrown [s\src\hotspot\share\prims\jni.cpp, line 516]
Event: 133.892 Thread 0x000002a3ec396910 Exception <a 'java/lang/NoSuchMethodError'{0x000000009cf28ce8}: 'void java.lang.invoke.DirectMethodHandle$Holder.invokeSpecialIFC(java.lang.Object, java.lang.Object, java.lang.Object, java.lang.Object)'> (0x000000009cf28ce8) 
thrown [s\src\hotspot\share\interpreter\linkResolver.cpp, line 759]
Event: 134.866 Thread 0x000002a3ec396910 Implicit null exception at 0x000002a3b45f178e to 0x000002a3b45f2928

VM Operations (20 events):
Event: 133.177 Executing VM operation: G1CollectForAllocation done
Event: 133.656 Executing VM operation: HandshakeAllThreads
Event: 133.657 Executing VM operation: HandshakeAllThreads done
Event: 133.901 Executing VM operation: HandshakeAllThreads
Event: 133.902 Executing VM operation: HandshakeAllThreads done
Event: 133.934 Executing VM operation: HandshakeAllThreads
Event: 133.934 Executing VM operation: HandshakeAllThreads done
Event: 134.028 Executing VM operation: ICBufferFull
Event: 134.029 Executing VM operation: ICBufferFull done
Event: 134.254 Executing VM operation: HandshakeAllThreads
Event: 134.254 Executing VM operation: HandshakeAllThreads done
Event: 134.366 Executing VM operation: G1CollectForAllocation
Event: 134.406 Executing VM operation: G1CollectForAllocation done
Event: 135.340 Executing VM operation: G1CollectForAllocation
Event: 135.523 Executing VM operation: G1CollectForAllocation done
Event: 136.523 Executing VM operation: Cleanup
Event: 136.523 Executing VM operation: Cleanup done
Event: 138.524 Executing VM operation: Cleanup
Event: 138.524 Executing VM operation: Cleanup done
Event: 140.308 Executing VM operation: G1CollectForAllocation

Memory protections (0 events):
No events

Nmethod flushes (20 events):
Event: 134.004 Thread 0x000002a3cb1895e0 flushing  nmethod 0x000002a3a694aa90
Event: 134.004 Thread 0x000002a3cb1895e0 flushing  nmethod 0x000002a3a694b490
Event: 134.004 Thread 0x000002a3cb1895e0 flushing  nmethod 0x000002a3a694b810
Event: 134.005 Thread 0x000002a3cb1895e0 flushing  nmethod 0x000002a3a6a98090
Event: 134.005 Thread 0x000002a3cb1895e0 flushing  nmethod 0x000002a3a6a98590
Event: 134.005 Thread 0x000002a3cb1895e0 flushing  nmethod 0x000002a3a6a9ab10
Event: 134.005 Thread 0x000002a3cb1895e0 flushing  nmethod 0x000002a3a6b88110
Event: 134.005 Thread 0x000002a3cb1895e0 flushing  nmethod 0x000002a3a6bd1390
Event: 134.005 Thread 0x000002a3cb1895e0 flushing  nmethod 0x000002a3a6bd1d10
Event: 134.005 Thread 0x000002a3cb1895e0 flushing  nmethod 0x000002a3a6bd2410
Event: 134.005 Thread 0x000002a3cb1895e0 flushing  nmethod 0x000002a3a6bdc190
Event: 134.005 Thread 0x000002a3cb1895e0 flushing  nmethod 0x000002a3a6be8010
Event: 134.005 Thread 0x000002a3cb1895e0 flushing  nmethod 0x000002a3a6be8490
Event: 134.005 Thread 0x000002a3cb1895e0 flushing  nmethod 0x000002a3a6be9110
Event: 134.005 Thread 0x000002a3cb1895e0 flushing  nmethod 0x000002a3a6be9990
Event: 134.006 Thread 0x000002a3cb1895e0 flushing  nmethod 0x000002a3a6beca90
Event: 134.006 Thread 0x000002a3cb1895e0 flushing  nmethod 0x000002a3a6bee090
Event: 134.006 Thread 0x000002a3cb1895e0 flushing  nmethod 0x000002a3a6bee710
Event: 134.006 Thread 0x000002a3cb1895e0 flushing  nmethod 0x000002a3a6bf7b90
Event: 134.006 Thread 0x000002a3cb1895e0 flushing  nmethod 0x000002a3a6c0ad90

Events (20 events):
Event: 111.043 Thread 0x000002a3f0919990 Thread exited: 0x000002a3f0919990
Event: 112.930 Thread 0x000002a3ee91b150 Thread exited: 0x000002a3ee91b150
Event: 115.260 Thread 0x000002a3cb1cf200 Thread exited: 0x000002a3cb1cf200
Event: 115.273 Thread 0x000002a3ee916050 Thread exited: 0x000002a3ee916050
Event: 115.287 Thread 0x000002a3cb1cecf0 Thread exited: 0x000002a3cb1cecf0
Event: 122.953 Thread 0x000002a3cb1690b0 Thread added: 0x000002a3f6679e10
Event: 123.339 Thread 0x000002a3f6564510 Thread added: 0x000002a3f0917620
Event: 123.426 Thread 0x000002a3f6564510 Thread added: 0x000002a3f091b2e0
Event: 123.476 Thread 0x000002a3f0917110 Thread added: 0x000002a3f091bd00
Event: 125.940 Thread 0x000002a3f0917620 Thread exited: 0x000002a3f0917620
Event: 128.854 Thread 0x000002a3f6679e10 Thread exited: 0x000002a3f6679e10
Event: 130.488 Thread 0x000002a3cb1690b0 Thread added: 0x000002a3f667ddd0
Event: 130.490 Thread 0x000002a3f091b2e0 Thread exited: 0x000002a3f091b2e0
Event: 130.839 Thread 0x000002a3f01d2ca0 Thread added: 0x000002a3f0917620
Event: 131.759 Thread 0x000002a3f667ddd0 Thread exited: 0x000002a3f667ddd0
Event: 132.749 Thread 0x000002a3cb1690b0 Thread added: 0x000002a3f667cde0
Event: 132.934 Thread 0x000002a3f667cde0 Thread exited: 0x000002a3f667cde0
Event: 132.935 Thread 0x000002a3cb1690b0 Thread added: 0x000002a3f667edc0
Event: 133.234 Thread 0x000002a3f65621a0 Thread exited: 0x000002a3f65621a0
Event: 133.446 Thread 0x000002a3cb1690b0 Thread added: 0x000002a3f667cde0


Dynamic libraries:
0x00007ff6e3ed0000 - 0x00007ff6e3ede000 	C:\Program Files\Microsoft\jdk-17.0.17.10-hotspot\bin\java.exe
0x00007ffa984c0000 - 0x00007ffa98728000 	C:\WINDOWS\SYSTEM32\ntdll.dll
0x00007ffa97f50000 - 0x00007ffa98019000 	C:\WINDOWS\System32\KERNEL32.DLL
0x00007ffa95530000 - 0x00007ffa95921000 	C:\WINDOWS\System32\KERNELBASE.dll
0x00007ffa95350000 - 0x00007ffa9549b000 	C:\WINDOWS\System32\ucrtbase.dll
0x00007ffa5ea90000 - 0x00007ffa5eaae000 	C:\Program Files\Microsoft\jdk-17.0.17.10-hotspot\bin\VCRUNTIME140.dll
0x00007ffa5eab0000 - 0x00007ffa5eac8000 	C:\Program Files\Microsoft\jdk-17.0.17.10-hotspot\bin\jli.dll
0x00007ffa96a60000 - 0x00007ffa96c26000 	C:\WINDOWS\System32\USER32.dll
0x00007ffa93fe0000 - 0x00007ffa94273000 	C:\WINDOWS\WinSxS\amd64_microsoft.windows.common-controls_6595b64144ccf1df_6.0.26100.7824_none_3e0870b2e3345462\COMCTL32.dll
0x00007ffa94fc0000 - 0x00007ffa94fe7000 	C:\WINDOWS\System32\win32u.dll
0x00007ffa98290000 - 0x00007ffa982bb000 	C:\WINDOWS\System32\GDI32.dll
0x00007ffa97220000 - 0x00007ffa972c9000 	C:\WINDOWS\System32\msvcrt.dll
0x00007ffa95220000 - 0x00007ffa9534b000 	C:\WINDOWS\System32\gdi32full.dll
0x00007ffa94f10000 - 0x00007ffa94fb3000 	C:\WINDOWS\System32\msvcp_win.dll
0x00007ffa967d0000 - 0x00007ffa96801000 	C:\WINDOWS\System32\IMM32.DLL
0x00007ffa6ddb0000 - 0x00007ffa6ddbc000 	C:\Program Files\Microsoft\jdk-17.0.17.10-hotspot\bin\vcruntime140_1.dll
0x00007ffa034f0000 - 0x00007ffa03579000 	C:\Program Files\Microsoft\jdk-17.0.17.10-hotspot\bin\msvcp140.dll
0x00007ffa02870000 - 0x00007ffa034ea000 	C:\Program Files\Microsoft\jdk-17.0.17.10-hotspot\bin\server\jvm.dll
0x00007ffa98150000 - 0x00007ffa98204000 	C:\WINDOWS\System32\ADVAPI32.dll
0x00007ffa96880000 - 0x00007ffa96926000 	C:\WINDOWS\System32\sechost.dll
0x00007ffa96cb0000 - 0x00007ffa96dc8000 	C:\WINDOWS\System32\RPCRT4.dll
0x00007ffa98210000 - 0x00007ffa98284000 	C:\WINDOWS\System32\WS2_32.dll
0x00007ffa94c00000 - 0x00007ffa94c5e000 	C:\WINDOWS\SYSTEM32\POWRPROF.dll
0x00007ffa8d680000 - 0x00007ffa8d68b000 	C:\WINDOWS\SYSTEM32\VERSION.dll
0x00007ffa8bac0000 - 0x00007ffa8baf5000 	C:\WINDOWS\SYSTEM32\WINMM.dll
0x00007ffa94be0000 - 0x00007ffa94bf4000 	C:\WINDOWS\SYSTEM32\UMPDC.dll
0x00007ffa93190000 - 0x00007ffa931ab000 	C:\WINDOWS\SYSTEM32\kernel.appcore.dll
0x00007ffa5ea80000 - 0x00007ffa5ea8a000 	C:\Program Files\Microsoft\jdk-17.0.17.10-hotspot\bin\jimage.dll
0x00007ffa94550000 - 0x00007ffa94792000 	C:\WINDOWS\SYSTEM32\DBGHELP.DLL
0x00007ffa97bb0000 - 0x00007ffa97f36000 	C:\WINDOWS\System32\combase.dll
0x00007ffa966f0000 - 0x00007ffa967c7000 	C:\WINDOWS\System32\OLEAUT32.dll
0x00007ffa94440000 - 0x00007ffa9447b000 	C:\WINDOWS\SYSTEM32\dbgcore.DLL
0x00007ffa94ff0000 - 0x00007ffa95095000 	C:\WINDOWS\System32\bcryptPrimitives.dll
0x00007ffa8d900000 - 0x00007ffa8d90f000 	C:\Program Files\Microsoft\jdk-17.0.17.10-hotspot\bin\instrument.dll
0x00007ffa5ea40000 - 0x00007ffa5ea66000 	C:\Program Files\Microsoft\jdk-17.0.17.10-hotspot\bin\java.dll
0x00007ffa02790000 - 0x00007ffa02866000 	C:\Program Files\Microsoft\jdk-17.0.17.10-hotspot\bin\jsvml.dll
0x00007ffa97450000 - 0x00007ffa97ba2000 	C:\WINDOWS\System32\SHELL32.dll
0x00007ffa94da0000 - 0x00007ffa94f0a000 	C:\WINDOWS\System32\wintypes.dll
0x00007ffa959f0000 - 0x00007ffa96253000 	C:\WINDOWS\System32\windows.storage.dll
0x00007ffa96930000 - 0x00007ffa96a26000 	C:\WINDOWS\System32\SHCORE.dll
0x00007ffa96810000 - 0x00007ffa96877000 	C:\WINDOWS\System32\shlwapi.dll
0x00007ffa94cc0000 - 0x00007ffa94ce9000 	C:\WINDOWS\SYSTEM32\profapi.dll
0x00007ffa5ea20000 - 0x00007ffa5ea38000 	C:\Program Files\Microsoft\jdk-17.0.17.10-hotspot\bin\zip.dll
0x00007ffa05430000 - 0x00007ffa0544b000 	C:\Program Files\Microsoft\jdk-17.0.17.10-hotspot\bin\net.dll
0x00007ffa8cc70000 - 0x00007ffa8cd97000 	C:\WINDOWS\SYSTEM32\WINHTTP.dll
0x00007ffa937d0000 - 0x00007ffa9383b000 	C:\WINDOWS\system32\mswsock.dll
0x00007ffa02770000 - 0x00007ffa02786000 	C:\Program Files\Microsoft\jdk-17.0.17.10-hotspot\bin\nio.dll
0x00007ffa0f590000 - 0x00007ffa0f5a0000 	C:\Program Files\Microsoft\jdk-17.0.17.10-hotspot\bin\verify.dll
0x00007ffa5fd40000 - 0x00007ffa5fd67000 	C:\Users\Aditya\.gradle\native\1def1411415f61bf3af743bc5b6707747c0891f09f0c88961ee8f79bc544acac\windows-amd64\native-platform.dll
0x00007ffa667e0000 - 0x00007ffa66857000 	C:\Users\Aditya\.gradle\native\0.2.8\x86_64-windows-gnu\gradle-fileevents.dll
0x00007ffa0f280000 - 0x00007ffa0f28a000 	C:\Program Files\Microsoft\jdk-17.0.17.10-hotspot\bin\management.dll
0x00007ffa0efd0000 - 0x00007ffa0efdc000 	C:\Program Files\Microsoft\jdk-17.0.17.10-hotspot\bin\management_ext.dll
0x00007ffa96a30000 - 0x00007ffa96a38000 	C:\WINDOWS\System32\PSAPI.DLL
0x00007ffa92c20000 - 0x00007ffa92c54000 	C:\WINDOWS\SYSTEM32\IPHLPAPI.DLL
0x00007ffa97210000 - 0x00007ffa9721a000 	C:\WINDOWS\System32\NSI.dll
0x00007ffa8cb10000 - 0x00007ffa8cb2e000 	C:\WINDOWS\SYSTEM32\dhcpcsvc6.DLL
0x00007ffa8cae0000 - 0x00007ffa8cb03000 	C:\WINDOWS\SYSTEM32\dhcpcsvc.DLL
0x00007ffa92cb0000 - 0x00007ffa92ddc000 	C:\WINDOWS\SYSTEM32\DNSAPI.dll
0x00007ffa0a8e0000 - 0x00007ffa0a8e9000 	C:\Program Files\Microsoft\jdk-17.0.17.10-hotspot\bin\extnet.dll
0x00007ffa948c0000 - 0x00007ffa948db000 	C:\WINDOWS\SYSTEM32\CRYPTSP.dll
0x00007ffa934f0000 - 0x00007ffa93529000 	C:\WINDOWS\system32\rsaenh.dll
0x00007ffa93a00000 - 0x00007ffa93a2b000 	C:\WINDOWS\SYSTEM32\USERENV.dll
0x00007ffa94c90000 - 0x00007ffa94cba000 	C:\WINDOWS\SYSTEM32\bcrypt.dll
0x00007ffa93d50000 - 0x00007ffa93d5c000 	C:\WINDOWS\SYSTEM32\CRYPTBASE.dll
0x00007ffa8d890000 - 0x00007ffa8d89e000 	C:\Program Files\Microsoft\jdk-17.0.17.10-hotspot\bin\sunmscapi.dll
0x00007ffa950a0000 - 0x00007ffa95217000 	C:\WINDOWS\System32\CRYPT32.dll
0x00007ffa93e60000 - 0x00007ffa93e90000 	C:\WINDOWS\SYSTEM32\ncrypt.dll
0x00007ffa93e10000 - 0x00007ffa93e4f000 	C:\WINDOWS\SYSTEM32\NTASN1.dll
0x00007ffa8e250000 - 0x00007ffa8e258000 	C:\WINDOWS\system32\wshunix.dll
0x00007ffa94510000 - 0x00007ffa94546000 	C:\WINDOWS\SYSTEM32\ntmarta.dll
0x00007ffa8f840000 - 0x00007ffa8f847000 	C:\Program Files\Microsoft\jdk-17.0.17.10-hotspot\bin\rmi.dll

dbghelp: loaded successfully - version: 4.0.5 - missing functions: none
symbol engine: initialized successfully - sym options: 0x614 - pdb path: .;C:\Program Files\Microsoft\jdk-17.0.17.10-hotspot\bin;C:\WINDOWS\SYSTEM32;C:\WINDOWS\WinSxS\amd64_microsoft.windows.common-controls_6595b64144ccf1df_6.0.26100.7824_none_3e0870b2e3345462;C:\Program Files\Microsoft\jdk-17.0.17.10-hotspot\bin\server;C:\Users\Aditya\.gradle\native\1def1411415f61bf3af743bc5b6707747c0891f09f0c88961ee8f79bc544acac\windows-amd64;C:\Users\Aditya\.gradle\native\0.2.8\x86_64-windows-gnu

VM Arguments:
jvm_args: --add-opens=java.base/java.lang=ALL-UNNAMED --add-opens=java.base/java.lang.invoke=ALL-UNNAMED --add-opens=java.base/java.util=ALL-UNNAMED --add-opens=java.prefs/java.util.prefs=ALL-UNNAMED --add-exports=jdk.compiler/com.sun.tools.javac.api=ALL-UNNAMED --add-exports=jdk.compiler/com.sun.tools.javac.util=ALL-UNNAMED --add-opens=java.base/java.util=ALL-UNNAMED --add-opens=java.prefs/java.util.prefs=ALL-UNNAMED --add-opens=java.base/java.nio.charset=ALL-UNNAMED --add-opens=java.base/java.net=ALL-UNNAMED --add-opens=java.base/java.util.concurrent=ALL-UNNAMED --add-opens=java.base/java.util.concurrent.atomic=ALL-UNNAMED --add-opens=java.xml/javax.xml.namespace=ALL-UNNAMED -XX:MaxMetaspaceSize=512m -XX:+HeapDumpOnOutOfMemoryError -XX:ReservedCodeCacheSize=512m -Xmx2048m -Dfile.encoding=windows-1252 -Duser.country=IN -Duser.language=en -Duser.variant -javaagent:C:\Users\Aditya\.gradle\wrapper\dists\gradle-9.0.0-bin\d6wjpkvcgsg3oed0qlfss3wgl\gradle-9.0.0\lib\agents\gradle-instrumentation-agent-9.0.0.jar 
java_command: org.gradle.launcher.daemon.bootstrap.GradleDaemon 9.0.0
java_class_path (initial): C:\Users\Aditya\.gradle\wrapper\dists\gradle-9.0.0-bin\d6wjpkvcgsg3oed0qlfss3wgl\gradle-9.0.0\lib\gradle-daemon-main-9.0.0.jar
Launcher Type: SUN_STANDARD

[Global flags]
     intx CICompilerCount                          = 4                                         {product} {ergonomic}
   size_t CompressedClassSpaceSize                 = 436207616                                 {product} {ergonomic}
     uint ConcGCThreads                            = 3                                         {product} {ergonomic}
     uint G1ConcRefinementThreads                  = 10                                        {product} {ergonomic}
   size_t G1HeapRegionSize                         = 1048576                                   {product} {ergonomic}
    uintx GCDrainStackTargetSize                   = 64                                        {product} {ergonomic}
     bool HeapDumpOnOutOfMemoryError               = true                                   {manageable} {command line}
   size_t InitialHeapSize                          = 98566144                                  {product} {ergonomic}
   size_t MarkStackSize                            = 4194304                                   {product} {ergonomic}
   size_t MaxHeapSize                              = 2147483648                                {product} {command line}
   size_t MaxMetaspaceSize                         = 536870912                                 {product} {command line}
   size_t MaxNewSize                               = 1287651328                                {product} {ergonomic}
   size_t MinHeapDeltaBytes                        = 1048576                                   {product} {ergonomic}
   size_t MinHeapSize                              = 8388608                                   {product} {ergonomic}
    uintx NonNMethodCodeHeapSize                   = 5839372                                {pd product} {ergonomic}
    uintx NonProfiledCodeHeapSize                  = 265515770                              {pd product} {ergonomic}
    uintx ProfiledCodeHeapSize                     = 265515770                              {pd product} {ergonomic}
    uintx ReservedCodeCacheSize                    = 536870912                              {pd product} {command line}
     bool SegmentedCodeCache                       = true                                      {product} {ergonomic}
   size_t SoftMaxHeapSize                          = 2147483648                             {manageable} {ergonomic}
   double SweeperThreshold                         = 0.234375                                  {product} {ergonomic}
     bool UseCompressedClassPointers               = true                           {product lp64_product} {ergonomic}
     bool UseCompressedOops                        = true                           {product lp64_product} {ergonomic}
     bool UseG1GC                                  = true                                      {product} {ergonomic}
     bool UseLargePagesIndividualAllocation        = false                                  {pd product} {ergonomic}

Logging:
Log output configuration:
 #0: stdout all=warning uptime,level,tags
 #1: stderr all=off uptime,level,tags

Environment Variables:
JAVA_HOME=C:\Program Files\Microsoft\jdk-17.0.17.10-hotspot\
PATH=c:\Users\Aditya\AppData\Roaming\Code\User\globalStorage\github.copilot-chat\debugCommand;c:\Users\Aditya\AppData\Roaming\Code\User\globalStorage\github.copilot-chat\copilotCli;C:\Program Files\Microsoft\jdk-17.0.17.10-hotspot\bin;C:\Program Files\Common Files\Oracle\Java\javapath;C:\Program Files (x86)\Common Files\Oracle\Java\javapath;C:\Program Files (x86)\Common Files\Intel\Shared Libraries\redist\intel64\compiler;C:\Windows\system32;C:\Windows;C:\Windows\System32\Wbem;C:\Windows\System32\WindowsPowerShell\v1.0\;C:\Windows\System32\OpenSSH\;C:\Program Files (x86)\NVIDIA Corporation\PhysX\Common;C:\Program Files\dotnet\;C:\WINDOWS\system32;C:\WINDOWS;C:\WINDOWS\System32\Wbem;C:\WINDOWS\System32\WindowsPowerShell\v1.0\;C:\WINDOWS\System32\OpenSSH\;C:\MinGW\bin;C:\Program Files\Git\cmd;C:\Program Files\MongoDB\Server\8.0\bin;C:\Users\Aditya\Downloads\mongosh-2.3.6-win32-x64\mongosh-2.3.6-win32-x64\bin;C:\Program Files\Java\jdk-24\bin;C:\Program Files\NVIDIA Corporation\NVIDIA App\NvDLISR;C:\Program Files\NVIDIA Corporation\Nsight Compute 2023.2.2\;C:\Program Files\NVIDIA GPU Computing Toolkit\CUDA\v12.2\bin;C:\Program Files\NVIDIA GPU Computing Toolkit\CUDA\v12.2\libnvvp;C:\Users\Aditya\AppData\Local\nvm;C:\nvm4w\nodejs;C:\Program Files\Docker\Docker\resources\bin;C:\ProgramData\chocolatey\bin;C:\Program Files\nodejs\;C:\Users\Aditya\AppData\Local\Android\Sdk\platform-tools;C:\Users\Aditya\AppData\Local\Android\Sdk\platform-tools;C:\Users\Aditya\AppData\Local\Android\Sdk\emulator;C:\Users\Aditya\AppData\Local\Android\Sdk\tools;C:\Users\Aditya\AppData\Local\Android\Sdk\tools\bin;C:\Users\Aditya\AppData\Local\Muse Hub\lib;C:\Users\Aditya\AppData\Local\Programs\Python\Launcher\;C:\Program Files\MySQL\MySQL Shell 8.0\bin\;C:\Users\Aditya\AppData\Local\Microsoft\WindowsApps;C:\Program Files\JetBrains\IntelliJ IDEA Community Edition 2022.3.3\bin;;C:\Users\Aditya\AppData\Local\Programs\Microsoft VS Code\bin;C:\Program Files\JetBrains\IntelliJ IDEA 2025.1.4\bin;;C:\Users\Aditya\AppData\Local\nvm;C:\nvm4w\nodejs;C:\Users\Aditya\AppData\Local\GitHubDesktop\bin;C:\Users\Aditya\AppData\Roaming\npm;C:\Users\Aditya\AppData\Local\Programs\Windsurf\bin;C:\Users\Aditya\AppData\Local\Muse Hub\lib
USERNAME=Aditya
LANG=en_US.UTF-8
OS=Windows_NT
PROCESSOR_IDENTIFIER=AMD64 Family 25 Model 80 Stepping 0, AuthenticAMD
TMP=C:\Users\Aditya\AppData\Local\Temp
TEMP=C:\Users\Aditya\AppData\Local\Temp



Periodic native trim disabled


---------------  S Y S T E M  ---------------

OS:
 Windows 11 , 64 bit Build 26100 (10.0.26100.7705)
OS uptime: 0 days 22:10 hours
Hyper-V role detected

CPU: total 12 (initial active 12) (12 cores per cpu, 2 threads per core) family 25 model 80 stepping 0 microcode 0xa50000c, cx8, cmov, fxsr, ht, mmx, 3dnowpref, sse, sse2, sse3, ssse3, sse4a, sse4.1, sse4.2, popcnt, lzcnt, tsc, tscinvbit, avx, avx2, aes, erms, clmul, bmi1, bmi2, adx, sha, fma, vzeroupper, clflush, clflushopt, hv
Processor Information for the first 12 processors :
  Max Mhz: 3301, Current Mhz: 3301, Mhz Limit: 3301

Memory: 4k page, system-wide physical 5996M (344M free)
TotalPageFile size 24428M (AvailPageFile size 1M)
current process WorkingSet (physical memory assigned to process): 658M, peak: 680M
current process commit charge ("private bytes"): 1533M, peak: 1533M

vm_info: OpenJDK 64-Bit Server VM (17.0.17+10-LTS) for windows-amd64 JRE (17.0.17+10-LTS), built on Oct 13 2025 22:19:56 by "MicrosoftCorporation" with unknown MS VC++:1944

END.
