#
# There is insufficient memory for the Java Runtime Environment to continue.
# Native memory allocation (malloc) failed to allocate 1268336 bytes. Error detail: Chunk::new
# Possible reasons:
#   The system is out of physical RAM or swap space
#   This process is running with CompressedOops enabled, and the Java Heap may be blocking the growth of the native heap
# Possible solutions:
#   Reduce memory load on the system
#   Increase physical memory or swap space
#   Check if swap backing store is full
#   Decrease Java heap size (-Xmx/-Xms)
#   Decrease number of Java threads
#   Decrease Java thread stack sizes (-Xss)
#   Set larger code cache with -XX:ReservedCodeCacheSize=
#   JVM is running with Unscaled Compressed Oops mode in which the Java heap is
#     placed in the first 4GB address space. The Java Heap base address is the
#     maximum limit for the native heap growth. Please use -XX:HeapBaseMinAddress
#     to set the Java Heap base and to place the Java Heap above 4GB virtual address.
# This output file may be truncated or incomplete.
#
#  Out of Memory Error (arena.cpp:191), pid=41880, tid=21228
#
# JRE version: OpenJDK Runtime Environment Microsoft-12574423 (17.0.17+10) (build 17.0.17+10-LTS)
# Java VM: OpenJDK 64-Bit Server VM Microsoft-12574423 (17.0.17+10-LTS, mixed mode, sharing, tiered, compressed oops, compressed class ptrs, g1 gc, windows-amd64)
# No core dump will be written. Minidumps are not enabled by default on client versions of Windows
#

---------------  S U M M A R Y ------------

Command Line: --add-opens=java.base/java.lang=ALL-UNNAMED --add-opens=java.base/java.lang.invoke=ALL-UNNAMED --add-opens=java.base/java.util=ALL-UNNAMED --add-opens=java.prefs/java.util.prefs=ALL-UNNAMED --add-exports=jdk.compiler/com.sun.tools.javac.api=ALL-UNNAMED --add-exports=jdk.compiler/com.sun.tools.javac.util=ALL-UNNAMED --add-opens=java.base/java.util=ALL-UNNAMED --add-opens=java.prefs/java.util.prefs=ALL-UNNAMED --add-opens=java.base/java.nio.charset=ALL-UNNAMED --add-opens=java.base/java.net=ALL-UNNAMED --add-opens=java.base/java.util.concurrent=ALL-UNNAMED --add-opens=java.base/java.util.concurrent.atomic=ALL-UNNAMED --add-opens=java.xml/javax.xml.namespace=ALL-UNNAMED -XX:MaxMetaspaceSize=512m -XX:+HeapDumpOnOutOfMemoryError -XX:ReservedCodeCacheSize=512m -Xmx2048m -Dfile.encoding=windows-1252 -Duser.country=IN -Duser.language=en -Duser.variant -javaagent:C:\Users\Aditya\.gradle\wrapper\dists\gradle-9.0.0-bin\d6wjpkvcgsg3oed0qlfss3wgl\gradle-9.0.0\lib\agents\gradle-instrumentation-agent-9.0.0.jar org.gradle.launcher.daemon.bootstrap.GradleDaemon 9.0.0

Host: AMD Ryzen 5 5600H with Radeon Graphics         , 12 cores, 5G,  Windows 11 , 64 bit Build 26100 (10.0.26100.7705)
Time: Mon Mar  2 16:23:50 2026 India Standard Time elapsed time: 68.816692 seconds (0d 0h 1m 8s)

---------------  T H R E A D  ---------------

Current thread (0x00000184061bdce0):  JavaThread "C2 CompilerThread0" daemon [_thread_in_native, id=21228, stack(0x0000002852f00000,0x0000002853000000)]


Current CompileTask:
C2:68816 21659   !   4       com.sun.tools.javac.parser.JavaTokenizer::readToken (1731 bytes)

Stack: [0x0000002852f00000,0x0000002853000000]
Native frames: (J=compiled Java code, j=interpreted, Vv=VM code, C=native code)
V  [jvm.dll+0x68c459]  (no source info available)
V  [jvm.dll+0x845e09]  (no source info available)
V  [jvm.dll+0x847b78]  (no source info available)
V  [jvm.dll+0x848203]  (no source info available)
V  [jvm.dll+0x24cf6f]  (no source info available)
V  [jvm.dll+0xaecb6]  (no source info available)
V  [jvm.dll+0xaf35c]  (no source info available)
V  [jvm.dll+0x37152f]  (no source info available)
V  [jvm.dll+0x33b8d5]  (no source info available)
V  [jvm.dll+0x33ad3a]  (no source info available)
V  [jvm.dll+0x21df29]  (no source info available)
V  [jvm.dll+0x21d36d]  (no source info available)
V  [jvm.dll+0x1a8ce6]  (no source info available)
V  [jvm.dll+0x22db1b]  (no source info available)
V  [jvm.dll+0x22bca6]  (no source info available)
V  [jvm.dll+0x7fb65b]  (no source info available)
V  [jvm.dll+0x7f5a5c]  (no source info available)
V  [jvm.dll+0x68d9f7]  (no source info available)
C  [ucrtbase.dll+0x37b0]  (no source info available)
C  [KERNEL32.DLL+0x2e8d7]  (no source info available)
C  [ntdll.dll+0x8c40c]  (no source info available)


---------------  P R O C E S S  ---------------

Threads class SMR info:
_java_thread_list=0x000001842a13e250, length=110, elements={
0x0000018456635e90, 0x0000018406198980, 0x0000018406199fc0, 0x00000184061b9420,
0x00000184061b9cf0, 0x00000184061bb130, 0x00000184061bc570, 0x00000184061bdce0,
0x00000184061c4670, 0x00000184061cdb00, 0x000001840617eef0, 0x00000184063ac310,
0x0000018426ec58f0, 0x000001842702ae90, 0x00000184271dc140, 0x00000184275b7030,
0x00000184274e5080, 0x0000018426db1be0, 0x00000184274a41c0, 0x00000184274a3cb0,
0x00000184274a3290, 0x00000184274a4be0, 0x00000184274a2d80, 0x00000184274a46d0,
0x00000184274a37a0, 0x00000184274a1e50, 0x00000184274a2360, 0x00000184274a50f0,
0x00000184274a1940, 0x00000184290f0600, 0x00000184290f00f0, 0x00000184290f0b10,
0x00000184290f2460, 0x00000184290f2e80, 0x00000184290f1020, 0x00000184290f3390,
0x00000184290f1a40, 0x00000184290f1530, 0x00000184290f1f50, 0x00000184290f2970,
0x00000184290efbe0, 0x00000184290f47d0, 0x00000184290f38a0, 0x00000184290f4ce0,
0x00000184290f5c10, 0x00000184290f6120, 0x00000184290f6630, 0x00000184290f7560,
0x00000184290f6b40, 0x00000184290f7050, 0x00000184290f42c0, 0x0000018426701510,
0x0000018426701a20, 0x0000018426701f30, 0x0000018426700af0, 0x00000184266ff6b0,
0x0000018426702440, 0x00000184266ff1a0, 0x0000018426703370, 0x0000018426702950,
0x0000018426702e60, 0x00000184266ffbc0, 0x0000018426703880, 0x00000184267000d0,
0x00000184267005e0, 0x00000184267047b0, 0x0000018426703d90, 0x00000184267042a0,
0x0000018426701000, 0x0000018426704cc0, 0x00000184267051d0, 0x00000184267056e0,
0x0000018426705bf0, 0x0000018426706b20, 0x0000018426706100, 0x0000018426706610,
0x00000184265685d0, 0x00000184265676a0, 0x0000018426568ae0, 0x0000018426569500,
0x000001842656a940, 0x000001842656e600, 0x000001842656c290, 0x000001842656a430,
0x000001842656ccb0, 0x000001842656e0f0, 0x000001842656d1c0, 0x000001842656d6d0,
0x00000184311c56e0, 0x00000184311c3370, 0x00000184311c42a0, 0x00000184311c3880,
0x00000184311c7540, 0x00000184311c3d90, 0x00000184311c8980, 0x00000184311c8e90,
0x00000184311c98b0, 0x0000018426569f20, 0x000001842656dbe0, 0x000001842656bd80,
0x0000018428ec1aa0, 0x0000018428ec0660, 0x0000018428ebfc40, 0x0000018428ec24c0,
0x0000018428ec0b70, 0x0000018428ec1080, 0x0000018428ec1590, 0x0000018428ec3e10,
0x0000018428ec4d40, 0x0000018428ec5250
}

Java Threads: ( => current thread )
  0x0000018456635e90 JavaThread "main" [_thread_blocked, id=60380, stack(0x0000002852200000,0x0000002852300000)]
  0x0000018406198980 JavaThread "Reference Handler" daemon [_thread_blocked, id=80256, stack(0x0000002852900000,0x0000002852a00000)]
  0x0000018406199fc0 JavaThread "Finalizer" daemon [_thread_blocked, id=45396, stack(0x0000002852a00000,0x0000002852b00000)]
  0x00000184061b9420 JavaThread "Signal Dispatcher" daemon [_thread_blocked, id=19084, stack(0x0000002852b00000,0x0000002852c00000)]
  0x00000184061b9cf0 JavaThread "Attach Listener" daemon [_thread_blocked, id=56384, stack(0x0000002852c00000,0x0000002852d00000)]
  0x00000184061bb130 JavaThread "Service Thread" daemon [_thread_blocked, id=80700, stack(0x0000002852d00000,0x0000002852e00000)]
  0x00000184061bc570 JavaThread "Monitor Deflation Thread" daemon [_thread_blocked, id=3596, stack(0x0000002852e00000,0x0000002852f00000)]
=>0x00000184061bdce0 JavaThread "C2 CompilerThread0" daemon [_thread_in_native, id=21228, stack(0x0000002852f00000,0x0000002853000000)]
  0x00000184061c4670 JavaThread "C1 CompilerThread0" daemon [_thread_blocked, id=28476, stack(0x0000002853000000,0x0000002853100000)]
  0x00000184061cdb00 JavaThread "Sweeper thread" daemon [_thread_blocked, id=31868, stack(0x0000002853100000,0x0000002853200000)]
  0x000001840617eef0 JavaThread "Common-Cleaner" daemon [_thread_blocked, id=33604, stack(0x0000002853200000,0x0000002853300000)]
  0x00000184063ac310 JavaThread "Notification Thread" daemon [_thread_blocked, id=67348, stack(0x0000002853300000,0x0000002853400000)]
  0x0000018426ec58f0 JavaThread "Daemon health stats" [_thread_blocked, id=26940, stack(0x0000002853500000,0x0000002853600000)]
  0x000001842702ae90 JavaThread "Incoming local TCP Connector on port 58739" [_thread_in_native, id=77368, stack(0x0000002853a00000,0x0000002853b00000)]
  0x00000184271dc140 JavaThread "Daemon periodic checks" [_thread_blocked, id=67168, stack(0x0000002853b00000,0x0000002853c00000)]
  0x00000184275b7030 JavaThread "Daemon" [_thread_blocked, id=58052, stack(0x0000002853c00000,0x0000002853d00000)]
  0x00000184274e5080 JavaThread "Handler for socket connection from /127.0.0.1:58739 to /127.0.0.1:58740" [_thread_in_native, id=64912, stack(0x0000002853d00000,0x0000002853e00000)]
  0x0000018426db1be0 JavaThread "Cancel handler" [_thread_blocked, id=38008, stack(0x0000002853e00000,0x0000002853f00000)]
  0x00000184274a41c0 JavaThread "Daemon worker" [_thread_blocked, id=33872, stack(0x0000002853f00000,0x0000002854000000)]
  0x00000184274a3cb0 JavaThread "Asynchronous log dispatcher for DefaultDaemonConnection: socket connection from /127.0.0.1:58739 to /127.0.0.1:58740" [_thread_blocked, id=5424, stack(0x0000002854000000,0x0000002854100000)]
  0x00000184274a3290 JavaThread "Stdin handler" [_thread_blocked, id=20396, stack(0x0000002854100000,0x0000002854200000)]
  0x00000184274a4be0 JavaThread "Daemon client event forwarder" [_thread_blocked, id=72148, stack(0x0000002854200000,0x0000002854300000)]
  0x00000184274a2d80 JavaThread "Cache worker for journal cache (C:\Users\Aditya\.gradle\caches\journal-1)" [_thread_blocked, id=71048, stack(0x0000002854900000,0x0000002854a00000)]
  0x00000184274a46d0 JavaThread "File lock request listener" [_thread_in_native, id=22488, stack(0x0000002854a00000,0x0000002854b00000)]
  0x00000184274a37a0 JavaThread "Cache worker for file hash cache (C:\Users\Aditya\.gradle\caches\9.0.0\fileHashes)" [_thread_blocked, id=36592, stack(0x0000002854b00000,0x0000002854c00000)]
  0x00000184274a1e50 JavaThread "Cache worker for file hash cache (C:\Users\Aditya\Downloads\videocall\VideoCallApp\android\.gradle\9.0.0\fileHashes)" [_thread_blocked, id=71652, stack(0x0000002854e00000,0x0000002854f00000)]
  0x00000184274a2360 JavaThread "Cache worker for Build Output Cleanup Cache (C:\Users\Aditya\Downloads\videocall\VideoCallApp\android\.gradle\buildOutputCleanup)" [_thread_blocked, id=69976, stack(0x0000002854f00000,0x0000002855000000)]
  0x00000184274a50f0 JavaThread "File watcher server" daemon [_thread_blocked, id=10472, stack(0x0000002855000000,0x0000002855100000)]
  0x00000184274a1940 JavaThread "File watcher consumer" daemon [_thread_blocked, id=76564, stack(0x0000002855100000,0x0000002855200000)]
  0x00000184290f0600 JavaThread "Cache worker for checksums cache (C:\Users\Aditya\Downloads\videocall\VideoCallApp\android\.gradle\9.0.0\checksums)" [_thread_blocked, id=77796, stack(0x0000002855200000,0x0000002855300000)]
  0x00000184290f00f0 JavaThread "Cache worker for file content cache (C:\Users\Aditya\.gradle\caches\9.0.0\fileContent)" [_thread_blocked, id=52872, stack(0x0000002855300000,0x0000002855400000)]
  0x00000184290f0b10 JavaThread "Cache worker for cache directory md-supplier (C:\Users\Aditya\.gradle\caches\9.0.0\md-supplier)" [_thread_blocked, id=69040, stack(0x0000002855400000,0x0000002855500000)]
  0x00000184290f2460 JavaThread "Cache worker for cache directory md-rule (C:\Users\Aditya\.gradle\caches\9.0.0\md-rule)" [_thread_blocked, id=35280, stack(0x0000002855500000,0x0000002855600000)]
  0x00000184290f2e80 JavaThread "jar transforms" [_thread_blocked, id=27736, stack(0x0000002855600000,0x0000002855700000)]
  0x00000184290f1020 JavaThread "Cache worker for Build Output Cleanup Cache (C:\Users\Aditya\Downloads\videocall\VideoCallApp\node_modules\@react-native\gradle-plugin\.gradle\buildOutputCleanup)" [_thread_blocked, id=17124, stack(0x0000002855700000,0x0000002855800000)]
  0x00000184290f3390 JavaThread "Unconstrained build operations" [_thread_blocked, id=72868, stack(0x0000002855800000,0x0000002855900000)]
  0x00000184290f1a40 JavaThread "Unconstrained build operations Thread 2" [_thread_blocked, id=10108, stack(0x0000002855900000,0x0000002855a00000)]
  0x00000184290f1530 JavaThread "Unconstrained build operations Thread 3" [_thread_blocked, id=22428, stack(0x0000002855a00000,0x0000002855b00000)]
  0x00000184290f1f50 JavaThread "Unconstrained build operations Thread 4" [_thread_blocked, id=66692, stack(0x0000002855b00000,0x0000002855c00000)]
  0x00000184290f2970 JavaThread "Unconstrained build operations Thread 5" [_thread_blocked, id=69192, stack(0x0000002855c00000,0x0000002855d00000)]
  0x00000184290efbe0 JavaThread "Unconstrained build operations Thread 6" [_thread_blocked, id=63496, stack(0x0000002855d00000,0x0000002855e00000)]
  0x00000184290f47d0 JavaThread "build event listener" [_thread_blocked, id=83868, stack(0x0000002855e00000,0x0000002855f00000)]
  0x00000184290f38a0 JavaThread "Memory manager" [_thread_blocked, id=47364, stack(0x0000002854800000,0x0000002854900000)]
  0x00000184290f4ce0 JavaThread "ForkJoinPool.commonPool-worker-1" daemon [_thread_blocked, id=45192, stack(0x0000002856000000,0x0000002856100000)]
  0x00000184290f5c10 JavaThread "ForkJoinPool.commonPool-worker-2" daemon [_thread_blocked, id=62576, stack(0x0000002856100000,0x0000002856200000)]
  0x00000184290f6120 JavaThread "ForkJoinPool.commonPool-worker-3" daemon [_thread_blocked, id=68416, stack(0x0000002856200000,0x0000002856300000)]
  0x00000184290f6630 JavaThread "ForkJoinPool.commonPool-worker-4" daemon [_thread_blocked, id=33108, stack(0x0000002856300000,0x0000002856400000)]
  0x00000184290f7560 JavaThread "ForkJoinPool.commonPool-worker-5" daemon [_thread_blocked, id=37044, stack(0x0000002856400000,0x0000002856500000)]
  0x00000184290f6b40 JavaThread "ForkJoinPool.commonPool-worker-7" daemon [_thread_blocked, id=43760, stack(0x0000002856500000,0x0000002856600000)]
  0x00000184290f7050 JavaThread "ForkJoinPool.commonPool-worker-6" daemon [_thread_blocked, id=47832, stack(0x0000002856600000,0x0000002856700000)]
  0x00000184290f42c0 JavaThread "ForkJoinPool.commonPool-worker-8" daemon [_thread_blocked, id=45080, stack(0x0000002856700000,0x0000002856800000)]
  0x0000018426701510 JavaThread "ForkJoinPool.commonPool-worker-10" daemon [_thread_blocked, id=14904, stack(0x0000002856800000,0x0000002856900000)]
  0x0000018426701a20 JavaThread "ForkJoinPool.commonPool-worker-9" daemon [_thread_blocked, id=75632, stack(0x0000002856900000,0x0000002856a00000)]
  0x0000018426701f30 JavaThread "ForkJoinPool.commonPool-worker-11" daemon [_thread_blocked, id=79592, stack(0x0000002856a00000,0x0000002856b00000)]
  0x0000018426700af0 JavaThread "Exec process" [_thread_blocked, id=65484, stack(0x0000002856b00000,0x0000002856c00000)]
  0x00000184266ff6b0 JavaThread "Exec process Thread 2" [_thread_blocked, id=26884, stack(0x0000002856c00000,0x0000002856d00000)]
  0x0000018426702440 JavaThread "Exec process Thread 3" [_thread_blocked, id=17464, stack(0x0000002856d00000,0x0000002856e00000)]
  0x00000184266ff1a0 JavaThread "included builds" [_thread_blocked, id=26344, stack(0x0000002856e00000,0x0000002856f00000)]
  0x0000018426703370 JavaThread "included builds Thread 2" [_thread_blocked, id=22096, stack(0x0000002856f00000,0x0000002857000000)]
  0x0000018426702950 JavaThread "Execution worker" [_thread_blocked, id=20512, stack(0x0000002857000000,0x0000002857100000)]
  0x0000018426702e60 JavaThread "Cache worker for execution history cache (C:\Users\Aditya\Downloads\videocall\VideoCallApp\node_modules\@react-native\gradle-plugin\.gradle\9.0.0\executionHistory)" [_thread_blocked, id=67172, stack(0x0000002857100000,0x0000002857200000)]
  0x00000184266ffbc0 JavaThread "Unconstrained build operations Thread 7" [_thread_blocked, id=40256, stack(0x0000002857200000,0x0000002857300000)]
  0x0000018426703880 JavaThread "Unconstrained build operations Thread 8" [_thread_blocked, id=63264, stack(0x0000002857300000,0x0000002857400000)]
  0x00000184267000d0 JavaThread "Unconstrained build operations Thread 9" [_thread_blocked, id=83292, stack(0x0000002857400000,0x0000002857500000)]
  0x00000184267005e0 JavaThread "Unconstrained build operations Thread 10" [_thread_blocked, id=23248, stack(0x0000002857500000,0x0000002857600000)]
  0x00000184267047b0 JavaThread "Unconstrained build operations Thread 11" [_thread_blocked, id=10404, stack(0x0000002857600000,0x0000002857700000)]
  0x0000018426703d90 JavaThread "Unconstrained build operations Thread 12" [_thread_blocked, id=15940, stack(0x0000002857700000,0x0000002857800000)]
  0x00000184267042a0 JavaThread "Unconstrained build operations Thread 13" [_thread_blocked, id=58112, stack(0x0000002857800000,0x0000002857900000)]
  0x0000018426701000 JavaThread "Unconstrained build operations Thread 14" [_thread_blocked, id=8568, stack(0x0000002857900000,0x0000002857a00000)]
  0x0000018426704cc0 JavaThread "jar transforms Thread 2" [_thread_blocked, id=45780, stack(0x0000002857a00000,0x0000002857b00000)]
  0x00000184267051d0 JavaThread "jar transforms Thread 3" [_thread_blocked, id=15388, stack(0x0000002857b00000,0x0000002857c00000)]
  0x00000184267056e0 JavaThread "Unconstrained build operations Thread 15" [_thread_blocked, id=53468, stack(0x0000002857c00000,0x0000002857d00000)]
  0x0000018426705bf0 JavaThread "Unconstrained build operations Thread 16" [_thread_blocked, id=28940, stack(0x0000002857d00000,0x0000002857e00000)]
  0x0000018426706b20 JavaThread "Unconstrained build operations Thread 17" [_thread_blocked, id=27944, stack(0x0000002857e00000,0x0000002857f00000)]
  0x0000018426706100 JavaThread "Unconstrained build operations Thread 18" [_thread_blocked, id=54464, stack(0x0000002857f00000,0x0000002858000000)]
  0x0000018426706610 JavaThread "Unconstrained build operations Thread 19" [_thread_blocked, id=82076, stack(0x0000002858000000,0x0000002858100000)]
  0x00000184265685d0 JavaThread "jar transforms Thread 4" [_thread_blocked, id=27072, stack(0x0000002858100000,0x0000002858200000)]
  0x00000184265676a0 JavaThread "jar transforms Thread 5" [_thread_blocked, id=79832, stack(0x0000002858200000,0x0000002858300000)]
  0x0000018426568ae0 JavaThread "jar transforms Thread 6" [_thread_blocked, id=46992, stack(0x0000002858300000,0x0000002858400000)]
  0x0000018426569500 JavaThread "build event listener" [_thread_blocked, id=4104, stack(0x0000002858400000,0x0000002858500000)]
  0x000001842656a940 JavaThread "Problems report writer" [_thread_blocked, id=46148, stack(0x0000002858500000,0x0000002858600000)]
  0x000001842656e600 JavaThread "jar transforms Thread 7" [_thread_blocked, id=29548, stack(0x0000002858600000,0x0000002858700000)]
  0x000001842656c290 JavaThread "Unconstrained build operations Thread 20" [_thread_blocked, id=83208, stack(0x0000002858700000,0x0000002858800000)]
  0x000001842656a430 JavaThread "jar transforms Thread 8" [_thread_blocked, id=60900, stack(0x0000002858800000,0x0000002858900000)]
  0x000001842656ccb0 JavaThread "jar transforms Thread 9" [_thread_blocked, id=48640, stack(0x0000002858900000,0x0000002858a00000)]
  0x000001842656e0f0 JavaThread "jar transforms Thread 10" [_thread_blocked, id=16328, stack(0x0000002858a00000,0x0000002858b00000)]
  0x000001842656d1c0 JavaThread "jar transforms Thread 11" [_thread_blocked, id=11232, stack(0x0000002858b00000,0x0000002858c00000)]
  0x000001842656d6d0 JavaThread "jar transforms Thread 12" [_thread_blocked, id=13020, stack(0x0000002858c00000,0x0000002858d00000)]
  0x00000184311c56e0 JavaThread "Exec process" [_thread_blocked, id=69892, stack(0x0000002858d00000,0x0000002858e00000)]
  0x00000184311c3370 JavaThread "Exec process Thread 2" [_thread_blocked, id=58316, stack(0x0000002858e00000,0x0000002858f00000)]
  0x00000184311c42a0 JavaThread "Exec process Thread 3" [_thread_blocked, id=24468, stack(0x0000002858f00000,0x0000002859000000)]
  0x00000184311c3880 JavaThread "pool-3-thread-1" [_thread_blocked, id=36656, stack(0x0000002859000000,0x0000002859100000)]
  0x00000184311c7540 JavaThread "build event listener" [_thread_blocked, id=19340, stack(0x0000002859100000,0x0000002859200000)]
  0x00000184311c3d90 JavaThread "Cache worker for execution history cache (C:\Users\Aditya\Downloads\videocall\VideoCallApp\android\.gradle\9.0.0\executionHistory)" [_thread_blocked, id=56664, stack(0x0000002859200000,0x0000002859300000)]
  0x00000184311c8980 JavaThread "WorkerExecutor Queue" [_thread_blocked, id=13044, stack(0x0000002859400000,0x0000002859500000)]
  0x00000184311c8e90 JavaThread "RMI Scheduler(0)" daemon [_thread_blocked, id=83224, stack(0x0000002859500000,0x0000002859600000)]
  0x00000184311c98b0 JavaThread "RMI GC Daemon" daemon [_thread_blocked, id=22384, stack(0x0000002859700000,0x0000002859800000)]
  0x0000018426569f20 JavaThread "WorkerExecutor Queue Thread 2" [_thread_blocked, id=29440, stack(0x0000002859a00000,0x0000002859b00000)]
  0x000001842656dbe0 JavaThread "RMI RenewClean-[127.0.0.1:17339,org.jetbrains.kotlin.daemon.common.LoopbackNetworkInterface$ClientLoopbackSocketFactory@3ee2eba0]" daemon [_thread_blocked, id=29108, stack(0x0000002859b00000,0x0000002859c00000)]
  0x000001842656bd80 JavaThread "RMI TCP Accept-0" daemon [_thread_in_native, id=84096, stack(0x0000002859c00000,0x0000002859d00000)]
  0x0000018428ec1aa0 JavaThread "RMI Reaper" [_thread_blocked, id=27868, stack(0x0000002859d00000,0x0000002859e00000)]
  0x0000018428ec0660 JavaThread "RMI RenewClean-[127.0.0.1:17937,org.jetbrains.kotlin.daemon.common.LoopbackNetworkInterface$ClientLoopbackSocketFactory@49b34b5a]" daemon [_thread_blocked, id=29308, stack(0x0000002859f00000,0x000000285a000000)]
  0x0000018428ebfc40 JavaThread "RMI TCP Connection(1)-127.0.0.1" daemon [_thread_in_native, id=27348, stack(0x000000285a000000,0x000000285a100000)]
  0x0000018428ec24c0 JavaThread "RMI TCP Connection(2)-127.0.0.1" daemon [_thread_in_native, id=52636, stack(0x000000285a100000,0x000000285a200000)]
  0x0000018428ec0b70 JavaThread "Cache worker for Java compile cache (C:\Users\Aditya\.gradle\caches\9.0.0\javaCompile)" [_thread_blocked, id=80116, stack(0x000000285a200000,0x000000285a300000)]
  0x0000018428ec1080 JavaThread "Build operations" [_thread_blocked, id=14796, stack(0x0000002859e00000,0x0000002859f00000)]
  0x0000018428ec1590 JavaThread "Build operations Thread 2" [_thread_blocked, id=79308, stack(0x0000002852100000,0x0000002852200000)]
  0x0000018428ec3e10 JavaThread "RMI RenewClean-[127.0.0.1:17339,org.jetbrains.kotlin.daemon.common.LoopbackNetworkInterface$ClientLoopbackSocketFactory@76b4191]" daemon [_thread_blocked, id=20156, stack(0x0000002859600000,0x0000002859700000)]
  0x0000018428ec4d40 JavaThread "RMI RenewClean-[127.0.0.1:17937,org.jetbrains.kotlin.daemon.common.LoopbackNetworkInterface$ClientLoopbackSocketFactory@5a3478cf]" daemon [_thread_blocked, id=38828, stack(0x0000002859800000,0x0000002859900000)]
  0x0000018428ec5250 JavaThread "RMI TCP Connection(3)-127.0.0.1" daemon [_thread_in_native, id=22860, stack(0x0000002859900000,0x0000002859a00000)]

Other Threads:
  0x0000018406191a00 VMThread "VM Thread" [stack: 0x0000002852800000,0x0000002852900000] [id=58692]
  0x0000018456636c20 WatcherThread [stack: 0x0000002853400000,0x0000002853500000] [id=27492]
  0x0000018456692d90 GCTaskThread "GC Thread#0" [stack: 0x0000002852300000,0x0000002852400000] [id=69912]
  0x00000184066563b0 GCTaskThread "GC Thread#1" [stack: 0x0000002853600000,0x0000002853700000] [id=2560]
  0x000001840693e390 GCTaskThread "GC Thread#2" [stack: 0x0000002853700000,0x0000002853800000] [id=46576]
  0x0000018426279150 GCTaskThread "GC Thread#3" [stack: 0x0000002853800000,0x0000002853900000] [id=20532]
  0x00000184262796f0 GCTaskThread "GC Thread#4" [stack: 0x0000002853900000,0x0000002853a00000] [id=79588]
  0x0000018426279f60 GCTaskThread "GC Thread#5" [stack: 0x0000002854300000,0x0000002854400000] [id=33056]
  0x0000018426278340 GCTaskThread "GC Thread#6" [stack: 0x0000002854400000,0x0000002854500000] [id=25680]
  0x0000018426278610 GCTaskThread "GC Thread#7" [stack: 0x0000002854500000,0x0000002854600000] [id=23932]
  0x0000018426279c90 GCTaskThread "GC Thread#8" [stack: 0x0000002854600000,0x0000002854700000] [id=37708]
  0x00000184262788e0 GCTaskThread "GC Thread#9" [stack: 0x0000002854700000,0x0000002854800000] [id=33956]
  0x00000184566a58e0 ConcurrentGCThread "G1 Main Marker" [stack: 0x0000002852400000,0x0000002852500000] [id=73936]
  0x00000184566a69b0 ConcurrentGCThread "G1 Conc#0" [stack: 0x0000002852500000,0x0000002852600000] [id=53216]
  0x0000018427ada1a0 ConcurrentGCThread "G1 Conc#1" [stack: 0x0000002854c00000,0x0000002854d00000] [id=26648]
  0x0000018427ad7fe0 ConcurrentGCThread "G1 Conc#2" [stack: 0x0000002854d00000,0x0000002854e00000] [id=61244]
  0x00000184566de670 ConcurrentGCThread "G1 Refine#0" [stack: 0x0000002852600000,0x0000002852700000] [id=42536]
  0x000001842b4fcb20 ConcurrentGCThread "G1 Refine#1" [stack: 0x0000002851f00000,0x0000002852000000] [id=28500]
  0x000001842b4fce20 ConcurrentGCThread "G1 Refine#2" [stack: 0x0000002852000000,0x0000002852100000] [id=65872]
  0x0000018406045130 ConcurrentGCThread "G1 Service" [stack: 0x0000002852700000,0x0000002852800000] [id=21548]

Threads with active compile tasks:
C2 CompilerThread0  69226 21659   !   4       com.sun.tools.javac.parser.JavaTokenizer::readToken (1731 bytes)

VM state: at safepoint (normal execution)

VM Mutex/Monitor currently owned by a thread:  ([mutex/lock_event])
[0x0000018456630f00] Threads_lock - owner thread: 0x0000018406191a00
[0x0000018456631bf0] Heap_lock - owner thread: 0x00000184266ff1a0

Heap address: 0x0000000080000000, size: 2048 MB, Compressed Oops mode: 32-bit

CDS archive(s) mapped at: [0x0000018407000000-0x0000018407bb0000-0x0000018407bb0000), size 12255232, SharedBaseAddress: 0x0000018407000000, ArchiveRelocationMode: 1.
Compressed class space mapped at: 0x0000018408000000-0x0000018422000000, reserved size: 436207616
Narrow klass base: 0x0000018407000000, Narrow klass shift: 0, Narrow klass range: 0x100000000

GC Precious Log:
 CPUs: 12 total, 12 available
 Memory: 5996M
 Large Page Support: Disabled
 NUMA Support: Disabled
 Compressed Oops: Enabled (32-bit)
 Heap Region Size: 1M
 Heap Min Capacity: 8M
 Heap Initial Capacity: 94M
 Heap Max Capacity: 2G
 Pre-touch: Disabled
 Parallel Workers: 10
 Concurrent Workers: 3
 Concurrent Refinement Workers: 10
 Periodic GC: Disabled

Heap:
 garbage-first heap   total 515072K, used 416482K [0x0000000080000000, 0x0000000100000000)
  region size 1024K, 189 young (193536K), 11 survivors (11264K)
 Metaspace       used 144971K, committed 146624K, reserved 557056K
  class space    used 19874K, committed 20672K, reserved 425984K

Heap Regions: E=young(eden), S=young(survivor), O=old, HS=humongous(starts), HC=humongous(continues), CS=collection set, F=free, OA=open archive, CA=closed archive, TAMS=top-at-mark-start (previous, next)
|   0|0x0000000080000000, 0x0000000080100000, 0x0000000080100000|100%|HS|  |TAMS 0x0000000080100000, 0x0000000080000000| Complete 
|   1|0x0000000080100000, 0x0000000080200000, 0x0000000080200000|100%|HC|  |TAMS 0x0000000080200000, 0x0000000080100000| Complete 
|   2|0x0000000080200000, 0x0000000080300000, 0x0000000080300000|100%|HC|  |TAMS 0x0000000080300000, 0x0000000080200000| Complete 
|   3|0x0000000080300000, 0x0000000080400000, 0x0000000080400000|100%| O|  |TAMS 0x0000000080400000, 0x0000000080300000| Untracked 
|   4|0x0000000080400000, 0x0000000080500000, 0x0000000080500000|100%| O|  |TAMS 0x0000000080500000, 0x0000000080400000| Untracked 
|   5|0x0000000080500000, 0x0000000080600000, 0x0000000080600000|100%| O|  |TAMS 0x0000000080600000, 0x0000000080500000| Untracked 
|   6|0x0000000080600000, 0x0000000080700000, 0x0000000080700000|100%|HS|  |TAMS 0x0000000080700000, 0x0000000080600000| Complete 
|   7|0x0000000080700000, 0x0000000080800000, 0x0000000080800000|100%| O|  |TAMS 0x0000000080800000, 0x0000000080700000| Untracked 
|   8|0x0000000080800000, 0x0000000080900000, 0x0000000080900000|100%| O|  |TAMS 0x0000000080900000, 0x0000000080800000| Untracked 
|   9|0x0000000080900000, 0x0000000080a00000, 0x0000000080a00000|100%| O|  |TAMS 0x0000000080a00000, 0x0000000080900000| Untracked 
|  10|0x0000000080a00000, 0x0000000080b00000, 0x0000000080b00000|100%| O|  |TAMS 0x0000000080b00000, 0x0000000080a00000| Untracked 
|  11|0x0000000080b00000, 0x0000000080c00000, 0x0000000080c00000|100%| O|  |TAMS 0x0000000080c00000, 0x0000000080b00000| Untracked 
|  12|0x0000000080c00000, 0x0000000080d00000, 0x0000000080d00000|100%| O|  |TAMS 0x0000000080d00000, 0x0000000080c00000| Untracked 
|  13|0x0000000080d00000, 0x0000000080e00000, 0x0000000080e00000|100%| O|  |TAMS 0x0000000080e00000, 0x0000000080d00000| Untracked 
|  14|0x0000000080e00000, 0x0000000080f00000, 0x0000000080f00000|100%| O|  |TAMS 0x0000000080f00000, 0x0000000080e00000| Untracked 
|  15|0x0000000080f00000, 0x0000000081000000, 0x0000000081000000|100%| O|  |TAMS 0x0000000081000000, 0x0000000080f00000| Untracked 
|  16|0x0000000081000000, 0x0000000081100000, 0x0000000081100000|100%| O|  |TAMS 0x0000000081100000, 0x0000000081000000| Untracked 
|  17|0x0000000081100000, 0x0000000081200000, 0x0000000081200000|100%| O|  |TAMS 0x0000000081200000, 0x0000000081100000| Untracked 
|  18|0x0000000081200000, 0x0000000081300000, 0x0000000081300000|100%| O|  |TAMS 0x0000000081300000, 0x0000000081200000| Untracked 
|  19|0x0000000081300000, 0x0000000081400000, 0x0000000081400000|100%| O|  |TAMS 0x0000000081400000, 0x0000000081300000| Untracked 
|  20|0x0000000081400000, 0x0000000081500000, 0x0000000081500000|100%| O|  |TAMS 0x0000000081500000, 0x0000000081400000| Untracked 
|  21|0x0000000081500000, 0x0000000081600000, 0x0000000081600000|100%|HS|  |TAMS 0x0000000081500000, 0x0000000081500000| Complete 
|  22|0x0000000081600000, 0x0000000081700000, 0x0000000081700000|100%| O|  |TAMS 0x0000000081700000, 0x0000000081600000| Untracked 
|  23|0x0000000081700000, 0x0000000081800000, 0x0000000081800000|100%| O|  |TAMS 0x0000000081800000, 0x0000000081700000| Untracked 
|  24|0x0000000081800000, 0x0000000081900000, 0x0000000081900000|100%| O|  |TAMS 0x0000000081900000, 0x0000000081800000| Untracked 
|  25|0x0000000081900000, 0x0000000081a00000, 0x0000000081a00000|100%| O|  |TAMS 0x0000000081a00000, 0x0000000081900000| Untracked 
|  26|0x0000000081a00000, 0x0000000081b00000, 0x0000000081b00000|100%| O|  |TAMS 0x0000000081b00000, 0x0000000081a00000| Untracked 
|  27|0x0000000081b00000, 0x0000000081c00000, 0x0000000081c00000|100%| O|  |TAMS 0x0000000081c00000, 0x0000000081b00000| Untracked 
|  28|0x0000000081c00000, 0x0000000081d00000, 0x0000000081d00000|100%| O|  |TAMS 0x0000000081d00000, 0x0000000081c00000| Untracked 
|  29|0x0000000081d00000, 0x0000000081e00000, 0x0000000081e00000|100%| O|  |TAMS 0x0000000081e00000, 0x0000000081d00000| Untracked 
|  30|0x0000000081e00000, 0x0000000081f00000, 0x0000000081f00000|100%| O|  |TAMS 0x0000000081f00000, 0x0000000081e00000| Untracked 
|  31|0x0000000081f00000, 0x0000000082000000, 0x0000000082000000|100%| O|  |TAMS 0x0000000082000000, 0x0000000081f00000| Untracked 
|  32|0x0000000082000000, 0x0000000082100000, 0x0000000082100000|100%|HS|  |TAMS 0x0000000082100000, 0x0000000082000000| Complete 
|  33|0x0000000082100000, 0x0000000082200000, 0x0000000082200000|100%| O|  |TAMS 0x0000000082200000, 0x0000000082100000| Untracked 
|  34|0x0000000082200000, 0x0000000082300000, 0x0000000082300000|100%|HS|  |TAMS 0x0000000082300000, 0x0000000082200000| Complete 
|  35|0x0000000082300000, 0x0000000082400000, 0x0000000082400000|100%|HC|  |TAMS 0x0000000082400000, 0x0000000082300000| Complete 
|  36|0x0000000082400000, 0x0000000082500000, 0x0000000082500000|100%|HC|  |TAMS 0x0000000082500000, 0x0000000082400000| Complete 
|  37|0x0000000082500000, 0x0000000082600000, 0x0000000082600000|100%|HS|  |TAMS 0x0000000082600000, 0x0000000082500000| Complete 
|  38|0x0000000082600000, 0x0000000082700000, 0x0000000082700000|100%|HC|  |TAMS 0x0000000082700000, 0x0000000082600000| Complete 
|  39|0x0000000082700000, 0x0000000082800000, 0x0000000082800000|100%|HC|  |TAMS 0x0000000082800000, 0x0000000082700000| Complete 
|  40|0x0000000082800000, 0x0000000082900000, 0x0000000082900000|100%| O|  |TAMS 0x0000000082900000, 0x0000000082800000| Untracked 
|  41|0x0000000082900000, 0x0000000082a00000, 0x0000000082a00000|100%| O|  |TAMS 0x0000000082a00000, 0x0000000082900000| Untracked 
|  42|0x0000000082a00000, 0x0000000082b00000, 0x0000000082b00000|100%| O|  |TAMS 0x0000000082b00000, 0x0000000082a00000| Untracked 
|  43|0x0000000082b00000, 0x0000000082c00000, 0x0000000082c00000|100%| O|  |TAMS 0x0000000082c00000, 0x0000000082b00000| Untracked 
|  44|0x0000000082c00000, 0x0000000082d00000, 0x0000000082d00000|100%| O|  |TAMS 0x0000000082d00000, 0x0000000082c00000| Untracked 
|  45|0x0000000082d00000, 0x0000000082e00000, 0x0000000082e00000|100%| O|  |TAMS 0x0000000082e00000, 0x0000000082d00000| Untracked 
|  46|0x0000000082e00000, 0x0000000082f00000, 0x0000000082f00000|100%| O|  |TAMS 0x0000000082f00000, 0x0000000082e00000| Untracked 
|  47|0x0000000082f00000, 0x0000000083000000, 0x0000000083000000|100%| O|  |TAMS 0x0000000083000000, 0x0000000082f00000| Untracked 
|  48|0x0000000083000000, 0x0000000083100000, 0x0000000083100000|100%|HS|  |TAMS 0x0000000083100000, 0x0000000083000000| Complete 
|  49|0x0000000083100000, 0x0000000083200000, 0x0000000083200000|100%| O|  |TAMS 0x0000000083200000, 0x0000000083100000| Untracked 
|  50|0x0000000083200000, 0x0000000083300000, 0x0000000083300000|100%| O|  |TAMS 0x0000000083300000, 0x0000000083200000| Untracked 
|  51|0x0000000083300000, 0x0000000083400000, 0x0000000083400000|100%| O|  |TAMS 0x0000000083400000, 0x0000000083300000| Untracked 
|  52|0x0000000083400000, 0x0000000083500000, 0x0000000083500000|100%| O|  |TAMS 0x0000000083500000, 0x0000000083400000| Untracked 
|  53|0x0000000083500000, 0x0000000083600000, 0x0000000083600000|100%| O|  |TAMS 0x0000000083600000, 0x0000000083500000| Untracked 
|  54|0x0000000083600000, 0x0000000083700000, 0x0000000083700000|100%| O|  |TAMS 0x0000000083700000, 0x0000000083600000| Untracked 
|  55|0x0000000083700000, 0x0000000083800000, 0x0000000083800000|100%| O|  |TAMS 0x0000000083800000, 0x0000000083700000| Untracked 
|  56|0x0000000083800000, 0x0000000083900000, 0x0000000083900000|100%| O|  |TAMS 0x0000000083900000, 0x0000000083800000| Untracked 
|  57|0x0000000083900000, 0x0000000083a00000, 0x0000000083a00000|100%|HS|  |TAMS 0x0000000083a00000, 0x0000000083900000| Complete 
|  58|0x0000000083a00000, 0x0000000083b00000, 0x0000000083b00000|100%|HS|  |TAMS 0x0000000083b00000, 0x0000000083a00000| Complete 
|  59|0x0000000083b00000, 0x0000000083c00000, 0x0000000083c00000|100%| O|  |TAMS 0x0000000083c00000, 0x0000000083b00000| Untracked 
|  60|0x0000000083c00000, 0x0000000083d00000, 0x0000000083d00000|100%| O|  |TAMS 0x0000000083d00000, 0x0000000083c00000| Untracked 
|  61|0x0000000083d00000, 0x0000000083e00000, 0x0000000083e00000|100%| O|  |TAMS 0x0000000083e00000, 0x0000000083d00000| Untracked 
|  62|0x0000000083e00000, 0x0000000083f00000, 0x0000000083f00000|100%| O|  |TAMS 0x0000000083f00000, 0x0000000083e00000| Untracked 
|  63|0x0000000083f00000, 0x0000000084000000, 0x0000000084000000|100%| O|  |TAMS 0x0000000084000000, 0x0000000083f00000| Untracked 
|  64|0x0000000084000000, 0x0000000084100000, 0x0000000084100000|100%| O|  |TAMS 0x0000000084100000, 0x0000000084000000| Untracked 
|  65|0x0000000084100000, 0x0000000084200000, 0x0000000084200000|100%| O|  |TAMS 0x0000000084200000, 0x0000000084100000| Untracked 
|  66|0x0000000084200000, 0x0000000084300000, 0x0000000084300000|100%|HS|  |TAMS 0x0000000084200000, 0x0000000084200000| Complete 
|  67|0x0000000084300000, 0x0000000084400000, 0x0000000084400000|100%|HS|  |TAMS 0x0000000084300000, 0x0000000084300000| Complete 
|  68|0x0000000084400000, 0x0000000084500000, 0x0000000084500000|100%| O|  |TAMS 0x0000000084500000, 0x0000000084400000| Untracked 
|  69|0x0000000084500000, 0x0000000084600000, 0x0000000084600000|100%| O|  |TAMS 0x0000000084600000, 0x0000000084500000| Untracked 
|  70|0x0000000084600000, 0x0000000084700000, 0x0000000084700000|100%| O|  |TAMS 0x0000000084700000, 0x0000000084600000| Untracked 
|  71|0x0000000084700000, 0x0000000084800000, 0x0000000084800000|100%| O|  |TAMS 0x0000000084800000, 0x0000000084700000| Untracked 
|  72|0x0000000084800000, 0x0000000084900000, 0x0000000084900000|100%| O|  |TAMS 0x0000000084900000, 0x0000000084800000| Untracked 
|  73|0x0000000084900000, 0x0000000084a00000, 0x0000000084a00000|100%| O|  |TAMS 0x0000000084a00000, 0x0000000084900000| Untracked 
|  74|0x0000000084a00000, 0x0000000084b00000, 0x0000000084b00000|100%| O|  |TAMS 0x0000000084b00000, 0x0000000084a00000| Untracked 
|  75|0x0000000084b00000, 0x0000000084c00000, 0x0000000084c00000|100%| O|  |TAMS 0x0000000084c00000, 0x0000000084b00000| Untracked 
|  76|0x0000000084c00000, 0x0000000084d00000, 0x0000000084d00000|100%| O|  |TAMS 0x0000000084c00000, 0x0000000084c00000| Untracked 
|  77|0x0000000084d00000, 0x0000000084e00000, 0x0000000084e00000|100%| O|  |TAMS 0x0000000084e00000, 0x0000000084d00000| Untracked 
|  78|0x0000000084e00000, 0x0000000084f00000, 0x0000000084f00000|100%| O|  |TAMS 0x0000000084f00000, 0x0000000084e00000| Untracked 
|  79|0x0000000084f00000, 0x0000000085000000, 0x0000000085000000|100%|HS|  |TAMS 0x0000000085000000, 0x0000000084f00000| Complete 
|  80|0x0000000085000000, 0x0000000085100000, 0x0000000085100000|100%|HS|  |TAMS 0x0000000085100000, 0x0000000085000000| Complete 
|  81|0x0000000085100000, 0x0000000085200000, 0x0000000085200000|100%|HS|  |TAMS 0x0000000085200000, 0x0000000085100000| Complete 
|  82|0x0000000085200000, 0x0000000085300000, 0x0000000085300000|100%|HC|  |TAMS 0x0000000085300000, 0x0000000085200000| Complete 
|  83|0x0000000085300000, 0x0000000085400000, 0x0000000085400000|100%|HC|  |TAMS 0x0000000085400000, 0x0000000085300000| Complete 
|  84|0x0000000085400000, 0x0000000085500000, 0x0000000085500000|100%|HS|  |TAMS 0x0000000085500000, 0x0000000085400000| Complete 
|  85|0x0000000085500000, 0x0000000085600000, 0x0000000085600000|100%| O|  |TAMS 0x0000000085600000, 0x0000000085500000| Untracked 
|  86|0x0000000085600000, 0x0000000085700000, 0x0000000085700000|100%| O|  |TAMS 0x0000000085700000, 0x0000000085600000| Untracked 
|  87|0x0000000085700000, 0x0000000085800000, 0x0000000085800000|100%| O|  |TAMS 0x0000000085800000, 0x0000000085700000| Untracked 
|  88|0x0000000085800000, 0x0000000085900000, 0x0000000085900000|100%| O|  |TAMS 0x0000000085900000, 0x0000000085800000| Untracked 
|  89|0x0000000085900000, 0x0000000085a00000, 0x0000000085a00000|100%| O|  |TAMS 0x0000000085a00000, 0x0000000085900000| Untracked 
|  90|0x0000000085a00000, 0x0000000085b00000, 0x0000000085b00000|100%|HS|  |TAMS 0x0000000085a00000, 0x0000000085a00000| Complete 
|  91|0x0000000085b00000, 0x0000000085c00000, 0x0000000085c00000|100%| O|  |TAMS 0x0000000085c00000, 0x0000000085b00000| Untracked 
|  92|0x0000000085c00000, 0x0000000085d00000, 0x0000000085d00000|100%| O|  |TAMS 0x0000000085d00000, 0x0000000085c00000| Untracked 
|  93|0x0000000085d00000, 0x0000000085e00000, 0x0000000085e00000|100%| O|  |TAMS 0x0000000085e00000, 0x0000000085d00000| Untracked 
|  94|0x0000000085e00000, 0x0000000085f00000, 0x0000000085f00000|100%| O|  |TAMS 0x0000000085f00000, 0x0000000085e00000| Untracked 
|  95|0x0000000085f00000, 0x0000000086000000, 0x0000000086000000|100%| O|  |TAMS 0x0000000086000000, 0x0000000085f00000| Untracked 
|  96|0x0000000086000000, 0x0000000086100000, 0x0000000086100000|100%| O|  |TAMS 0x0000000086100000, 0x0000000086000000| Untracked 
|  97|0x0000000086100000, 0x0000000086200000, 0x0000000086200000|100%| O|  |TAMS 0x0000000086200000, 0x0000000086100000| Untracked 
|  98|0x0000000086200000, 0x0000000086300000, 0x0000000086300000|100%| O|  |TAMS 0x0000000086300000, 0x0000000086200000| Untracked 
|  99|0x0000000086300000, 0x0000000086400000, 0x0000000086400000|100%| O|  |TAMS 0x0000000086400000, 0x0000000086300000| Untracked 
| 100|0x0000000086400000, 0x0000000086500000, 0x0000000086500000|100%| O|  |TAMS 0x0000000086500000, 0x0000000086400000| Untracked 
| 101|0x0000000086500000, 0x0000000086600000, 0x0000000086600000|100%| O|  |TAMS 0x0000000086600000, 0x0000000086500000| Untracked 
| 102|0x0000000086600000, 0x0000000086700000, 0x0000000086700000|100%| O|  |TAMS 0x0000000086700000, 0x0000000086600000| Untracked 
| 103|0x0000000086700000, 0x0000000086800000, 0x0000000086800000|100%| O|  |TAMS 0x0000000086800000, 0x0000000086700000| Untracked 
| 104|0x0000000086800000, 0x0000000086900000, 0x0000000086900000|100%| O|  |TAMS 0x0000000086900000, 0x0000000086800000| Untracked 
| 105|0x0000000086900000, 0x0000000086a00000, 0x0000000086a00000|100%| O|  |TAMS 0x0000000086a00000, 0x0000000086900000| Untracked 
| 106|0x0000000086a00000, 0x0000000086b00000, 0x0000000086b00000|100%| O|  |TAMS 0x0000000086b00000, 0x0000000086a00000| Untracked 
| 107|0x0000000086b00000, 0x0000000086c00000, 0x0000000086c00000|100%| O|  |TAMS 0x0000000086c00000, 0x0000000086b00000| Untracked 
| 108|0x0000000086c00000, 0x0000000086d00000, 0x0000000086d00000|100%| O|  |TAMS 0x0000000086d00000, 0x0000000086c00000| Untracked 
| 109|0x0000000086d00000, 0x0000000086e00000, 0x0000000086e00000|100%| O|  |TAMS 0x0000000086e00000, 0x0000000086d00000| Untracked 
| 110|0x0000000086e00000, 0x0000000086f00000, 0x0000000086f00000|100%| O|  |TAMS 0x0000000086f00000, 0x0000000086e00000| Untracked 
| 111|0x0000000086f00000, 0x0000000087000000, 0x0000000087000000|100%| O|  |TAMS 0x0000000087000000, 0x0000000086f00000| Untracked 
| 112|0x0000000087000000, 0x0000000087100000, 0x0000000087100000|100%| O|  |TAMS 0x0000000087100000, 0x0000000087000000| Untracked 
| 113|0x0000000087100000, 0x0000000087200000, 0x0000000087200000|100%| O|  |TAMS 0x0000000087200000, 0x0000000087100000| Untracked 
| 114|0x0000000087200000, 0x0000000087300000, 0x0000000087300000|100%| O|  |TAMS 0x0000000087300000, 0x0000000087200000| Untracked 
| 115|0x0000000087300000, 0x0000000087400000, 0x0000000087400000|100%| O|  |TAMS 0x0000000087400000, 0x0000000087300000| Untracked 
| 116|0x0000000087400000, 0x0000000087500000, 0x0000000087500000|100%| O|  |TAMS 0x0000000087500000, 0x0000000087400000| Untracked 
| 117|0x0000000087500000, 0x0000000087600000, 0x0000000087600000|100%| O|  |TAMS 0x0000000087600000, 0x0000000087500000| Untracked 
| 118|0x0000000087600000, 0x0000000087700000, 0x0000000087700000|100%| O|  |TAMS 0x0000000087700000, 0x0000000087600000| Untracked 
| 119|0x0000000087700000, 0x0000000087800000, 0x0000000087800000|100%| O|  |TAMS 0x0000000087800000, 0x0000000087700000| Untracked 
| 120|0x0000000087800000, 0x0000000087900000, 0x0000000087900000|100%| O|  |TAMS 0x0000000087900000, 0x0000000087800000| Untracked 
| 121|0x0000000087900000, 0x0000000087a00000, 0x0000000087a00000|100%|HS|  |TAMS 0x0000000087900000, 0x0000000087900000| Complete 
| 122|0x0000000087a00000, 0x0000000087b00000, 0x0000000087b00000|100%| O|  |TAMS 0x0000000087a00000, 0x0000000087a00000| Untracked 
| 123|0x0000000087b00000, 0x0000000087c00000, 0x0000000087c00000|100%| O|  |TAMS 0x0000000087b36400, 0x0000000087b00000| Untracked 
| 124|0x0000000087c00000, 0x0000000087d00000, 0x0000000087d00000|100%|HS|  |TAMS 0x0000000087c00000, 0x0000000087c00000| Complete 
| 125|0x0000000087d00000, 0x0000000087e00000, 0x0000000087e00000|100%|HC|  |TAMS 0x0000000087d00000, 0x0000000087d00000| Complete 
| 126|0x0000000087e00000, 0x0000000087f00000, 0x0000000087f00000|100%| O|  |TAMS 0x0000000087e00000, 0x0000000087e00000| Untracked 
| 127|0x0000000087f00000, 0x0000000088000000, 0x0000000088000000|100%| O|  |TAMS 0x0000000087f00000, 0x0000000087f00000| Untracked 
| 128|0x0000000088000000, 0x0000000088100000, 0x0000000088100000|100%| O|  |TAMS 0x0000000088000000, 0x0000000088000000| Untracked 
| 129|0x0000000088100000, 0x0000000088200000, 0x0000000088200000|100%| O|  |TAMS 0x0000000088100000, 0x0000000088100000| Untracked 
| 130|0x0000000088200000, 0x0000000088300000, 0x0000000088300000|100%| O|  |TAMS 0x0000000088200000, 0x0000000088200000| Untracked 
| 131|0x0000000088300000, 0x0000000088400000, 0x0000000088400000|100%| O|  |TAMS 0x0000000088300000, 0x0000000088300000| Untracked 
| 132|0x0000000088400000, 0x0000000088500000, 0x0000000088500000|100%| O|  |TAMS 0x0000000088400000, 0x0000000088400000| Untracked 
| 133|0x0000000088500000, 0x0000000088600000, 0x0000000088600000|100%| O|  |TAMS 0x0000000088500000, 0x0000000088500000| Untracked 
| 134|0x0000000088600000, 0x0000000088700000, 0x0000000088700000|100%| O|  |TAMS 0x0000000088600000, 0x0000000088600000| Untracked 
| 135|0x0000000088700000, 0x0000000088800000, 0x0000000088800000|100%| O|  |TAMS 0x0000000088700000, 0x0000000088700000| Untracked 
| 136|0x0000000088800000, 0x0000000088900000, 0x0000000088900000|100%| O|  |TAMS 0x0000000088800000, 0x0000000088800000| Untracked 
| 137|0x0000000088900000, 0x0000000088a00000, 0x0000000088a00000|100%| O|  |TAMS 0x0000000088900000, 0x0000000088900000| Untracked 
| 138|0x0000000088a00000, 0x0000000088b00000, 0x0000000088b00000|100%| O|  |TAMS 0x0000000088a00000, 0x0000000088a00000| Untracked 
| 139|0x0000000088b00000, 0x0000000088c00000, 0x0000000088c00000|100%| O|  |TAMS 0x0000000088b00000, 0x0000000088b00000| Untracked 
| 140|0x0000000088c00000, 0x0000000088d00000, 0x0000000088d00000|100%| O|  |TAMS 0x0000000088c00000, 0x0000000088c00000| Untracked 
| 141|0x0000000088d00000, 0x0000000088e00000, 0x0000000088e00000|100%| O|  |TAMS 0x0000000088d00000, 0x0000000088d00000| Untracked 
| 142|0x0000000088e00000, 0x0000000088f00000, 0x0000000088f00000|100%| O|  |TAMS 0x0000000088e00000, 0x0000000088e00000| Untracked 
| 143|0x0000000088f00000, 0x0000000089000000, 0x0000000089000000|100%| O|  |TAMS 0x0000000088f00000, 0x0000000088f00000| Untracked 
| 144|0x0000000089000000, 0x0000000089100000, 0x0000000089100000|100%| O|  |TAMS 0x0000000089000000, 0x0000000089000000| Untracked 
| 145|0x0000000089100000, 0x0000000089200000, 0x0000000089200000|100%| O|  |TAMS 0x0000000089100000, 0x0000000089100000| Untracked 
| 146|0x0000000089200000, 0x0000000089300000, 0x0000000089300000|100%| O|  |TAMS 0x0000000089200000, 0x0000000089200000| Untracked 
| 147|0x0000000089300000, 0x0000000089400000, 0x0000000089400000|100%| O|  |TAMS 0x0000000089300000, 0x0000000089300000| Untracked 
| 148|0x0000000089400000, 0x0000000089500000, 0x0000000089500000|100%| O|  |TAMS 0x0000000089400000, 0x0000000089400000| Untracked 
| 149|0x0000000089500000, 0x0000000089600000, 0x0000000089600000|100%| O|  |TAMS 0x0000000089500000, 0x0000000089500000| Untracked 
| 150|0x0000000089600000, 0x0000000089700000, 0x0000000089700000|100%| O|  |TAMS 0x0000000089600000, 0x0000000089600000| Untracked 
| 151|0x0000000089700000, 0x0000000089800000, 0x0000000089800000|100%| O|  |TAMS 0x0000000089700000, 0x0000000089700000| Untracked 
| 152|0x0000000089800000, 0x0000000089900000, 0x0000000089900000|100%| O|  |TAMS 0x0000000089800000, 0x0000000089800000| Untracked 
| 153|0x0000000089900000, 0x0000000089a00000, 0x0000000089a00000|100%| O|  |TAMS 0x0000000089900000, 0x0000000089900000| Untracked 
| 154|0x0000000089a00000, 0x0000000089b00000, 0x0000000089b00000|100%| O|  |TAMS 0x0000000089a00000, 0x0000000089a00000| Untracked 
| 155|0x0000000089b00000, 0x0000000089c00000, 0x0000000089c00000|100%| O|  |TAMS 0x0000000089b00000, 0x0000000089b00000| Untracked 
| 156|0x0000000089c00000, 0x0000000089d00000, 0x0000000089d00000|100%| O|  |TAMS 0x0000000089c00000, 0x0000000089c00000| Untracked 
| 157|0x0000000089d00000, 0x0000000089e00000, 0x0000000089e00000|100%| O|  |TAMS 0x0000000089d00000, 0x0000000089d00000| Untracked 
| 158|0x0000000089e00000, 0x0000000089f00000, 0x0000000089f00000|100%| O|  |TAMS 0x0000000089e00000, 0x0000000089e00000| Untracked 
| 159|0x0000000089f00000, 0x000000008a000000, 0x000000008a000000|100%| O|  |TAMS 0x0000000089f00000, 0x0000000089f00000| Untracked 
| 160|0x000000008a000000, 0x000000008a100000, 0x000000008a100000|100%| O|  |TAMS 0x000000008a000000, 0x000000008a000000| Untracked 
| 161|0x000000008a100000, 0x000000008a200000, 0x000000008a200000|100%| O|  |TAMS 0x000000008a100000, 0x000000008a100000| Untracked 
| 162|0x000000008a200000, 0x000000008a300000, 0x000000008a300000|100%| O|  |TAMS 0x000000008a200000, 0x000000008a200000| Untracked 
| 163|0x000000008a300000, 0x000000008a400000, 0x000000008a400000|100%| O|  |TAMS 0x000000008a300000, 0x000000008a300000| Untracked 
| 164|0x000000008a400000, 0x000000008a500000, 0x000000008a500000|100%| O|  |TAMS 0x000000008a400000, 0x000000008a400000| Untracked 
| 165|0x000000008a500000, 0x000000008a600000, 0x000000008a600000|100%| O|  |TAMS 0x000000008a500000, 0x000000008a500000| Untracked 
| 166|0x000000008a600000, 0x000000008a700000, 0x000000008a700000|100%| O|  |TAMS 0x000000008a600000, 0x000000008a600000| Untracked 
| 167|0x000000008a700000, 0x000000008a800000, 0x000000008a800000|100%| O|  |TAMS 0x000000008a700000, 0x000000008a700000| Untracked 
| 168|0x000000008a800000, 0x000000008a900000, 0x000000008a900000|100%| O|  |TAMS 0x000000008a800000, 0x000000008a800000| Untracked 
| 169|0x000000008a900000, 0x000000008aa00000, 0x000000008aa00000|100%| O|  |TAMS 0x000000008a900000, 0x000000008a900000| Untracked 
| 170|0x000000008aa00000, 0x000000008ab00000, 0x000000008ab00000|100%| O|  |TAMS 0x000000008aa00000, 0x000000008aa00000| Untracked 
| 171|0x000000008ab00000, 0x000000008ac00000, 0x000000008ac00000|100%| O|  |TAMS 0x000000008ab00000, 0x000000008ab00000| Untracked 
| 172|0x000000008ac00000, 0x000000008ad00000, 0x000000008ad00000|100%| O|  |TAMS 0x000000008ac00000, 0x000000008ac00000| Untracked 
| 173|0x000000008ad00000, 0x000000008ae00000, 0x000000008ae00000|100%| O|  |TAMS 0x000000008ad00000, 0x000000008ad00000| Untracked 
| 174|0x000000008ae00000, 0x000000008af00000, 0x000000008af00000|100%| O|  |TAMS 0x000000008ae00000, 0x000000008ae00000| Untracked 
| 175|0x000000008af00000, 0x000000008b000000, 0x000000008b000000|100%| O|  |TAMS 0x000000008af00000, 0x000000008af00000| Untracked 
| 176|0x000000008b000000, 0x000000008b100000, 0x000000008b100000|100%| O|  |TAMS 0x000000008b000000, 0x000000008b000000| Untracked 
| 177|0x000000008b100000, 0x000000008b200000, 0x000000008b200000|100%| O|  |TAMS 0x000000008b100000, 0x000000008b100000| Untracked 
| 178|0x000000008b200000, 0x000000008b300000, 0x000000008b300000|100%| O|  |TAMS 0x000000008b200000, 0x000000008b200000| Untracked 
| 179|0x000000008b300000, 0x000000008b400000, 0x000000008b400000|100%| O|  |TAMS 0x000000008b300000, 0x000000008b300000| Untracked 
| 180|0x000000008b400000, 0x000000008b500000, 0x000000008b500000|100%| O|  |TAMS 0x000000008b400000, 0x000000008b400000| Untracked 
| 181|0x000000008b500000, 0x000000008b600000, 0x000000008b600000|100%| O|  |TAMS 0x000000008b500000, 0x000000008b500000| Untracked 
| 182|0x000000008b600000, 0x000000008b700000, 0x000000008b700000|100%| O|  |TAMS 0x000000008b600000, 0x000000008b600000| Untracked 
| 183|0x000000008b700000, 0x000000008b800000, 0x000000008b800000|100%| O|  |TAMS 0x000000008b700000, 0x000000008b700000| Untracked 
| 184|0x000000008b800000, 0x000000008b900000, 0x000000008b900000|100%| O|  |TAMS 0x000000008b800000, 0x000000008b800000| Untracked 
| 185|0x000000008b900000, 0x000000008ba00000, 0x000000008ba00000|100%| O|  |TAMS 0x000000008b900000, 0x000000008b900000| Untracked 
| 186|0x000000008ba00000, 0x000000008bb00000, 0x000000008bb00000|100%| O|  |TAMS 0x000000008ba00000, 0x000000008ba00000| Untracked 
| 187|0x000000008bb00000, 0x000000008bc00000, 0x000000008bc00000|100%| O|  |TAMS 0x000000008bb00000, 0x000000008bb00000| Untracked 
| 188|0x000000008bc00000, 0x000000008bd00000, 0x000000008bd00000|100%|HS|  |TAMS 0x000000008bc00000, 0x000000008bc00000| Complete 
| 189|0x000000008bd00000, 0x000000008be00000, 0x000000008be00000|100%|HC|  |TAMS 0x000000008bd00000, 0x000000008bd00000| Complete 
| 190|0x000000008be00000, 0x000000008bf00000, 0x000000008bf00000|100%|HS|  |TAMS 0x000000008be00000, 0x000000008be00000| Complete 
| 191|0x000000008bf00000, 0x000000008c000000, 0x000000008c000000|100%|HC|  |TAMS 0x000000008bf00000, 0x000000008bf00000| Complete 
| 192|0x000000008c000000, 0x000000008c100000, 0x000000008c100000|100%|HS|  |TAMS 0x000000008c000000, 0x000000008c000000| Complete 
| 193|0x000000008c100000, 0x000000008c200000, 0x000000008c200000|100%|HC|  |TAMS 0x000000008c100000, 0x000000008c100000| Complete 
| 194|0x000000008c200000, 0x000000008c300000, 0x000000008c300000|100%|HS|  |TAMS 0x000000008c200000, 0x000000008c200000| Complete 
| 195|0x000000008c300000, 0x000000008c400000, 0x000000008c400000|100%|HC|  |TAMS 0x000000008c300000, 0x000000008c300000| Complete 
| 196|0x000000008c400000, 0x000000008c500000, 0x000000008c500000|100%|HS|  |TAMS 0x000000008c400000, 0x000000008c400000| Complete 
| 197|0x000000008c500000, 0x000000008c600000, 0x000000008c600000|100%|HC|  |TAMS 0x000000008c500000, 0x000000008c500000| Complete 
| 198|0x000000008c600000, 0x000000008c700000, 0x000000008c700000|100%|HS|  |TAMS 0x000000008c600000, 0x000000008c600000| Complete 
| 199|0x000000008c700000, 0x000000008c800000, 0x000000008c800000|100%|HC|  |TAMS 0x000000008c700000, 0x000000008c700000| Complete 
| 200|0x000000008c800000, 0x000000008c900000, 0x000000008c900000|100%| O|  |TAMS 0x000000008c800000, 0x000000008c800000| Untracked 
| 201|0x000000008c900000, 0x000000008ca00000, 0x000000008ca00000|100%| O|  |TAMS 0x000000008c900000, 0x000000008c900000| Untracked 
| 202|0x000000008ca00000, 0x000000008cb00000, 0x000000008cb00000|100%| O|  |TAMS 0x000000008ca00000, 0x000000008ca00000| Untracked 
| 203|0x000000008cb00000, 0x000000008cc00000, 0x000000008cc00000|100%| O|  |TAMS 0x000000008cb00000, 0x000000008cb00000| Untracked 
| 204|0x000000008cc00000, 0x000000008cd00000, 0x000000008cd00000|100%| O|  |TAMS 0x000000008cc00000, 0x000000008cc00000| Untracked 
| 205|0x000000008cd00000, 0x000000008ce00000, 0x000000008ce00000|100%| O|  |TAMS 0x000000008cd00000, 0x000000008cd00000| Untracked 
| 206|0x000000008ce00000, 0x000000008cf00000, 0x000000008cf00000|100%| O|  |TAMS 0x000000008ce00000, 0x000000008ce00000| Untracked 
| 207|0x000000008cf00000, 0x000000008d000000, 0x000000008d000000|100%| O|  |TAMS 0x000000008cf00000, 0x000000008cf00000| Untracked 
| 208|0x000000008d000000, 0x000000008d100000, 0x000000008d100000|100%| O|  |TAMS 0x000000008d000000, 0x000000008d000000| Untracked 
| 209|0x000000008d100000, 0x000000008d200000, 0x000000008d200000|100%| O|  |TAMS 0x000000008d100000, 0x000000008d100000| Untracked 
| 210|0x000000008d200000, 0x000000008d300000, 0x000000008d300000|100%| O|  |TAMS 0x000000008d200000, 0x000000008d200000| Untracked 
| 211|0x000000008d300000, 0x000000008d400000, 0x000000008d400000|100%| O|  |TAMS 0x000000008d300000, 0x000000008d300000| Untracked 
| 212|0x000000008d400000, 0x000000008d500000, 0x000000008d500000|100%| O|  |TAMS 0x000000008d400000, 0x000000008d400000| Untracked 
| 213|0x000000008d500000, 0x000000008d600000, 0x000000008d600000|100%| O|  |TAMS 0x000000008d500000, 0x000000008d500000| Untracked 
| 214|0x000000008d600000, 0x000000008d700000, 0x000000008d700000|100%| O|  |TAMS 0x000000008d600000, 0x000000008d600000| Untracked 
| 215|0x000000008d700000, 0x000000008d800000, 0x000000008d800000|100%| O|  |TAMS 0x000000008d700000, 0x000000008d700000| Untracked 
| 216|0x000000008d800000, 0x000000008d900000, 0x000000008d900000|100%| O|  |TAMS 0x000000008d800000, 0x000000008d800000| Untracked 
| 217|0x000000008d900000, 0x000000008da00000, 0x000000008da00000|100%| O|  |TAMS 0x000000008d900000, 0x000000008d900000| Untracked 
| 218|0x000000008da00000, 0x000000008db00000, 0x000000008db00000|100%| O|  |TAMS 0x000000008da00000, 0x000000008da00000| Untracked 
| 219|0x000000008db00000, 0x000000008db32c18, 0x000000008dc00000| 19%| O|  |TAMS 0x000000008db00000, 0x000000008db00000| Untracked 
| 220|0x000000008dc00000, 0x000000008dc00000, 0x000000008dd00000|  0%| F|  |TAMS 0x000000008dc00000, 0x000000008dc00000| Untracked 
| 221|0x000000008dd00000, 0x000000008dd00000, 0x000000008de00000|  0%| F|  |TAMS 0x000000008dd00000, 0x000000008dd00000| Untracked 
| 222|0x000000008de00000, 0x000000008de00000, 0x000000008df00000|  0%| F|  |TAMS 0x000000008de00000, 0x000000008de00000| Untracked 
| 223|0x000000008df00000, 0x000000008df00000, 0x000000008e000000|  0%| F|  |TAMS 0x000000008df00000, 0x000000008df00000| Untracked 
| 224|0x000000008e000000, 0x000000008e000000, 0x000000008e100000|  0%| F|  |TAMS 0x000000008e000000, 0x000000008e000000| Untracked 
| 225|0x000000008e100000, 0x000000008e100000, 0x000000008e200000|  0%| F|  |TAMS 0x000000008e100000, 0x000000008e100000| Untracked 
| 226|0x000000008e200000, 0x000000008e200000, 0x000000008e300000|  0%| F|  |TAMS 0x000000008e200000, 0x000000008e200000| Untracked 
| 227|0x000000008e300000, 0x000000008e300000, 0x000000008e400000|  0%| F|  |TAMS 0x000000008e300000, 0x000000008e300000| Untracked 
| 228|0x000000008e400000, 0x000000008e400000, 0x000000008e500000|  0%| F|  |TAMS 0x000000008e400000, 0x000000008e400000| Untracked 
| 229|0x000000008e500000, 0x000000008e500000, 0x000000008e600000|  0%| F|  |TAMS 0x000000008e500000, 0x000000008e500000| Untracked 
| 230|0x000000008e600000, 0x000000008e600000, 0x000000008e700000|  0%| F|  |TAMS 0x000000008e600000, 0x000000008e600000| Untracked 
| 231|0x000000008e700000, 0x000000008e700000, 0x000000008e800000|  0%| F|  |TAMS 0x000000008e700000, 0x000000008e700000| Untracked 
| 232|0x000000008e800000, 0x000000008e800000, 0x000000008e900000|  0%| F|  |TAMS 0x000000008e800000, 0x000000008e800000| Untracked 
| 233|0x000000008e900000, 0x000000008e900000, 0x000000008ea00000|  0%| F|  |TAMS 0x000000008e900000, 0x000000008e900000| Untracked 
| 234|0x000000008ea00000, 0x000000008ea00000, 0x000000008eb00000|  0%| F|  |TAMS 0x000000008ea00000, 0x000000008ea00000| Untracked 
| 235|0x000000008eb00000, 0x000000008eb00000, 0x000000008ec00000|  0%| F|  |TAMS 0x000000008eb00000, 0x000000008eb00000| Untracked 
| 236|0x000000008ec00000, 0x000000008ec00000, 0x000000008ed00000|  0%| F|  |TAMS 0x000000008ec00000, 0x000000008ec00000| Untracked 
| 237|0x000000008ed00000, 0x000000008ed00000, 0x000000008ee00000|  0%| F|  |TAMS 0x000000008ed00000, 0x000000008ed00000| Untracked 
| 238|0x000000008ee00000, 0x000000008ee00000, 0x000000008ef00000|  0%| F|  |TAMS 0x000000008ee00000, 0x000000008ee00000| Untracked 
| 239|0x000000008ef00000, 0x000000008ef00000, 0x000000008f000000|  0%| F|  |TAMS 0x000000008ef00000, 0x000000008ef00000| Untracked 
| 240|0x000000008f000000, 0x000000008f000000, 0x000000008f100000|  0%| F|  |TAMS 0x000000008f000000, 0x000000008f000000| Untracked 
| 241|0x000000008f100000, 0x000000008f100000, 0x000000008f200000|  0%| F|  |TAMS 0x000000008f100000, 0x000000008f100000| Untracked 
| 242|0x000000008f200000, 0x000000008f200000, 0x000000008f300000|  0%| F|  |TAMS 0x000000008f200000, 0x000000008f200000| Untracked 
| 243|0x000000008f300000, 0x000000008f300000, 0x000000008f400000|  0%| F|  |TAMS 0x000000008f300000, 0x000000008f300000| Untracked 
| 244|0x000000008f400000, 0x000000008f400000, 0x000000008f500000|  0%| F|  |TAMS 0x000000008f400000, 0x000000008f400000| Untracked 
| 245|0x000000008f500000, 0x000000008f500000, 0x000000008f600000|  0%| F|  |TAMS 0x000000008f500000, 0x000000008f500000| Untracked 
| 246|0x000000008f600000, 0x000000008f600000, 0x000000008f700000|  0%| F|  |TAMS 0x000000008f600000, 0x000000008f600000| Untracked 
| 247|0x000000008f700000, 0x000000008f700000, 0x000000008f800000|  0%| F|  |TAMS 0x000000008f700000, 0x000000008f700000| Untracked 
| 248|0x000000008f800000, 0x000000008f800000, 0x000000008f900000|  0%| F|  |TAMS 0x000000008f800000, 0x000000008f800000| Untracked 
| 249|0x000000008f900000, 0x000000008f900000, 0x000000008fa00000|  0%| F|  |TAMS 0x000000008f900000, 0x000000008f900000| Untracked 
| 250|0x000000008fa00000, 0x000000008fa00000, 0x000000008fb00000|  0%| F|  |TAMS 0x000000008fa00000, 0x000000008fa00000| Untracked 
| 251|0x000000008fb00000, 0x000000008fb00000, 0x000000008fc00000|  0%| F|  |TAMS 0x000000008fb00000, 0x000000008fb00000| Untracked 
| 252|0x000000008fc00000, 0x000000008fc00000, 0x000000008fd00000|  0%| F|  |TAMS 0x000000008fc00000, 0x000000008fc00000| Untracked 
| 253|0x000000008fd00000, 0x000000008fd00000, 0x000000008fe00000|  0%| F|  |TAMS 0x000000008fd00000, 0x000000008fd00000| Untracked 
| 254|0x000000008fe00000, 0x000000008fe00000, 0x000000008ff00000|  0%| F|  |TAMS 0x000000008fe00000, 0x000000008fe00000| Untracked 
| 255|0x000000008ff00000, 0x000000008ff00000, 0x0000000090000000|  0%| F|  |TAMS 0x000000008ff00000, 0x000000008ff00000| Untracked 
| 256|0x0000000090000000, 0x0000000090000000, 0x0000000090100000|  0%| F|  |TAMS 0x0000000090000000, 0x0000000090000000| Untracked 
| 257|0x0000000090100000, 0x0000000090100000, 0x0000000090200000|  0%| F|  |TAMS 0x0000000090100000, 0x0000000090100000| Untracked 
| 258|0x0000000090200000, 0x0000000090200000, 0x0000000090300000|  0%| F|  |TAMS 0x0000000090200000, 0x0000000090200000| Untracked 
| 259|0x0000000090300000, 0x0000000090300000, 0x0000000090400000|  0%| F|  |TAMS 0x0000000090300000, 0x0000000090300000| Untracked 
| 260|0x0000000090400000, 0x0000000090400000, 0x0000000090500000|  0%| F|  |TAMS 0x0000000090400000, 0x0000000090400000| Untracked 
| 261|0x0000000090500000, 0x0000000090500000, 0x0000000090600000|  0%| F|  |TAMS 0x0000000090500000, 0x0000000090500000| Untracked 
| 262|0x0000000090600000, 0x0000000090600000, 0x0000000090700000|  0%| F|  |TAMS 0x0000000090600000, 0x0000000090600000| Untracked 
| 263|0x0000000090700000, 0x0000000090700000, 0x0000000090800000|  0%| F|  |TAMS 0x0000000090700000, 0x0000000090700000| Untracked 
| 264|0x0000000090800000, 0x0000000090800000, 0x0000000090900000|  0%| F|  |TAMS 0x0000000090800000, 0x0000000090800000| Untracked 
| 265|0x0000000090900000, 0x0000000090900000, 0x0000000090a00000|  0%| F|  |TAMS 0x0000000090900000, 0x0000000090900000| Untracked 
| 266|0x0000000090a00000, 0x0000000090a00000, 0x0000000090b00000|  0%| F|  |TAMS 0x0000000090a00000, 0x0000000090a00000| Untracked 
| 267|0x0000000090b00000, 0x0000000090b00000, 0x0000000090c00000|  0%| F|  |TAMS 0x0000000090b00000, 0x0000000090b00000| Untracked 
| 268|0x0000000090c00000, 0x0000000090c00000, 0x0000000090d00000|  0%| F|  |TAMS 0x0000000090c00000, 0x0000000090c00000| Untracked 
| 269|0x0000000090d00000, 0x0000000090e00000, 0x0000000090e00000|100%| E|CS|TAMS 0x0000000090d00000, 0x0000000090d00000| Complete 
| 270|0x0000000090e00000, 0x0000000090f00000, 0x0000000090f00000|100%| E|CS|TAMS 0x0000000090e00000, 0x0000000090e00000| Complete 
| 271|0x0000000090f00000, 0x0000000091000000, 0x0000000091000000|100%| E|CS|TAMS 0x0000000090f00000, 0x0000000090f00000| Complete 
| 272|0x0000000091000000, 0x0000000091100000, 0x0000000091100000|100%| E|CS|TAMS 0x0000000091000000, 0x0000000091000000| Complete 
| 273|0x0000000091100000, 0x0000000091200000, 0x0000000091200000|100%| E|CS|TAMS 0x0000000091100000, 0x0000000091100000| Complete 
| 274|0x0000000091200000, 0x0000000091300000, 0x0000000091300000|100%| E|CS|TAMS 0x0000000091200000, 0x0000000091200000| Complete 
| 275|0x0000000091300000, 0x0000000091400000, 0x0000000091400000|100%| E|CS|TAMS 0x0000000091300000, 0x0000000091300000| Complete 
| 276|0x0000000091400000, 0x0000000091500000, 0x0000000091500000|100%| E|CS|TAMS 0x0000000091400000, 0x0000000091400000| Complete 
| 277|0x0000000091500000, 0x0000000091600000, 0x0000000091600000|100%| E|CS|TAMS 0x0000000091500000, 0x0000000091500000| Complete 
| 278|0x0000000091600000, 0x0000000091700000, 0x0000000091700000|100%| E|CS|TAMS 0x0000000091600000, 0x0000000091600000| Complete 
| 279|0x0000000091700000, 0x0000000091800000, 0x0000000091800000|100%| E|CS|TAMS 0x0000000091700000, 0x0000000091700000| Complete 
| 280|0x0000000091800000, 0x0000000091900000, 0x0000000091900000|100%| E|CS|TAMS 0x0000000091800000, 0x0000000091800000| Complete 
| 281|0x0000000091900000, 0x0000000091a00000, 0x0000000091a00000|100%| E|CS|TAMS 0x0000000091900000, 0x0000000091900000| Complete 
| 282|0x0000000091a00000, 0x0000000091b00000, 0x0000000091b00000|100%| E|CS|TAMS 0x0000000091a00000, 0x0000000091a00000| Complete 
| 283|0x0000000091b00000, 0x0000000091c00000, 0x0000000091c00000|100%| E|CS|TAMS 0x0000000091b00000, 0x0000000091b00000| Complete 
| 284|0x0000000091c00000, 0x0000000091d00000, 0x0000000091d00000|100%| E|CS|TAMS 0x0000000091c00000, 0x0000000091c00000| Complete 
| 285|0x0000000091d00000, 0x0000000091e00000, 0x0000000091e00000|100%| E|CS|TAMS 0x0000000091d00000, 0x0000000091d00000| Complete 
| 286|0x0000000091e00000, 0x0000000091f00000, 0x0000000091f00000|100%| E|CS|TAMS 0x0000000091e00000, 0x0000000091e00000| Complete 
| 287|0x0000000091f00000, 0x0000000092000000, 0x0000000092000000|100%| E|CS|TAMS 0x0000000091f00000, 0x0000000091f00000| Complete 
| 288|0x0000000092000000, 0x0000000092100000, 0x0000000092100000|100%| E|CS|TAMS 0x0000000092000000, 0x0000000092000000| Complete 
| 289|0x0000000092100000, 0x0000000092200000, 0x0000000092200000|100%| E|CS|TAMS 0x0000000092100000, 0x0000000092100000| Complete 
| 290|0x0000000092200000, 0x0000000092300000, 0x0000000092300000|100%| E|CS|TAMS 0x0000000092200000, 0x0000000092200000| Complete 
| 291|0x0000000092300000, 0x0000000092400000, 0x0000000092400000|100%| E|CS|TAMS 0x0000000092300000, 0x0000000092300000| Complete 
| 292|0x0000000092400000, 0x0000000092500000, 0x0000000092500000|100%| E|CS|TAMS 0x0000000092400000, 0x0000000092400000| Complete 
| 293|0x0000000092500000, 0x0000000092600000, 0x0000000092600000|100%| E|CS|TAMS 0x0000000092500000, 0x0000000092500000| Complete 
| 294|0x0000000092600000, 0x0000000092700000, 0x0000000092700000|100%| E|CS|TAMS 0x0000000092600000, 0x0000000092600000| Complete 
| 295|0x0000000092700000, 0x0000000092700000, 0x0000000092800000|  0%| F|  |TAMS 0x0000000092700000, 0x0000000092700000| Untracked 
| 296|0x0000000092800000, 0x0000000092800000, 0x0000000092900000|  0%| F|  |TAMS 0x0000000092800000, 0x0000000092800000| Untracked 
| 297|0x0000000092900000, 0x0000000092900000, 0x0000000092a00000|  0%| F|  |TAMS 0x0000000092900000, 0x0000000092900000| Untracked 
| 298|0x0000000092a00000, 0x0000000092a00000, 0x0000000092b00000|  0%| F|  |TAMS 0x0000000092a00000, 0x0000000092a00000| Untracked 
| 299|0x0000000092b00000, 0x0000000092b00000, 0x0000000092c00000|  0%| F|  |TAMS 0x0000000092b00000, 0x0000000092b00000| Untracked 
| 300|0x0000000092c00000, 0x0000000092c00000, 0x0000000092d00000|  0%| F|  |TAMS 0x0000000092c00000, 0x0000000092c00000| Untracked 
| 301|0x0000000092d00000, 0x0000000092d00000, 0x0000000092e00000|  0%| F|  |TAMS 0x0000000092d00000, 0x0000000092d00000| Untracked 
| 302|0x0000000092e00000, 0x0000000092e00000, 0x0000000092f00000|  0%| F|  |TAMS 0x0000000092e00000, 0x0000000092e00000| Untracked 
| 303|0x0000000092f00000, 0x0000000092f00000, 0x0000000093000000|  0%| F|  |TAMS 0x0000000092f00000, 0x0000000092f00000| Untracked 
| 304|0x0000000093000000, 0x0000000093000000, 0x0000000093100000|  0%| F|  |TAMS 0x0000000093000000, 0x0000000093000000| Untracked 
| 305|0x0000000093100000, 0x0000000093100000, 0x0000000093200000|  0%| F|  |TAMS 0x0000000093100000, 0x0000000093100000| Untracked 
| 306|0x0000000093200000, 0x0000000093200000, 0x0000000093300000|  0%| F|  |TAMS 0x0000000093200000, 0x0000000093200000| Untracked 
| 307|0x0000000093300000, 0x0000000093300000, 0x0000000093400000|  0%| F|  |TAMS 0x0000000093300000, 0x0000000093300000| Untracked 
| 308|0x0000000093400000, 0x0000000093400000, 0x0000000093500000|  0%| F|  |TAMS 0x0000000093400000, 0x0000000093400000| Untracked 
| 309|0x0000000093500000, 0x0000000093500000, 0x0000000093600000|  0%| F|  |TAMS 0x0000000093500000, 0x0000000093500000| Untracked 
| 310|0x0000000093600000, 0x0000000093600000, 0x0000000093700000|  0%| F|  |TAMS 0x0000000093600000, 0x0000000093600000| Untracked 
| 311|0x0000000093700000, 0x0000000093700000, 0x0000000093800000|  0%| F|  |TAMS 0x0000000093700000, 0x0000000093700000| Untracked 
| 312|0x0000000093800000, 0x0000000093800000, 0x0000000093900000|  0%| F|  |TAMS 0x0000000093800000, 0x0000000093800000| Untracked 
| 313|0x0000000093900000, 0x0000000093900000, 0x0000000093a00000|  0%| F|  |TAMS 0x0000000093900000, 0x0000000093900000| Untracked 
| 314|0x0000000093a00000, 0x0000000093b00000, 0x0000000093b00000|100%| S|  |TAMS 0x0000000093a00000, 0x0000000093a00000| Complete 
| 315|0x0000000093b00000, 0x0000000093c00000, 0x0000000093c00000|100%| S|  |TAMS 0x0000000093b00000, 0x0000000093b00000| Complete 
| 316|0x0000000093c00000, 0x0000000093d00000, 0x0000000093d00000|100%| S|  |TAMS 0x0000000093c00000, 0x0000000093c00000| Complete 
| 317|0x0000000093d00000, 0x0000000093e00000, 0x0000000093e00000|100%| S|  |TAMS 0x0000000093d00000, 0x0000000093d00000| Complete 
| 318|0x0000000093e00000, 0x0000000093f00000, 0x0000000093f00000|100%| S|  |TAMS 0x0000000093e00000, 0x0000000093e00000| Complete 
| 319|0x0000000093f00000, 0x0000000094000000, 0x0000000094000000|100%| S|  |TAMS 0x0000000093f00000, 0x0000000093f00000| Complete 
| 320|0x0000000094000000, 0x0000000094100000, 0x0000000094100000|100%| S|  |TAMS 0x0000000094000000, 0x0000000094000000| Complete 
| 321|0x0000000094100000, 0x0000000094200000, 0x0000000094200000|100%| S|  |TAMS 0x0000000094100000, 0x0000000094100000| Complete 
| 322|0x0000000094200000, 0x0000000094300000, 0x0000000094300000|100%| S|  |TAMS 0x0000000094200000, 0x0000000094200000| Complete 
| 323|0x0000000094300000, 0x0000000094400000, 0x0000000094400000|100%| S|  |TAMS 0x0000000094300000, 0x0000000094300000| Complete 
| 324|0x0000000094400000, 0x0000000094500000, 0x0000000094500000|100%| S|  |TAMS 0x0000000094400000, 0x0000000094400000| Complete 
| 325|0x0000000094500000, 0x0000000094600000, 0x0000000094600000|100%| E|CS|TAMS 0x0000000094500000, 0x0000000094500000| Complete 
| 326|0x0000000094600000, 0x0000000094700000, 0x0000000094700000|100%| E|CS|TAMS 0x0000000094600000, 0x0000000094600000| Complete 
| 327|0x0000000094700000, 0x0000000094800000, 0x0000000094800000|100%| E|CS|TAMS 0x0000000094700000, 0x0000000094700000| Complete 
| 328|0x0000000094800000, 0x0000000094900000, 0x0000000094900000|100%| E|CS|TAMS 0x0000000094800000, 0x0000000094800000| Complete 
| 329|0x0000000094900000, 0x0000000094a00000, 0x0000000094a00000|100%| E|CS|TAMS 0x0000000094900000, 0x0000000094900000| Complete 
| 330|0x0000000094a00000, 0x0000000094b00000, 0x0000000094b00000|100%| E|CS|TAMS 0x0000000094a00000, 0x0000000094a00000| Complete 
| 331|0x0000000094b00000, 0x0000000094c00000, 0x0000000094c00000|100%| E|CS|TAMS 0x0000000094b00000, 0x0000000094b00000| Complete 
| 332|0x0000000094c00000, 0x0000000094d00000, 0x0000000094d00000|100%| E|CS|TAMS 0x0000000094c00000, 0x0000000094c00000| Complete 
| 333|0x0000000094d00000, 0x0000000094e00000, 0x0000000094e00000|100%| E|CS|TAMS 0x0000000094d00000, 0x0000000094d00000| Complete 
| 334|0x0000000094e00000, 0x0000000094f00000, 0x0000000094f00000|100%| E|CS|TAMS 0x0000000094e00000, 0x0000000094e00000| Complete 
| 335|0x0000000094f00000, 0x0000000095000000, 0x0000000095000000|100%| E|CS|TAMS 0x0000000094f00000, 0x0000000094f00000| Complete 
| 336|0x0000000095000000, 0x0000000095100000, 0x0000000095100000|100%| E|CS|TAMS 0x0000000095000000, 0x0000000095000000| Complete 
| 337|0x0000000095100000, 0x0000000095200000, 0x0000000095200000|100%| E|CS|TAMS 0x0000000095100000, 0x0000000095100000| Complete 
| 338|0x0000000095200000, 0x0000000095300000, 0x0000000095300000|100%| E|CS|TAMS 0x0000000095200000, 0x0000000095200000| Complete 
| 339|0x0000000095300000, 0x0000000095400000, 0x0000000095400000|100%| E|CS|TAMS 0x0000000095300000, 0x0000000095300000| Complete 
| 340|0x0000000095400000, 0x0000000095500000, 0x0000000095500000|100%| E|CS|TAMS 0x0000000095400000, 0x0000000095400000| Complete 
| 341|0x0000000095500000, 0x0000000095600000, 0x0000000095600000|100%| E|CS|TAMS 0x0000000095500000, 0x0000000095500000| Complete 
| 342|0x0000000095600000, 0x0000000095700000, 0x0000000095700000|100%| E|CS|TAMS 0x0000000095600000, 0x0000000095600000| Complete 
| 343|0x0000000095700000, 0x0000000095800000, 0x0000000095800000|100%| E|CS|TAMS 0x0000000095700000, 0x0000000095700000| Complete 
| 344|0x0000000095800000, 0x0000000095900000, 0x0000000095900000|100%| E|CS|TAMS 0x0000000095800000, 0x0000000095800000| Complete 
| 345|0x0000000095900000, 0x0000000095a00000, 0x0000000095a00000|100%| E|CS|TAMS 0x0000000095900000, 0x0000000095900000| Complete 
| 346|0x0000000095a00000, 0x0000000095b00000, 0x0000000095b00000|100%| E|CS|TAMS 0x0000000095a00000, 0x0000000095a00000| Complete 
| 347|0x0000000095b00000, 0x0000000095c00000, 0x0000000095c00000|100%| E|CS|TAMS 0x0000000095b00000, 0x0000000095b00000| Complete 
| 348|0x0000000095c00000, 0x0000000095d00000, 0x0000000095d00000|100%| E|CS|TAMS 0x0000000095c00000, 0x0000000095c00000| Complete 
| 349|0x0000000095d00000, 0x0000000095e00000, 0x0000000095e00000|100%| E|CS|TAMS 0x0000000095d00000, 0x0000000095d00000| Complete 
| 350|0x0000000095e00000, 0x0000000095f00000, 0x0000000095f00000|100%| E|CS|TAMS 0x0000000095e00000, 0x0000000095e00000| Complete 
| 351|0x0000000095f00000, 0x0000000096000000, 0x0000000096000000|100%| E|CS|TAMS 0x0000000095f00000, 0x0000000095f00000| Complete 
| 352|0x0000000096000000, 0x0000000096100000, 0x0000000096100000|100%| E|CS|TAMS 0x0000000096000000, 0x0000000096000000| Complete 
| 353|0x0000000096100000, 0x0000000096200000, 0x0000000096200000|100%| E|CS|TAMS 0x0000000096100000, 0x0000000096100000| Complete 
| 354|0x0000000096200000, 0x0000000096300000, 0x0000000096300000|100%| E|CS|TAMS 0x0000000096200000, 0x0000000096200000| Complete 
| 355|0x0000000096300000, 0x0000000096400000, 0x0000000096400000|100%| E|CS|TAMS 0x0000000096300000, 0x0000000096300000| Complete 
| 356|0x0000000096400000, 0x0000000096500000, 0x0000000096500000|100%| E|CS|TAMS 0x0000000096400000, 0x0000000096400000| Complete 
| 357|0x0000000096500000, 0x0000000096600000, 0x0000000096600000|100%| E|CS|TAMS 0x0000000096500000, 0x0000000096500000| Complete 
| 358|0x0000000096600000, 0x0000000096700000, 0x0000000096700000|100%| E|CS|TAMS 0x0000000096600000, 0x0000000096600000| Complete 
| 359|0x0000000096700000, 0x0000000096800000, 0x0000000096800000|100%| E|CS|TAMS 0x0000000096700000, 0x0000000096700000| Complete 
| 360|0x0000000096800000, 0x0000000096900000, 0x0000000096900000|100%| E|CS|TAMS 0x0000000096800000, 0x0000000096800000| Complete 
| 361|0x0000000096900000, 0x0000000096a00000, 0x0000000096a00000|100%| E|CS|TAMS 0x0000000096900000, 0x0000000096900000| Complete 
| 362|0x0000000096a00000, 0x0000000096b00000, 0x0000000096b00000|100%| E|CS|TAMS 0x0000000096a00000, 0x0000000096a00000| Complete 
| 363|0x0000000096b00000, 0x0000000096c00000, 0x0000000096c00000|100%| E|CS|TAMS 0x0000000096b00000, 0x0000000096b00000| Complete 
| 364|0x0000000096c00000, 0x0000000096d00000, 0x0000000096d00000|100%| E|CS|TAMS 0x0000000096c00000, 0x0000000096c00000| Complete 
| 365|0x0000000096d00000, 0x0000000096e00000, 0x0000000096e00000|100%| E|CS|TAMS 0x0000000096d00000, 0x0000000096d00000| Complete 
| 366|0x0000000096e00000, 0x0000000096f00000, 0x0000000096f00000|100%| E|CS|TAMS 0x0000000096e00000, 0x0000000096e00000| Complete 
| 367|0x0000000096f00000, 0x0000000097000000, 0x0000000097000000|100%| E|CS|TAMS 0x0000000096f00000, 0x0000000096f00000| Complete 
| 368|0x0000000097000000, 0x0000000097100000, 0x0000000097100000|100%| E|CS|TAMS 0x0000000097000000, 0x0000000097000000| Complete 
| 369|0x0000000097100000, 0x0000000097200000, 0x0000000097200000|100%| E|CS|TAMS 0x0000000097100000, 0x0000000097100000| Complete 
| 370|0x0000000097200000, 0x0000000097300000, 0x0000000097300000|100%| E|CS|TAMS 0x0000000097200000, 0x0000000097200000| Complete 
| 371|0x0000000097300000, 0x0000000097400000, 0x0000000097400000|100%| E|CS|TAMS 0x0000000097300000, 0x0000000097300000| Complete 
| 372|0x0000000097400000, 0x0000000097500000, 0x0000000097500000|100%| E|CS|TAMS 0x0000000097400000, 0x0000000097400000| Complete 
| 373|0x0000000097500000, 0x0000000097600000, 0x0000000097600000|100%| E|CS|TAMS 0x0000000097500000, 0x0000000097500000| Complete 
| 374|0x0000000097600000, 0x0000000097700000, 0x0000000097700000|100%| E|CS|TAMS 0x0000000097600000, 0x0000000097600000| Complete 
| 375|0x0000000097700000, 0x0000000097800000, 0x0000000097800000|100%| E|CS|TAMS 0x0000000097700000, 0x0000000097700000| Complete 
| 376|0x0000000097800000, 0x0000000097900000, 0x0000000097900000|100%| E|CS|TAMS 0x0000000097800000, 0x0000000097800000| Complete 
| 377|0x0000000097900000, 0x0000000097a00000, 0x0000000097a00000|100%| E|CS|TAMS 0x0000000097900000, 0x0000000097900000| Complete 
| 378|0x0000000097a00000, 0x0000000097b00000, 0x0000000097b00000|100%| E|CS|TAMS 0x0000000097a00000, 0x0000000097a00000| Complete 
| 379|0x0000000097b00000, 0x0000000097c00000, 0x0000000097c00000|100%| E|CS|TAMS 0x0000000097b00000, 0x0000000097b00000| Complete 
| 380|0x0000000097c00000, 0x0000000097d00000, 0x0000000097d00000|100%| E|CS|TAMS 0x0000000097c00000, 0x0000000097c00000| Complete 
| 381|0x0000000097d00000, 0x0000000097e00000, 0x0000000097e00000|100%| E|CS|TAMS 0x0000000097d00000, 0x0000000097d00000| Complete 
| 382|0x0000000097e00000, 0x0000000097f00000, 0x0000000097f00000|100%| E|CS|TAMS 0x0000000097e00000, 0x0000000097e00000| Complete 
| 383|0x0000000097f00000, 0x0000000098000000, 0x0000000098000000|100%| E|CS|TAMS 0x0000000097f00000, 0x0000000097f00000| Complete 
| 384|0x0000000098000000, 0x0000000098100000, 0x0000000098100000|100%| E|CS|TAMS 0x0000000098000000, 0x0000000098000000| Complete 
| 385|0x0000000098100000, 0x0000000098200000, 0x0000000098200000|100%| E|CS|TAMS 0x0000000098100000, 0x0000000098100000| Complete 
| 386|0x0000000098200000, 0x0000000098300000, 0x0000000098300000|100%| E|CS|TAMS 0x0000000098200000, 0x0000000098200000| Complete 
| 387|0x0000000098300000, 0x0000000098400000, 0x0000000098400000|100%| E|CS|TAMS 0x0000000098300000, 0x0000000098300000| Complete 
| 388|0x0000000098400000, 0x0000000098500000, 0x0000000098500000|100%| E|CS|TAMS 0x0000000098400000, 0x0000000098400000| Complete 
| 389|0x0000000098500000, 0x0000000098600000, 0x0000000098600000|100%| E|CS|TAMS 0x0000000098500000, 0x0000000098500000| Complete 
| 390|0x0000000098600000, 0x0000000098700000, 0x0000000098700000|100%| E|CS|TAMS 0x0000000098600000, 0x0000000098600000| Complete 
| 391|0x0000000098700000, 0x0000000098800000, 0x0000000098800000|100%| E|CS|TAMS 0x0000000098700000, 0x0000000098700000| Complete 
| 392|0x0000000098800000, 0x0000000098900000, 0x0000000098900000|100%| E|CS|TAMS 0x0000000098800000, 0x0000000098800000| Complete 
| 393|0x0000000098900000, 0x0000000098a00000, 0x0000000098a00000|100%| E|CS|TAMS 0x0000000098900000, 0x0000000098900000| Complete 
| 394|0x0000000098a00000, 0x0000000098b00000, 0x0000000098b00000|100%| E|CS|TAMS 0x0000000098a00000, 0x0000000098a00000| Complete 
| 395|0x0000000098b00000, 0x0000000098c00000, 0x0000000098c00000|100%| E|CS|TAMS 0x0000000098b00000, 0x0000000098b00000| Complete 
| 396|0x0000000098c00000, 0x0000000098d00000, 0x0000000098d00000|100%| E|CS|TAMS 0x0000000098c00000, 0x0000000098c00000| Complete 
| 397|0x0000000098d00000, 0x0000000098e00000, 0x0000000098e00000|100%| E|CS|TAMS 0x0000000098d00000, 0x0000000098d00000| Complete 
| 398|0x0000000098e00000, 0x0000000098f00000, 0x0000000098f00000|100%| E|CS|TAMS 0x0000000098e00000, 0x0000000098e00000| Complete 
| 399|0x0000000098f00000, 0x0000000099000000, 0x0000000099000000|100%| E|CS|TAMS 0x0000000098f00000, 0x0000000098f00000| Complete 
| 400|0x0000000099000000, 0x0000000099100000, 0x0000000099100000|100%| E|CS|TAMS 0x0000000099000000, 0x0000000099000000| Complete 
| 401|0x0000000099100000, 0x0000000099200000, 0x0000000099200000|100%| E|CS|TAMS 0x0000000099100000, 0x0000000099100000| Complete 
| 402|0x0000000099200000, 0x0000000099300000, 0x0000000099300000|100%| E|CS|TAMS 0x0000000099200000, 0x0000000099200000| Complete 
| 403|0x0000000099300000, 0x0000000099400000, 0x0000000099400000|100%| E|CS|TAMS 0x0000000099300000, 0x0000000099300000| Complete 
| 404|0x0000000099400000, 0x0000000099500000, 0x0000000099500000|100%| E|CS|TAMS 0x0000000099400000, 0x0000000099400000| Complete 
| 405|0x0000000099500000, 0x0000000099600000, 0x0000000099600000|100%| E|CS|TAMS 0x0000000099500000, 0x0000000099500000| Complete 
| 406|0x0000000099600000, 0x0000000099700000, 0x0000000099700000|100%| E|CS|TAMS 0x0000000099600000, 0x0000000099600000| Complete 
| 407|0x0000000099700000, 0x0000000099800000, 0x0000000099800000|100%| E|CS|TAMS 0x0000000099700000, 0x0000000099700000| Complete 
| 408|0x0000000099800000, 0x0000000099900000, 0x0000000099900000|100%| E|CS|TAMS 0x0000000099800000, 0x0000000099800000| Complete 
| 409|0x0000000099900000, 0x0000000099a00000, 0x0000000099a00000|100%| E|CS|TAMS 0x0000000099900000, 0x0000000099900000| Complete 
| 410|0x0000000099a00000, 0x0000000099b00000, 0x0000000099b00000|100%| E|CS|TAMS 0x0000000099a00000, 0x0000000099a00000| Complete 
| 411|0x0000000099b00000, 0x0000000099c00000, 0x0000000099c00000|100%| E|CS|TAMS 0x0000000099b00000, 0x0000000099b00000| Complete 
| 412|0x0000000099c00000, 0x0000000099d00000, 0x0000000099d00000|100%| E|CS|TAMS 0x0000000099c00000, 0x0000000099c00000| Complete 
| 413|0x0000000099d00000, 0x0000000099e00000, 0x0000000099e00000|100%| E|CS|TAMS 0x0000000099d00000, 0x0000000099d00000| Complete 
| 414|0x0000000099e00000, 0x0000000099f00000, 0x0000000099f00000|100%| E|CS|TAMS 0x0000000099e00000, 0x0000000099e00000| Complete 
| 415|0x0000000099f00000, 0x000000009a000000, 0x000000009a000000|100%| E|CS|TAMS 0x0000000099f00000, 0x0000000099f00000| Complete 
| 416|0x000000009a000000, 0x000000009a100000, 0x000000009a100000|100%| E|CS|TAMS 0x000000009a000000, 0x000000009a000000| Complete 
| 417|0x000000009a100000, 0x000000009a200000, 0x000000009a200000|100%| E|CS|TAMS 0x000000009a100000, 0x000000009a100000| Complete 
| 418|0x000000009a200000, 0x000000009a300000, 0x000000009a300000|100%| E|CS|TAMS 0x000000009a200000, 0x000000009a200000| Complete 
| 419|0x000000009a300000, 0x000000009a400000, 0x000000009a400000|100%| E|CS|TAMS 0x000000009a300000, 0x000000009a300000| Complete 
| 420|0x000000009a400000, 0x000000009a500000, 0x000000009a500000|100%| E|CS|TAMS 0x000000009a400000, 0x000000009a400000| Complete 
| 421|0x000000009a500000, 0x000000009a600000, 0x000000009a600000|100%| E|CS|TAMS 0x000000009a500000, 0x000000009a500000| Complete 
| 422|0x000000009a600000, 0x000000009a700000, 0x000000009a700000|100%| E|CS|TAMS 0x000000009a600000, 0x000000009a600000| Complete 
| 423|0x000000009a700000, 0x000000009a800000, 0x000000009a800000|100%| E|CS|TAMS 0x000000009a700000, 0x000000009a700000| Complete 
| 424|0x000000009a800000, 0x000000009a900000, 0x000000009a900000|100%| E|CS|TAMS 0x000000009a800000, 0x000000009a800000| Complete 
| 425|0x000000009a900000, 0x000000009aa00000, 0x000000009aa00000|100%| E|CS|TAMS 0x000000009a900000, 0x000000009a900000| Complete 
| 426|0x000000009aa00000, 0x000000009ab00000, 0x000000009ab00000|100%| E|CS|TAMS 0x000000009aa00000, 0x000000009aa00000| Complete 
| 427|0x000000009ab00000, 0x000000009ac00000, 0x000000009ac00000|100%| E|CS|TAMS 0x000000009ab00000, 0x000000009ab00000| Complete 
| 428|0x000000009ac00000, 0x000000009ad00000, 0x000000009ad00000|100%| E|CS|TAMS 0x000000009ac00000, 0x000000009ac00000| Complete 
| 429|0x000000009ad00000, 0x000000009ae00000, 0x000000009ae00000|100%| E|CS|TAMS 0x000000009ad00000, 0x000000009ad00000| Complete 
| 430|0x000000009ae00000, 0x000000009af00000, 0x000000009af00000|100%| E|CS|TAMS 0x000000009ae00000, 0x000000009ae00000| Complete 
| 431|0x000000009af00000, 0x000000009b000000, 0x000000009b000000|100%| E|CS|TAMS 0x000000009af00000, 0x000000009af00000| Complete 
| 432|0x000000009b000000, 0x000000009b100000, 0x000000009b100000|100%| E|CS|TAMS 0x000000009b000000, 0x000000009b000000| Complete 
| 433|0x000000009b100000, 0x000000009b200000, 0x000000009b200000|100%| E|CS|TAMS 0x000000009b100000, 0x000000009b100000| Complete 
| 434|0x000000009b200000, 0x000000009b300000, 0x000000009b300000|100%| E|CS|TAMS 0x000000009b200000, 0x000000009b200000| Complete 
| 435|0x000000009b300000, 0x000000009b400000, 0x000000009b400000|100%| E|CS|TAMS 0x000000009b300000, 0x000000009b300000| Complete 
| 436|0x000000009b400000, 0x000000009b500000, 0x000000009b500000|100%| E|CS|TAMS 0x000000009b400000, 0x000000009b400000| Complete 
| 437|0x000000009b500000, 0x000000009b600000, 0x000000009b600000|100%| E|CS|TAMS 0x000000009b500000, 0x000000009b500000| Complete 
| 438|0x000000009b600000, 0x000000009b700000, 0x000000009b700000|100%| E|CS|TAMS 0x000000009b600000, 0x000000009b600000| Complete 
| 439|0x000000009b700000, 0x000000009b800000, 0x000000009b800000|100%| E|CS|TAMS 0x000000009b700000, 0x000000009b700000| Complete 
| 440|0x000000009b800000, 0x000000009b900000, 0x000000009b900000|100%| E|CS|TAMS 0x000000009b800000, 0x000000009b800000| Complete 
| 441|0x000000009b900000, 0x000000009ba00000, 0x000000009ba00000|100%| E|CS|TAMS 0x000000009b900000, 0x000000009b900000| Complete 
| 442|0x000000009ba00000, 0x000000009bb00000, 0x000000009bb00000|100%| E|CS|TAMS 0x000000009ba00000, 0x000000009ba00000| Complete 
| 443|0x000000009bb00000, 0x000000009bc00000, 0x000000009bc00000|100%| E|CS|TAMS 0x000000009bb00000, 0x000000009bb00000| Complete 
| 444|0x000000009bc00000, 0x000000009bd00000, 0x000000009bd00000|100%| E|CS|TAMS 0x000000009bc00000, 0x000000009bc00000| Complete 
| 445|0x000000009bd00000, 0x000000009be00000, 0x000000009be00000|100%| E|CS|TAMS 0x000000009bd00000, 0x000000009bd00000| Complete 
| 446|0x000000009be00000, 0x000000009bf00000, 0x000000009bf00000|100%| E|CS|TAMS 0x000000009be00000, 0x000000009be00000| Complete 
| 447|0x000000009bf00000, 0x000000009c000000, 0x000000009c000000|100%| E|CS|TAMS 0x000000009bf00000, 0x000000009bf00000| Complete 
| 448|0x000000009c000000, 0x000000009c100000, 0x000000009c100000|100%| E|CS|TAMS 0x000000009c000000, 0x000000009c000000| Complete 
| 449|0x000000009c100000, 0x000000009c200000, 0x000000009c200000|100%| E|CS|TAMS 0x000000009c100000, 0x000000009c100000| Complete 
| 450|0x000000009c200000, 0x000000009c300000, 0x000000009c300000|100%| E|CS|TAMS 0x000000009c200000, 0x000000009c200000| Complete 
| 451|0x000000009c300000, 0x000000009c400000, 0x000000009c400000|100%| E|CS|TAMS 0x000000009c300000, 0x000000009c300000| Complete 
| 452|0x000000009c400000, 0x000000009c500000, 0x000000009c500000|100%| E|CS|TAMS 0x000000009c400000, 0x000000009c400000| Complete 
| 453|0x000000009c500000, 0x000000009c600000, 0x000000009c600000|100%| E|CS|TAMS 0x000000009c500000, 0x000000009c500000| Complete 
| 454|0x000000009c600000, 0x000000009c700000, 0x000000009c700000|100%| E|CS|TAMS 0x000000009c600000, 0x000000009c600000| Complete 
| 455|0x000000009c700000, 0x000000009c800000, 0x000000009c800000|100%| E|CS|TAMS 0x000000009c700000, 0x000000009c700000| Complete 
| 456|0x000000009c800000, 0x000000009c900000, 0x000000009c900000|100%| E|CS|TAMS 0x000000009c800000, 0x000000009c800000| Complete 
| 457|0x000000009c900000, 0x000000009ca00000, 0x000000009ca00000|100%| E|CS|TAMS 0x000000009c900000, 0x000000009c900000| Complete 
| 458|0x000000009ca00000, 0x000000009cb00000, 0x000000009cb00000|100%| E|CS|TAMS 0x000000009ca00000, 0x000000009ca00000| Complete 
| 459|0x000000009cb00000, 0x000000009cc00000, 0x000000009cc00000|100%| E|CS|TAMS 0x000000009cb00000, 0x000000009cb00000| Complete 
| 460|0x000000009cc00000, 0x000000009cd00000, 0x000000009cd00000|100%| E|CS|TAMS 0x000000009cc00000, 0x000000009cc00000| Complete 
| 461|0x000000009cd00000, 0x000000009ce00000, 0x000000009ce00000|100%| E|CS|TAMS 0x000000009cd00000, 0x000000009cd00000| Complete 
| 462|0x000000009ce00000, 0x000000009cf00000, 0x000000009cf00000|100%| E|CS|TAMS 0x000000009ce00000, 0x000000009ce00000| Complete 
| 463|0x000000009cf00000, 0x000000009d000000, 0x000000009d000000|100%| E|CS|TAMS 0x000000009cf00000, 0x000000009cf00000| Complete 
| 464|0x000000009d000000, 0x000000009d100000, 0x000000009d100000|100%| E|CS|TAMS 0x000000009d000000, 0x000000009d000000| Complete 
| 465|0x000000009d100000, 0x000000009d200000, 0x000000009d200000|100%| E|CS|TAMS 0x000000009d100000, 0x000000009d100000| Complete 
| 466|0x000000009d200000, 0x000000009d300000, 0x000000009d300000|100%| E|CS|TAMS 0x000000009d200000, 0x000000009d200000| Complete 
| 467|0x000000009d300000, 0x000000009d400000, 0x000000009d400000|100%| E|CS|TAMS 0x000000009d300000, 0x000000009d300000| Complete 
| 468|0x000000009d400000, 0x000000009d500000, 0x000000009d500000|100%| E|CS|TAMS 0x000000009d400000, 0x000000009d400000| Complete 
| 469|0x000000009d500000, 0x000000009d600000, 0x000000009d600000|100%| E|CS|TAMS 0x000000009d500000, 0x000000009d500000| Complete 
| 470|0x000000009d600000, 0x000000009d700000, 0x000000009d700000|100%| E|CS|TAMS 0x000000009d600000, 0x000000009d600000| Complete 
| 471|0x000000009d700000, 0x000000009d800000, 0x000000009d800000|100%| E|CS|TAMS 0x000000009d700000, 0x000000009d700000| Complete 
| 472|0x000000009d800000, 0x000000009d900000, 0x000000009d900000|100%| E|CS|TAMS 0x000000009d800000, 0x000000009d800000| Complete 
| 473|0x000000009d900000, 0x000000009da00000, 0x000000009da00000|100%| E|CS|TAMS 0x000000009d900000, 0x000000009d900000| Complete 
| 474|0x000000009da00000, 0x000000009db00000, 0x000000009db00000|100%| E|CS|TAMS 0x000000009da00000, 0x000000009da00000| Complete 
| 475|0x000000009db00000, 0x000000009dc00000, 0x000000009dc00000|100%| E|CS|TAMS 0x000000009db00000, 0x000000009db00000| Complete 
| 476|0x000000009dc00000, 0x000000009dd00000, 0x000000009dd00000|100%| E|CS|TAMS 0x000000009dc00000, 0x000000009dc00000| Complete 
| 477|0x000000009dd00000, 0x000000009de00000, 0x000000009de00000|100%| E|CS|TAMS 0x000000009dd00000, 0x000000009dd00000| Complete 
| 478|0x000000009de00000, 0x000000009df00000, 0x000000009df00000|100%| E|CS|TAMS 0x000000009de00000, 0x000000009de00000| Complete 
| 479|0x000000009df00000, 0x000000009e000000, 0x000000009e000000|100%| E|CS|TAMS 0x000000009df00000, 0x000000009df00000| Complete 
| 480|0x000000009e000000, 0x000000009e100000, 0x000000009e100000|100%| E|CS|TAMS 0x000000009e000000, 0x000000009e000000| Complete 
| 481|0x000000009e100000, 0x000000009e200000, 0x000000009e200000|100%| E|CS|TAMS 0x000000009e100000, 0x000000009e100000| Complete 
| 482|0x000000009e200000, 0x000000009e300000, 0x000000009e300000|100%| E|CS|TAMS 0x000000009e200000, 0x000000009e200000| Complete 
| 483|0x000000009e300000, 0x000000009e400000, 0x000000009e400000|100%| E|CS|TAMS 0x000000009e300000, 0x000000009e300000| Complete 
| 484|0x000000009e400000, 0x000000009e500000, 0x000000009e500000|100%| E|CS|TAMS 0x000000009e400000, 0x000000009e400000| Complete 
| 485|0x000000009e500000, 0x000000009e600000, 0x000000009e600000|100%| E|CS|TAMS 0x000000009e500000, 0x000000009e500000| Complete 
| 486|0x000000009e600000, 0x000000009e700000, 0x000000009e700000|100%| E|CS|TAMS 0x000000009e600000, 0x000000009e600000| Complete 
| 487|0x000000009e700000, 0x000000009e800000, 0x000000009e800000|100%| E|CS|TAMS 0x000000009e700000, 0x000000009e700000| Complete 
| 488|0x000000009e800000, 0x000000009e900000, 0x000000009e900000|100%| E|CS|TAMS 0x000000009e800000, 0x000000009e800000| Complete 
| 489|0x000000009e900000, 0x000000009ea00000, 0x000000009ea00000|100%| E|CS|TAMS 0x000000009e900000, 0x000000009e900000| Complete 
| 490|0x000000009ea00000, 0x000000009eb00000, 0x000000009eb00000|100%| E|CS|TAMS 0x000000009ea00000, 0x000000009ea00000| Complete 
| 491|0x000000009eb00000, 0x000000009ec00000, 0x000000009ec00000|100%| E|CS|TAMS 0x000000009eb00000, 0x000000009eb00000| Complete 
| 492|0x000000009ec00000, 0x000000009ed00000, 0x000000009ed00000|100%| E|CS|TAMS 0x000000009ec00000, 0x000000009ec00000| Complete 
| 493|0x000000009ed00000, 0x000000009ee00000, 0x000000009ee00000|100%| E|CS|TAMS 0x000000009ed00000, 0x000000009ed00000| Complete 
| 494|0x000000009ee00000, 0x000000009ef00000, 0x000000009ef00000|100%| E|CS|TAMS 0x000000009ee00000, 0x000000009ee00000| Complete 
| 495|0x000000009ef00000, 0x000000009f000000, 0x000000009f000000|100%| E|CS|TAMS 0x000000009ef00000, 0x000000009ef00000| Complete 
| 496|0x000000009f000000, 0x000000009f100000, 0x000000009f100000|100%| E|CS|TAMS 0x000000009f000000, 0x000000009f000000| Complete 
| 497|0x000000009f100000, 0x000000009f200000, 0x000000009f200000|100%| E|CS|TAMS 0x000000009f100000, 0x000000009f100000| Complete 
| 498|0x000000009f200000, 0x000000009f300000, 0x000000009f300000|100%| E|CS|TAMS 0x000000009f200000, 0x000000009f200000| Complete 
| 499|0x000000009f300000, 0x000000009f400000, 0x000000009f400000|100%| E|CS|TAMS 0x000000009f300000, 0x000000009f300000| Complete 
| 500|0x000000009f400000, 0x000000009f500000, 0x000000009f500000|100%| E|CS|TAMS 0x000000009f400000, 0x000000009f400000| Complete 
| 501|0x000000009f500000, 0x000000009f600000, 0x000000009f600000|100%| E|CS|TAMS 0x000000009f500000, 0x000000009f500000| Complete 
| 502|0x000000009f600000, 0x000000009f700000, 0x000000009f700000|100%| E|CS|TAMS 0x000000009f600000, 0x000000009f600000| Complete 

Card table byte_map: [0x000001847ed20000,0x000001847f120000] _byte_map_base: 0x000001847e920000

Marking Bits (Prev, Next): (CMBitMap*) 0x00000184566932d0, (CMBitMap*) 0x0000018456693310
 Prev Bits: [0x0000018400000000, 0x0000018402000000)
 Next Bits: [0x0000018402000000, 0x0000018404000000)

Polling page: 0x00000184543f0000

Metaspace:

Usage:
  Non-class:    122.17 MB used.
      Class:     19.41 MB used.
       Both:    141.57 MB used.

Virtual space:
  Non-class space:      128.00 MB reserved,     123.00 MB ( 96%) committed,  2 nodes.
      Class space:      416.00 MB reserved,      20.19 MB (  5%) committed,  1 nodes.
             Both:      544.00 MB reserved,     143.19 MB ( 26%) committed. 

Chunk freelists:
   Non-Class:  4.95 MB
       Class:  11.62 MB
        Both:  16.58 MB

MaxMetaspaceSize: 512.00 MB
CompressedClassSpaceSize: 416.00 MB
Initial GC threshold: 21.00 MB
Current GC threshold: 169.19 MB
CDS: on
MetaspaceReclaimPolicy: balanced
 - commit_granule_bytes: 65536.
 - commit_granule_words: 8192.
 - virtual_space_node_default_size: 8388608.
 - enlarge_chunks_in_place: 1.
 - new_chunks_are_fully_committed: 0.
 - uncommit_free_chunks: 1.
 - use_allocation_guard: 0.
 - handle_deallocations: 1.


Internal statistics:

num_allocs_failed_limit: 6.
num_arena_births: 2628.
num_arena_deaths: 0.
num_vsnodes_births: 3.
num_vsnodes_deaths: 0.
num_space_committed: 2290.
num_space_uncommitted: 0.
num_chunks_returned_to_freelist: 6.
num_chunks_taken_from_freelist: 9356.
num_chunk_merges: 6.
num_chunk_splits: 6027.
num_chunks_enlarged: 3782.
num_inconsistent_stats: 0.

CodeHeap 'non-profiled nmethods': size=259264Kb used=12835Kb max_used=12835Kb free=246428Kb
 bounds [0x000001846e470000, 0x000001846f100000, 0x000001847e1a0000]
CodeHeap 'profiled nmethods': size=259264Kb used=35656Kb max_used=35656Kb free=223607Kb
 bounds [0x000001845e1a0000, 0x0000018460480000, 0x000001846ded0000]
CodeHeap 'non-nmethods': size=5760Kb used=1839Kb max_used=1877Kb free=3920Kb
 bounds [0x000001846ded0000, 0x000001846e140000, 0x000001846e470000]
 total_blobs=18859 nmethods=17911 adapters=859
 compilation: enabled
              stopped_count=0, restarted_count=0
 full_count=0

Compilation events (20 events):
Event: 67.731 Thread 0x00000184061c4670 21675       1       com.android.tools.r8.internal.om::a (2 bytes)
Event: 67.731 Thread 0x00000184061c4670 nmethod 21675 0x000001846f0f8c90 code [0x000001846f0f8e20, 0x000001846f0f8ef8]
Event: 67.734 Thread 0x00000184061c4670 21676       3       com.android.tools.r8.graph.z::b (8 bytes)
Event: 67.735 Thread 0x00000184061c4670 nmethod 21676 0x000001846046ef90 code [0x000001846046f140, 0x000001846046f358]
Event: 67.737 Thread 0x00000184061c4670 21677       2       java.util.ArrayDeque::iterator (9 bytes)
Event: 67.737 Thread 0x00000184061c4670 nmethod 21677 0x000001846046f410 code [0x000001846046f5c0, 0x000001846046f7b8]
Event: 67.737 Thread 0x00000184061c4670 21678       2       java.util.ArrayDeque$DeqIterator::<init> (34 bytes)
Event: 67.737 Thread 0x00000184061c4670 nmethod 21678 0x000001846046f890 code [0x000001846046fa20, 0x000001846046fbb8]
Event: 67.755 Thread 0x00000184061c4670 21680       3       com.android.tools.r8.internal.FA::a (10 bytes)
Event: 67.755 Thread 0x00000184061c4670 nmethod 21680 0x000001845ef91890 code [0x000001845ef91a20, 0x000001845ef91b18]
Event: 67.767 Thread 0x00000184061c4670 21681       3       java.util.Set::of (10 bytes)
Event: 67.767 Thread 0x00000184061c4670 nmethod 21681 0x000001846046fc90 code [0x000001846046fe40, 0x000001846046ffc8]
Event: 67.775 Thread 0x00000184061c4670 21682   !   3       jdk.nio.zipfs.ZipFileSystem::newInputStream (76 bytes)
Event: 67.776 Thread 0x00000184061c4670 nmethod 21682 0x0000018460470090 code [0x00000184604703a0, 0x0000018460471458]
Event: 67.776 Thread 0x00000184061c4670 21683       3       jdk.nio.zipfs.ZipFileSystem::getEntry (62 bytes)
Event: 67.776 Thread 0x00000184061c4670 nmethod 21683 0x0000018460471d90 code [0x0000018460471fa0, 0x00000184604725e8]
Event: 67.784 Thread 0x00000184061c4670 21684       3       com.sun.tools.javac.util.Assert::checkNonNull (10 bytes)
Event: 67.785 Thread 0x00000184061c4670 nmethod 21684 0x0000018460472790 code [0x0000018460472940, 0x0000018460472ba8]
Event: 68.293 Thread 0x00000184061c4670 21685       3       java.util.concurrent.ThreadPoolExecutor$Worker::unlock (7 bytes)
Event: 68.294 Thread 0x00000184061c4670 nmethod 21685 0x0000018460472d10 code [0x0000018460472ec0, 0x0000018460473128]

GC Heap History (20 events):
Event: 23.446 GC heap before
{Heap before GC invocations=47 (full 0):
 garbage-first heap   total 239616K, used 198441K [0x0000000080000000, 0x0000000100000000)
  region size 1024K, 55 young (56320K), 4 survivors (4096K)
 Metaspace       used 104364K, committed 105728K, reserved 557056K
  class space    used 14670K, committed 15360K, reserved 425984K
}
Event: 23.448 GC heap after
{Heap after GC invocations=48 (full 0):
 garbage-first heap   total 239616K, used 148151K [0x0000000080000000, 0x0000000100000000)
  region size 1024K, 5 young (5120K), 5 survivors (5120K)
 Metaspace       used 104364K, committed 105728K, reserved 557056K
  class space    used 14670K, committed 15360K, reserved 425984K
}
Event: 24.077 GC heap before
{Heap before GC invocations=48 (full 0):
 garbage-first heap   total 239616K, used 203447K [0x0000000080000000, 0x0000000100000000)
  region size 1024K, 56 young (57344K), 5 survivors (5120K)
 Metaspace       used 105174K, committed 106560K, reserved 557056K
  class space    used 14794K, committed 15488K, reserved 425984K
}
Event: 24.087 GC heap after
{Heap after GC invocations=49 (full 0):
 garbage-first heap   total 239616K, used 160726K [0x0000000080000000, 0x0000000100000000)
  region size 1024K, 7 young (7168K), 7 survivors (7168K)
 Metaspace       used 105174K, committed 106560K, reserved 557056K
  class space    used 14794K, committed 15488K, reserved 425984K
}
Event: 24.328 GC heap before
{Heap before GC invocations=49 (full 0):
 garbage-first heap   total 239616K, used 198614K [0x0000000080000000, 0x0000000100000000)
  region size 1024K, 45 young (46080K), 7 survivors (7168K)
 Metaspace       used 105259K, committed 106688K, reserved 557056K
  class space    used 14799K, committed 15552K, reserved 425984K
}
Event: 24.335 GC heap after
{Heap after GC invocations=50 (full 0):
 garbage-first heap   total 239616K, used 163448K [0x0000000080000000, 0x0000000100000000)
  region size 1024K, 4 young (4096K), 4 survivors (4096K)
 Metaspace       used 105259K, committed 106688K, reserved 557056K
  class space    used 14799K, committed 15552K, reserved 425984K
}
Event: 24.526 GC heap before
{Heap before GC invocations=50 (full 0):
 garbage-first heap   total 239616K, used 201336K [0x0000000080000000, 0x0000000100000000)
  region size 1024K, 41 young (41984K), 4 survivors (4096K)
 Metaspace       used 105259K, committed 106688K, reserved 557056K
  class space    used 14799K, committed 15552K, reserved 425984K
}
Event: 24.530 GC heap after
{Heap after GC invocations=51 (full 0):
 garbage-first heap   total 239616K, used 164460K [0x0000000080000000, 0x0000000100000000)
  region size 1024K, 3 young (3072K), 3 survivors (3072K)
 Metaspace       used 105259K, committed 106688K, reserved 557056K
  class space    used 14799K, committed 15552K, reserved 425984K
}
Event: 24.927 GC heap before
{Heap before GC invocations=51 (full 0):
 garbage-first heap   total 239616K, used 202348K [0x0000000080000000, 0x0000000100000000)
  region size 1024K, 40 young (40960K), 3 survivors (3072K)
 Metaspace       used 105763K, committed 107136K, reserved 557056K
  class space    used 14853K, committed 15552K, reserved 425984K
}
Event: 24.933 GC heap after
{Heap after GC invocations=52 (full 0):
 garbage-first heap   total 239616K, used 169925K [0x0000000080000000, 0x0000000100000000)
  region size 1024K, 5 young (5120K), 5 survivors (5120K)
 Metaspace       used 105763K, committed 107136K, reserved 557056K
  class space    used 14853K, committed 15552K, reserved 425984K
}
Event: 25.304 GC heap before
{Heap before GC invocations=52 (full 0):
 garbage-first heap   total 239616K, used 201669K [0x0000000080000000, 0x0000000100000000)
  region size 1024K, 36 young (36864K), 5 survivors (5120K)
 Metaspace       used 107709K, committed 109120K, reserved 557056K
  class space    used 15128K, committed 15872K, reserved 425984K
}
Event: 25.311 GC heap after
{Heap after GC invocations=53 (full 0):
 garbage-first heap   total 239616K, used 171897K [0x0000000080000000, 0x0000000100000000)
  region size 1024K, 2 young (2048K), 2 survivors (2048K)
 Metaspace       used 107709K, committed 109120K, reserved 557056K
  class space    used 15128K, committed 15872K, reserved 425984K
}
Event: 25.681 GC heap before
{Heap before GC invocations=53 (full 0):
 garbage-first heap   total 239616K, used 202617K [0x0000000080000000, 0x0000000100000000)
  region size 1024K, 32 young (32768K), 2 survivors (2048K)
 Metaspace       used 110992K, committed 112512K, reserved 557056K
  class space    used 15562K, committed 16320K, reserved 425984K
}
Event: 25.687 GC heap after
{Heap after GC invocations=54 (full 0):
 garbage-first heap   total 515072K, used 173152K [0x0000000080000000, 0x0000000100000000)
  region size 1024K, 4 young (4096K), 4 survivors (4096K)
 Metaspace       used 110992K, committed 112512K, reserved 557056K
  class space    used 15562K, committed 16320K, reserved 425984K
}
Event: 28.824 GC heap before
{Heap before GC invocations=54 (full 0):
 garbage-first heap   total 515072K, used 404576K [0x0000000080000000, 0x0000000100000000)
  region size 1024K, 226 young (231424K), 4 survivors (4096K)
 Metaspace       used 117081K, committed 118592K, reserved 557056K
  class space    used 16157K, committed 16896K, reserved 425984K
}
Event: 28.854 GC heap after
{Heap after GC invocations=55 (full 0):
 garbage-first heap   total 515072K, used 194342K [0x0000000080000000, 0x0000000100000000)
  region size 1024K, 24 young (24576K), 24 survivors (24576K)
 Metaspace       used 117081K, committed 118592K, reserved 557056K
  class space    used 16157K, committed 16896K, reserved 425984K
}
Event: 31.690 GC heap before
{Heap before GC invocations=55 (full 0):
 garbage-first heap   total 515072K, used 388902K [0x0000000080000000, 0x0000000100000000)
  region size 1024K, 215 young (220160K), 24 survivors (24576K)
 Metaspace       used 117783K, committed 119360K, reserved 557056K
  class space    used 16251K, committed 17024K, reserved 425984K
}
Event: 31.736 GC heap after
{Heap after GC invocations=56 (full 0):
 garbage-first heap   total 515072K, used 201863K [0x0000000080000000, 0x0000000100000000)
  region size 1024K, 10 young (10240K), 10 survivors (10240K)
 Metaspace       used 117783K, committed 119360K, reserved 557056K
  class space    used 16251K, committed 17024K, reserved 425984K
}
Event: 60.714 GC heap before
{Heap before GC invocations=56 (full 0):
 garbage-first heap   total 515072K, used 415879K [0x0000000080000000, 0x0000000100000000)
  region size 1024K, 208 young (212992K), 10 survivors (10240K)
 Metaspace       used 132527K, committed 134144K, reserved 557056K
  class space    used 18098K, committed 18880K, reserved 425984K
}
Event: 60.784 GC heap after
{Heap after GC invocations=57 (full 0):
 garbage-first heap   total 515072K, used 228066K [0x0000000080000000, 0x0000000100000000)
  region size 1024K, 26 young (26624K), 26 survivors (26624K)
 Metaspace       used 132527K, committed 134144K, reserved 557056K
  class space    used 18098K, committed 18880K, reserved 425984K
}

Dll operation events (16 events):
Event: 0.009 Loaded shared library C:\Program Files\Microsoft\jdk-17.0.17.10-hotspot\bin\java.dll
Event: 0.021 Loaded shared library C:\Program Files\Microsoft\jdk-17.0.17.10-hotspot\bin\jsvml.dll
Event: 0.054 Loaded shared library C:\Program Files\Microsoft\jdk-17.0.17.10-hotspot\bin\zip.dll
Event: 0.057 Loaded shared library C:\Program Files\Microsoft\jdk-17.0.17.10-hotspot\bin\instrument.dll
Event: 0.059 Loaded shared library C:\Program Files\Microsoft\jdk-17.0.17.10-hotspot\bin\net.dll
Event: 0.060 Loaded shared library C:\Program Files\Microsoft\jdk-17.0.17.10-hotspot\bin\nio.dll
Event: 0.062 Loaded shared library C:\Program Files\Microsoft\jdk-17.0.17.10-hotspot\bin\zip.dll
Event: 0.228 Loaded shared library C:\Program Files\Microsoft\jdk-17.0.17.10-hotspot\bin\jimage.dll
Event: 0.357 Loaded shared library C:\Program Files\Microsoft\jdk-17.0.17.10-hotspot\bin\verify.dll
Event: 0.377 Loaded shared library C:\Users\Aditya\.gradle\native\1def1411415f61bf3af743bc5b6707747c0891f09f0c88961ee8f79bc544acac\windows-amd64\native-platform.dll
Event: 0.392 Loaded shared library C:\Users\Aditya\.gradle\native\0.2.8\x86_64-windows-gnu\gradle-fileevents.dll
Event: 1.263 Loaded shared library C:\Program Files\Microsoft\jdk-17.0.17.10-hotspot\bin\management.dll
Event: 1.265 Loaded shared library C:\Program Files\Microsoft\jdk-17.0.17.10-hotspot\bin\management_ext.dll
Event: 1.450 Loaded shared library C:\Program Files\Microsoft\jdk-17.0.17.10-hotspot\bin\extnet.dll
Event: 1.591 Loaded shared library C:\Program Files\Microsoft\jdk-17.0.17.10-hotspot\bin\sunmscapi.dll
Event: 42.115 Loaded shared library C:\Program Files\Microsoft\jdk-17.0.17.10-hotspot\bin\rmi.dll

Deoptimization events (20 events):
Event: 66.590 Thread 0x0000018426702950 Uncommon trap: trap_request=0xffffffc6 fr.pc=0x000001846ed2a3b8 relative=0x0000000000000818
Event: 66.590 Thread 0x0000018426702950 Uncommon trap: reason=bimorphic_or_optimized_type_check action=maybe_recompile pc=0x000001846ed2a3b8 method=java.util.Map.computeIfAbsent(Ljava/lang/Object;Ljava/util/function/Function;)Ljava/lang/Object; @ 19 c2
Event: 66.591 Thread 0x0000018426702950 DEOPT PACKING pc=0x000001846ed2a3b8 sp=0x00000028570f98e0
Event: 66.591 Thread 0x0000018426702950 DEOPT UNPACKING pc=0x000001846df269a3 sp=0x00000028570f98d8 mode 2
Event: 66.604 Thread 0x0000018426702950 Uncommon trap: trap_request=0xffffffc6 fr.pc=0x000001846ed2a3b8 relative=0x0000000000000818
Event: 66.604 Thread 0x0000018426702950 Uncommon trap: reason=bimorphic_or_optimized_type_check action=maybe_recompile pc=0x000001846ed2a3b8 method=java.util.Map.computeIfAbsent(Ljava/lang/Object;Ljava/util/function/Function;)Ljava/lang/Object; @ 19 c2
Event: 66.604 Thread 0x0000018426702950 DEOPT PACKING pc=0x000001846ed2a3b8 sp=0x00000028570f98e0
Event: 66.604 Thread 0x0000018426702950 DEOPT UNPACKING pc=0x000001846df269a3 sp=0x00000028570f98d8 mode 2
Event: 66.604 Thread 0x0000018426702950 Uncommon trap: trap_request=0xffffffc6 fr.pc=0x000001846ed2a3b8 relative=0x0000000000000818
Event: 66.604 Thread 0x0000018426702950 Uncommon trap: reason=bimorphic_or_optimized_type_check action=maybe_recompile pc=0x000001846ed2a3b8 method=java.util.Map.computeIfAbsent(Ljava/lang/Object;Ljava/util/function/Function;)Ljava/lang/Object; @ 19 c2
Event: 66.604 Thread 0x0000018426702950 DEOPT PACKING pc=0x000001846ed2a3b8 sp=0x00000028570f98e0
Event: 66.604 Thread 0x0000018426702950 DEOPT UNPACKING pc=0x000001846df269a3 sp=0x00000028570f98d8 mode 2
Event: 67.370 Thread 0x0000018426702950 DEOPT PACKING pc=0x000001845e54849c sp=0x00000028570f90d0
Event: 67.370 Thread 0x0000018426702950 DEOPT UNPACKING pc=0x000001846df27143 sp=0x00000028570f8548 mode 0
Event: 67.517 Thread 0x00000184266ff1a0 DEOPT PACKING pc=0x000001845ecfa4df sp=0x0000002856ef86d0
Event: 67.517 Thread 0x00000184266ff1a0 DEOPT UNPACKING pc=0x000001846df27143 sp=0x0000002856ef7c60 mode 0
Event: 67.678 Thread 0x00000184266ff1a0 Uncommon trap: trap_request=0xfffffff4 fr.pc=0x000001846f03543c relative=0x0000000000002bbc
Event: 67.678 Thread 0x00000184266ff1a0 Uncommon trap: reason=null_check action=make_not_entrant pc=0x000001846f03543c method=com.sun.tools.javac.parser.Tokens.lookupKind(Ljava/lang/String;)Lcom/sun/tools/javac/parser/Tokens$TokenKind; @ 10 c2
Event: 67.678 Thread 0x00000184266ff1a0 DEOPT PACKING pc=0x000001846f03543c sp=0x0000002856ef7bd0
Event: 67.678 Thread 0x00000184266ff1a0 DEOPT UNPACKING pc=0x000001846df269a3 sp=0x0000002856ef7ab8 mode 2

Classes loaded (20 events):
Event: 64.645 Loading class sun/nio/fs/Globs
Event: 64.646 Loading class sun/nio/fs/Globs done
Event: 64.646 Loading class java/util/regex/Pattern$SliceU
Event: 64.647 Loading class java/util/regex/Pattern$SliceU done
Event: 64.647 Loading class sun/nio/fs/WindowsFileSystem$2
Event: 64.648 Loading class sun/nio/fs/WindowsFileSystem$2 done
Event: 64.822 Loading class java/util/zip/ZipInputStream
Event: 64.824 Loading class java/util/zip/ZipInputStream done
Event: 65.348 Loading class java/util/concurrent/RejectedExecutionException
Event: 65.349 Loading class java/util/concurrent/RejectedExecutionException done
Event: 67.632 Loading class java/util/IdentityHashMap$EntrySet
Event: 67.636 Loading class java/util/IdentityHashMap$EntrySet done
Event: 67.636 Loading class java/util/IdentityHashMap$EntrySpliterator
Event: 67.637 Loading class java/util/IdentityHashMap$IdentityHashMapSpliterator
Event: 67.638 Loading class java/util/IdentityHashMap$IdentityHashMapSpliterator done
Event: 67.638 Loading class java/util/IdentityHashMap$EntrySpliterator done
Event: 67.640 Loading class java/util/stream/SortedOps$RefSortingSink
Event: 67.640 Loading class java/util/stream/SortedOps$RefSortingSink done
Event: 67.689 Loading class java/util/IdentityHashMap$ValueIterator
Event: 67.689 Loading class java/util/IdentityHashMap$ValueIterator done

Classes unloaded (0 events):
No events

Classes redefined (0 events):
No events

Internal exceptions (20 events):
Event: 62.889 Thread 0x0000018426702950 Exception <a 'sun/nio/fs/WindowsException'{0x000000009c3cb038}> (0x000000009c3cb038) 
thrown [s\src\hotspot\share\prims\jni.cpp, line 516]
Event: 62.896 Thread 0x0000018426702950 Exception <a 'sun/nio/fs/WindowsException'{0x000000009c3ed560}> (0x000000009c3ed560) 
thrown [s\src\hotspot\share\prims\jni.cpp, line 516]
Event: 62.897 Thread 0x0000018426702950 Exception <a 'sun/nio/fs/WindowsException'{0x000000009c3ee488}> (0x000000009c3ee488) 
thrown [s\src\hotspot\share\prims\jni.cpp, line 516]
Event: 62.897 Thread 0x0000018426702950 Exception <a 'sun/nio/fs/WindowsException'{0x000000009c3ee678}> (0x000000009c3ee678) 
thrown [s\src\hotspot\share\prims\jni.cpp, line 516]
Event: 63.383 Thread 0x0000018426569f20 Exception <a 'sun/nio/fs/WindowsException'{0x000000009db74e40}> (0x000000009db74e40) 
thrown [s\src\hotspot\share\prims\jni.cpp, line 516]
Event: 63.384 Thread 0x0000018426569f20 Exception <a 'sun/nio/fs/WindowsException'{0x000000009db75100}> (0x000000009db75100) 
thrown [s\src\hotspot\share\prims\jni.cpp, line 516]
Event: 63.384 Thread 0x0000018426569f20 Exception <a 'sun/nio/fs/WindowsException'{0x000000009db75320}> (0x000000009db75320) 
thrown [s\src\hotspot\share\prims\jni.cpp, line 516]
Event: 63.654 Thread 0x0000018426702950 Implicit null exception at 0x000001846ef1029a to 0x000001846ef124d8
Event: 65.562 Thread 0x0000018426702950 Exception <a 'java/lang/NoSuchMethodError'{0x000000009a65b120}: 'java.lang.Object java.lang.invoke.DirectMethodHandle$Holder.invokeStaticInit(java.lang.Object, java.lang.Object, java.lang.Object, java.lang.Object, java.lang.Object, java.lang.Object, java.lang.Object, java.lang.Object, java.lang.Object, java.lang.Object, java.lang.Object, java.lang.Object, java.lang.Object, java.lang.Object, java.lang.Object, java.lang.Object, java.lang.Object, java.lang.Object, java.lang.Object, java.lang.Object, int, java
Event: 65.564 Thread 0x0000018426702950 Exception <a 'java/lang/IncompatibleClassChangeError'{0x000000009a674828}: Found class java.lang.Object, but interface was expected> (0x000000009a674828) 
thrown [s\src\hotspot\share\interpreter\linkResolver.cpp, line 826]
Event: 65.565 Thread 0x0000018426702950 Exception <a 'java/lang/IncompatibleClassChangeError'{0x000000009a680480}: Found class java.lang.Object, but interface was expected> (0x000000009a680480) 
thrown [s\src\hotspot\share\interpreter\linkResolver.cpp, line 826]
Event: 65.611 Thread 0x0000018426702950 Exception <a 'java/lang/IncompatibleClassChangeError'{0x000000009a4a3d68}: Found class java.lang.Object, but interface was expected> (0x000000009a4a3d68) 
thrown [s\src\hotspot\share\interpreter\linkResolver.cpp, line 826]
Event: 66.485 Thread 0x0000018426702950 Exception <a 'java/lang/IncompatibleClassChangeError'{0x00000000990d2ae0}: Found class java.lang.Object, but interface was expected> (0x00000000990d2ae0) 
thrown [s\src\hotspot\share\interpreter\linkResolver.cpp, line 826]
Event: 66.487 Thread 0x0000018426702950 Exception <a 'java/lang/NoSuchMethodError'{0x00000000990dd730}: 'void java.lang.invoke.DirectMethodHandle$Holder.invokeInterface(java.lang.Object, java.lang.Object, java.lang.Object, int)'> (0x00000000990dd730) 
thrown [s\src\hotspot\share\interpreter\linkResolver.cpp, line 759]
Event: 67.019 Thread 0x0000018426702950 Exception <a 'java/lang/NoSuchMethodError'{0x0000000097840400}: 'java.lang.Object java.lang.invoke.DirectMethodHandle$Holder.invokeStatic(java.lang.Object, java.lang.Object, int, java.lang.Object, java.lang.Object)'> (0x0000000097840400) 
thrown [s\src\hotspot\share\interpreter\linkResolver.cpp, line 759]
Event: 67.456 Thread 0x0000018426702950 Exception <a 'java/lang/IncompatibleClassChangeError'{0x0000000096630b38}: Found class java.lang.Object, but interface was expected> (0x0000000096630b38) 
thrown [s\src\hotspot\share\interpreter\linkResolver.cpp, line 826]
Event: 67.457 Thread 0x0000018426702950 Exception <a 'java/lang/IncompatibleClassChangeError'{0x0000000096635ae8}: Found class java.lang.Object, but interface was expected> (0x0000000096635ae8) 
thrown [s\src\hotspot\share\interpreter\linkResolver.cpp, line 826]
Event: 67.561 Thread 0x0000018426702950 Exception <a 'java/lang/NoSuchMethodError'{0x0000000095f441d0}: 'void java.lang.invoke.DirectMethodHandle$Holder.invokeSpecial(java.lang.Object, java.lang.Object, int, java.lang.Object)'> (0x0000000095f441d0) 
thrown [s\src\hotspot\share\interpreter\linkResolver.cpp, line 759]
Event: 67.678 Thread 0x00000184266ff1a0 Implicit null exception at 0x000001846f0362cb to 0x000001846f03542c
Event: 67.681 Thread 0x00000184266ff1a0 Exception <a 'sun/nio/fs/WindowsException'{0x0000000095752c08}> (0x0000000095752c08) 
thrown [s\src\hotspot\share\prims\jni.cpp, line 516]

VM Operations (20 events):
Event: 62.304 Executing VM operation: ICBufferFull
Event: 62.304 Executing VM operation: ICBufferFull done
Event: 64.304 Executing VM operation: Cleanup
Event: 64.305 Executing VM operation: Cleanup done
Event: 65.413 Executing VM operation: HandshakeAllThreads
Event: 65.413 Executing VM operation: HandshakeAllThreads done
Event: 65.413 Executing VM operation: Cleanup
Event: 65.413 Executing VM operation: Cleanup done
Event: 65.574 Executing VM operation: HandshakeAllThreads
Event: 65.574 Executing VM operation: HandshakeAllThreads done
Event: 66.575 Executing VM operation: Cleanup
Event: 66.575 Executing VM operation: Cleanup done
Event: 66.630 Executing VM operation: HandshakeAllThreads
Event: 66.630 Executing VM operation: HandshakeAllThreads done
Event: 66.633 Executing VM operation: HandshakeAllThreads
Event: 66.633 Executing VM operation: HandshakeAllThreads done
Event: 67.198 Executing VM operation: HandshakeAllThreads
Event: 67.198 Executing VM operation: HandshakeAllThreads done
Event: 68.199 Executing VM operation: Cleanup
Event: 68.204 Executing VM operation: Cleanup done

Memory protections (0 events):
No events

Nmethod flushes (20 events):
Event: 55.832 Thread 0x00000184061cdb00 flushing  nmethod 0x000001845fcbf590
Event: 55.832 Thread 0x00000184061cdb00 flushing  nmethod 0x000001845fcda690
Event: 55.832 Thread 0x00000184061cdb00 flushing  nmethod 0x000001845fcde290
Event: 55.833 Thread 0x00000184061cdb00 flushing  nmethod 0x000001845fd18510
Event: 55.833 Thread 0x00000184061cdb00 flushing  nmethod 0x000001845fd34590
Event: 55.833 Thread 0x00000184061cdb00 flushing  nmethod 0x000001845fd3ac10
Event: 55.833 Thread 0x00000184061cdb00 flushing  nmethod 0x000001845fd4d110
Event: 55.833 Thread 0x00000184061cdb00 flushing  nmethod 0x000001845fd4dd90
Event: 55.833 Thread 0x00000184061cdb00 flushing  nmethod 0x000001845fd6da90
Event: 55.833 Thread 0x00000184061cdb00 flushing  nmethod 0x000001845fd96490
Event: 55.833 Thread 0x00000184061cdb00 flushing  nmethod 0x000001845fd97410
Event: 55.834 Thread 0x00000184061cdb00 flushing  nmethod 0x000001845fdead10
Event: 55.834 Thread 0x00000184061cdb00 flushing  nmethod 0x000001845fdec010
Event: 55.834 Thread 0x00000184061cdb00 flushing  nmethod 0x000001845fdf4c90
Event: 55.835 Thread 0x00000184061cdb00 flushing  nmethod 0x000001845fec7890
Event: 55.835 Thread 0x00000184061cdb00 flushing  nmethod 0x000001845ff24610
Event: 61.417 Thread 0x00000184061cdb00 flushing  nmethod 0x000001846e653a90
Event: 61.439 Thread 0x00000184061cdb00 flushing  nmethod 0x000001846e7e1b90
Event: 61.491 Thread 0x00000184061cdb00 flushing  nmethod 0x000001846e9e5d90
Event: 61.567 Thread 0x00000184061cdb00 flushing  nmethod 0x000001846ee19b90

Events (20 events):
Event: 44.415 Thread 0x000001842656bd80 Thread added: 0x0000018428ebfc40
Event: 44.415 Thread 0x000001842656bd80 Thread added: 0x0000018428ec24c0
Event: 45.293 Thread 0x000001842637f8e0 Thread exited: 0x000001842637f8e0
Event: 55.252 Thread 0x00000184061c4670 Thread added: 0x0000018426382360
Event: 55.898 Thread 0x00000184266ff1a0 Thread added: 0x0000018428ec0b70
Event: 56.022 Thread 0x0000018426382360 Thread exited: 0x0000018426382360
Event: 56.097 Thread 0x00000184061c4670 Thread added: 0x0000018426382360
Event: 56.323 Thread 0x0000018426382360 Thread exited: 0x0000018426382360
Event: 57.232 Thread 0x00000184061bdce0 Thread added: 0x000001842637f8e0
Event: 58.132 Thread 0x000001842637f8e0 Thread exited: 0x000001842637f8e0
Event: 59.175 Thread 0x00000184266ff1a0 Thread added: 0x0000018428ec1080
Event: 59.850 Thread 0x00000184061c4670 Thread added: 0x0000018426382e00
Event: 60.800 Thread 0x00000184311ca2d0 Thread exited: 0x00000184311ca2d0
Event: 60.816 Thread 0x00000184311c9dc0 Thread exited: 0x00000184311c9dc0
Event: 60.816 Thread 0x00000184311c93a0 Thread exited: 0x00000184311c93a0
Event: 61.199 Thread 0x0000018426702950 Thread added: 0x0000018428ec1590
Event: 62.294 Thread 0x00000184311c8980 Thread added: 0x0000018428ec3e10
Event: 62.321 Thread 0x00000184311c8980 Thread added: 0x0000018428ec4d40
Event: 62.341 Thread 0x000001842656bd80 Thread added: 0x0000018428ec5250
Event: 62.870 Thread 0x0000018426382e00 Thread exited: 0x0000018426382e00


Dynamic libraries:
0x00007ff6e3ed0000 - 0x00007ff6e3ede000 	C:\Program Files\Microsoft\jdk-17.0.17.10-hotspot\bin\java.exe
0x00007ffa984c0000 - 0x00007ffa98728000 	C:\WINDOWS\SYSTEM32\ntdll.dll
0x00007ffa97f50000 - 0x00007ffa98019000 	C:\WINDOWS\System32\KERNEL32.DLL
0x00007ffa95530000 - 0x00007ffa95921000 	C:\WINDOWS\System32\KERNELBASE.dll
0x00007ffa95350000 - 0x00007ffa9549b000 	C:\WINDOWS\System32\ucrtbase.dll
0x00007ffa5ea90000 - 0x00007ffa5eaae000 	C:\Program Files\Microsoft\jdk-17.0.17.10-hotspot\bin\VCRUNTIME140.dll
0x00007ffa5eab0000 - 0x00007ffa5eac8000 	C:\Program Files\Microsoft\jdk-17.0.17.10-hotspot\bin\jli.dll
0x00007ffa96a60000 - 0x00007ffa96c26000 	C:\WINDOWS\System32\USER32.dll
0x00007ffa93fe0000 - 0x00007ffa94273000 	C:\WINDOWS\WinSxS\amd64_microsoft.windows.common-controls_6595b64144ccf1df_6.0.26100.7824_none_3e0870b2e3345462\COMCTL32.dll
0x00007ffa94fc0000 - 0x00007ffa94fe7000 	C:\WINDOWS\System32\win32u.dll
0x00007ffa97220000 - 0x00007ffa972c9000 	C:\WINDOWS\System32\msvcrt.dll
0x00007ffa98290000 - 0x00007ffa982bb000 	C:\WINDOWS\System32\GDI32.dll
0x00007ffa95220000 - 0x00007ffa9534b000 	C:\WINDOWS\System32\gdi32full.dll
0x00007ffa94f10000 - 0x00007ffa94fb3000 	C:\WINDOWS\System32\msvcp_win.dll
0x00007ffa967d0000 - 0x00007ffa96801000 	C:\WINDOWS\System32\IMM32.DLL
0x00007ffa6ddb0000 - 0x00007ffa6ddbc000 	C:\Program Files\Microsoft\jdk-17.0.17.10-hotspot\bin\vcruntime140_1.dll
0x00007ffa034f0000 - 0x00007ffa03579000 	C:\Program Files\Microsoft\jdk-17.0.17.10-hotspot\bin\msvcp140.dll
0x00007ffa02870000 - 0x00007ffa034ea000 	C:\Program Files\Microsoft\jdk-17.0.17.10-hotspot\bin\server\jvm.dll
0x00007ffa98150000 - 0x00007ffa98204000 	C:\WINDOWS\System32\ADVAPI32.dll
0x00007ffa96880000 - 0x00007ffa96926000 	C:\WINDOWS\System32\sechost.dll
0x00007ffa96cb0000 - 0x00007ffa96dc8000 	C:\WINDOWS\System32\RPCRT4.dll
0x00007ffa98210000 - 0x00007ffa98284000 	C:\WINDOWS\System32\WS2_32.dll
0x00007ffa94c00000 - 0x00007ffa94c5e000 	C:\WINDOWS\SYSTEM32\POWRPROF.dll
0x00007ffa8bac0000 - 0x00007ffa8baf5000 	C:\WINDOWS\SYSTEM32\WINMM.dll
0x00007ffa8d680000 - 0x00007ffa8d68b000 	C:\WINDOWS\SYSTEM32\VERSION.dll
0x00007ffa94be0000 - 0x00007ffa94bf4000 	C:\WINDOWS\SYSTEM32\UMPDC.dll
0x00007ffa93190000 - 0x00007ffa931ab000 	C:\WINDOWS\SYSTEM32\kernel.appcore.dll
0x00007ffa5ea80000 - 0x00007ffa5ea8a000 	C:\Program Files\Microsoft\jdk-17.0.17.10-hotspot\bin\jimage.dll
0x00007ffa94550000 - 0x00007ffa94792000 	C:\WINDOWS\SYSTEM32\DBGHELP.DLL
0x00007ffa97bb0000 - 0x00007ffa97f36000 	C:\WINDOWS\System32\combase.dll
0x00007ffa966f0000 - 0x00007ffa967c7000 	C:\WINDOWS\System32\OLEAUT32.dll
0x00007ffa94440000 - 0x00007ffa9447b000 	C:\WINDOWS\SYSTEM32\dbgcore.DLL
0x00007ffa94ff0000 - 0x00007ffa95095000 	C:\WINDOWS\System32\bcryptPrimitives.dll
0x00007ffa8d890000 - 0x00007ffa8d89f000 	C:\Program Files\Microsoft\jdk-17.0.17.10-hotspot\bin\instrument.dll
0x00007ffa5ea40000 - 0x00007ffa5ea66000 	C:\Program Files\Microsoft\jdk-17.0.17.10-hotspot\bin\java.dll
0x00007ffa02790000 - 0x00007ffa02866000 	C:\Program Files\Microsoft\jdk-17.0.17.10-hotspot\bin\jsvml.dll
0x00007ffa97450000 - 0x00007ffa97ba2000 	C:\WINDOWS\System32\SHELL32.dll
0x00007ffa94da0000 - 0x00007ffa94f0a000 	C:\WINDOWS\System32\wintypes.dll
0x00007ffa959f0000 - 0x00007ffa96253000 	C:\WINDOWS\System32\windows.storage.dll
0x00007ffa96930000 - 0x00007ffa96a26000 	C:\WINDOWS\System32\SHCORE.dll
0x00007ffa96810000 - 0x00007ffa96877000 	C:\WINDOWS\System32\shlwapi.dll
0x00007ffa94cc0000 - 0x00007ffa94ce9000 	C:\WINDOWS\SYSTEM32\profapi.dll
0x00007ffa5ea20000 - 0x00007ffa5ea38000 	C:\Program Files\Microsoft\jdk-17.0.17.10-hotspot\bin\zip.dll
0x00007ffa05430000 - 0x00007ffa0544b000 	C:\Program Files\Microsoft\jdk-17.0.17.10-hotspot\bin\net.dll
0x00007ffa8cc70000 - 0x00007ffa8cd97000 	C:\WINDOWS\SYSTEM32\WINHTTP.dll
0x00007ffa937d0000 - 0x00007ffa9383b000 	C:\WINDOWS\system32\mswsock.dll
0x00007ffa02770000 - 0x00007ffa02786000 	C:\Program Files\Microsoft\jdk-17.0.17.10-hotspot\bin\nio.dll
0x00007ffa0f590000 - 0x00007ffa0f5a0000 	C:\Program Files\Microsoft\jdk-17.0.17.10-hotspot\bin\verify.dll
0x00007ffa5fd40000 - 0x00007ffa5fd67000 	C:\Users\Aditya\.gradle\native\1def1411415f61bf3af743bc5b6707747c0891f09f0c88961ee8f79bc544acac\windows-amd64\native-platform.dll
0x00007ffa62f10000 - 0x00007ffa62f87000 	C:\Users\Aditya\.gradle\native\0.2.8\x86_64-windows-gnu\gradle-fileevents.dll
0x00007ffa0f280000 - 0x00007ffa0f28a000 	C:\Program Files\Microsoft\jdk-17.0.17.10-hotspot\bin\management.dll
0x00007ffa0efd0000 - 0x00007ffa0efdc000 	C:\Program Files\Microsoft\jdk-17.0.17.10-hotspot\bin\management_ext.dll
0x00007ffa96a30000 - 0x00007ffa96a38000 	C:\WINDOWS\System32\PSAPI.DLL
0x00007ffa92c20000 - 0x00007ffa92c54000 	C:\WINDOWS\SYSTEM32\IPHLPAPI.DLL
0x00007ffa97210000 - 0x00007ffa9721a000 	C:\WINDOWS\System32\NSI.dll
0x00007ffa8cb10000 - 0x00007ffa8cb2e000 	C:\WINDOWS\SYSTEM32\dhcpcsvc6.DLL
0x00007ffa8cae0000 - 0x00007ffa8cb03000 	C:\WINDOWS\SYSTEM32\dhcpcsvc.DLL
0x00007ffa92cb0000 - 0x00007ffa92ddc000 	C:\WINDOWS\SYSTEM32\DNSAPI.dll
0x00007ffa0a8e0000 - 0x00007ffa0a8e9000 	C:\Program Files\Microsoft\jdk-17.0.17.10-hotspot\bin\extnet.dll
0x00007ffa948c0000 - 0x00007ffa948db000 	C:\WINDOWS\SYSTEM32\CRYPTSP.dll
0x00007ffa934f0000 - 0x00007ffa93529000 	C:\WINDOWS\system32\rsaenh.dll
0x00007ffa93a00000 - 0x00007ffa93a2b000 	C:\WINDOWS\SYSTEM32\USERENV.dll
0x00007ffa94c90000 - 0x00007ffa94cba000 	C:\WINDOWS\SYSTEM32\bcrypt.dll
0x00007ffa93d50000 - 0x00007ffa93d5c000 	C:\WINDOWS\SYSTEM32\CRYPTBASE.dll
0x00007ffa7b350000 - 0x00007ffa7b35e000 	C:\Program Files\Microsoft\jdk-17.0.17.10-hotspot\bin\sunmscapi.dll
0x00007ffa950a0000 - 0x00007ffa95217000 	C:\WINDOWS\System32\CRYPT32.dll
0x00007ffa93e60000 - 0x00007ffa93e90000 	C:\WINDOWS\SYSTEM32\ncrypt.dll
0x00007ffa93e10000 - 0x00007ffa93e4f000 	C:\WINDOWS\SYSTEM32\NTASN1.dll
0x00007ffa8e250000 - 0x00007ffa8e258000 	C:\WINDOWS\system32\wshunix.dll
0x00007ffa8f840000 - 0x00007ffa8f847000 	C:\Program Files\Microsoft\jdk-17.0.17.10-hotspot\bin\rmi.dll

dbghelp: loaded successfully - version: 4.0.5 - missing functions: none
symbol engine: initialized successfully - sym options: 0x614 - pdb path: .;C:\Program Files\Microsoft\jdk-17.0.17.10-hotspot\bin;C:\WINDOWS\SYSTEM32;C:\WINDOWS\WinSxS\amd64_microsoft.windows.common-controls_6595b64144ccf1df_6.0.26100.7824_none_3e0870b2e3345462;C:\Program Files\Microsoft\jdk-17.0.17.10-hotspot\bin\server;C:\Users\Aditya\.gradle\native\1def1411415f61bf3af743bc5b6707747c0891f09f0c88961ee8f79bc544acac\windows-amd64;C:\Users\Aditya\.gradle\native\0.2.8\x86_64-windows-gnu

VM Arguments:
jvm_args: --add-opens=java.base/java.lang=ALL-UNNAMED --add-opens=java.base/java.lang.invoke=ALL-UNNAMED --add-opens=java.base/java.util=ALL-UNNAMED --add-opens=java.prefs/java.util.prefs=ALL-UNNAMED --add-exports=jdk.compiler/com.sun.tools.javac.api=ALL-UNNAMED --add-exports=jdk.compiler/com.sun.tools.javac.util=ALL-UNNAMED --add-opens=java.base/java.util=ALL-UNNAMED --add-opens=java.prefs/java.util.prefs=ALL-UNNAMED --add-opens=java.base/java.nio.charset=ALL-UNNAMED --add-opens=java.base/java.net=ALL-UNNAMED --add-opens=java.base/java.util.concurrent=ALL-UNNAMED --add-opens=java.base/java.util.concurrent.atomic=ALL-UNNAMED --add-opens=java.xml/javax.xml.namespace=ALL-UNNAMED -XX:MaxMetaspaceSize=512m -XX:+HeapDumpOnOutOfMemoryError -XX:ReservedCodeCacheSize=512m -Xmx2048m -Dfile.encoding=windows-1252 -Duser.country=IN -Duser.language=en -Duser.variant -javaagent:C:\Users\Aditya\.gradle\wrapper\dists\gradle-9.0.0-bin\d6wjpkvcgsg3oed0qlfss3wgl\gradle-9.0.0\lib\agents\gradle-instrumentation-agent-9.0.0.jar 
java_command: org.gradle.launcher.daemon.bootstrap.GradleDaemon 9.0.0
java_class_path (initial): C:\Users\Aditya\.gradle\wrapper\dists\gradle-9.0.0-bin\d6wjpkvcgsg3oed0qlfss3wgl\gradle-9.0.0\lib\gradle-daemon-main-9.0.0.jar
Launcher Type: SUN_STANDARD

[Global flags]
     intx CICompilerCount                          = 4                                         {product} {ergonomic}
   size_t CompressedClassSpaceSize                 = 436207616                                 {product} {ergonomic}
     uint ConcGCThreads                            = 3                                         {product} {ergonomic}
     uint G1ConcRefinementThreads                  = 10                                        {product} {ergonomic}
   size_t G1HeapRegionSize                         = 1048576                                   {product} {ergonomic}
    uintx GCDrainStackTargetSize                   = 64                                        {product} {ergonomic}
     bool HeapDumpOnOutOfMemoryError               = true                                   {manageable} {command line}
   size_t InitialHeapSize                          = 98566144                                  {product} {ergonomic}
   size_t MarkStackSize                            = 4194304                                   {product} {ergonomic}
   size_t MaxHeapSize                              = 2147483648                                {product} {command line}
   size_t MaxMetaspaceSize                         = 536870912                                 {product} {command line}
   size_t MaxNewSize                               = 1287651328                                {product} {ergonomic}
   size_t MinHeapDeltaBytes                        = 1048576                                   {product} {ergonomic}
   size_t MinHeapSize                              = 8388608                                   {product} {ergonomic}
    uintx NonNMethodCodeHeapSize                   = 5839372                                {pd product} {ergonomic}
    uintx NonProfiledCodeHeapSize                  = 265515770                              {pd product} {ergonomic}
    uintx ProfiledCodeHeapSize                     = 265515770                              {pd product} {ergonomic}
    uintx ReservedCodeCacheSize                    = 536870912                              {pd product} {command line}
     bool SegmentedCodeCache                       = true                                      {product} {ergonomic}
   size_t SoftMaxHeapSize                          = 2147483648                             {manageable} {ergonomic}
   double SweeperThreshold                         = 0.234375                                  {product} {ergonomic}
     bool UseCompressedClassPointers               = true                           {product lp64_product} {ergonomic}
     bool UseCompressedOops                        = true                           {product lp64_product} {ergonomic}
     bool UseG1GC                                  = true                                      {product} {ergonomic}
     bool UseLargePagesIndividualAllocation        = false                                  {pd product} {ergonomic}

Logging:
Log output configuration:
 #0: stdout all=warning uptime,level,tags
 #1: stderr all=off uptime,level,tags

Environment Variables:
JAVA_HOME=C:\Program Files\Microsoft\jdk-17.0.17.10-hotspot\
PATH=C:\Users\Aditya\Downloads\videocall\VideoCallApp\node_modules\.bin;C:\Users\Aditya\Downloads\videocall\VideoCallApp\node_modules\.bin;C:\Users\Aditya\Downloads\videocall\node_modules\.bin;C:\Users\Aditya\Downloads\node_modules\.bin;C:\Users\Aditya\node_modules\.bin;C:\Users\node_modules\.bin;C:\node_modules\.bin;C:\Users\Aditya\AppData\Local\nvm\v22.11.0\node_modules\npm\node_modules\@npmcli\run-script\lib\node-gyp-bin;c:\Users\Aditya\AppData\Roaming\Code\User\globalStorage\github.copilot-chat\debugCommand;c:\Users\Aditya\AppData\Roaming\Code\User\globalStorage\github.copilot-chat\copilotCli;C:\Program Files\Microsoft\jdk-17.0.17.10-hotspot\bin;C:\Program Files\Common Files\Oracle\Java\javapath;C:\Program Files (x86)\Common Files\Oracle\Java\javapath;C:\Program Files (x86)\Common Files\Intel\Shared Libraries\redist\intel64\compiler;C:\Windows\system32;C:\Windows;C:\Windows\System32\Wbem;C:\Windows\System32\WindowsPowerShell\v1.0\;C:\Windows\System32\OpenSSH\;C:\Program Files (x86)\NVIDIA Corporation\PhysX\Common;C:\Program Files\dotnet\;C:\WINDOWS\system32;C:\WINDOWS;C:\WINDOWS\System32\Wbem;C:\WINDOWS\System32\WindowsPowerShell\v1.0\;C:\WINDOWS\System32\OpenSSH\;C:\MinGW\bin;C:\Program Files\Git\cmd;C:\Program Files\MongoDB\Server\8.0\bin;C:\Users\Aditya\Downloads\mongosh-2.3.6-win32-x64\mongosh-2.3.6-win32-x64\bin;C:\Program Files\Java\jdk-24\bin;C:\Program Files\NVIDIA Corporation\NVIDIA App\NvDLISR;C:\Program Files\NVIDIA Corporation\Nsight Compute 2023.2.2\;C:\Program Files\NVIDIA GPU Computing Toolkit\CUDA\v12.2\bin;C:\Program Files\NVIDIA GPU Computing Toolkit\CUDA\v12.2\libnvvp;C:\Users\Aditya\AppData\Local\nvm;C:\nvm4w\nodejs;C:\Program Files\Docker\Docker\resources\bin;C:\ProgramData\chocolatey\bin;C:\Program Files\nodejs\;C:\Users\Aditya\AppData\Local\Android\Sdk\platform-tools;C:\Users\Aditya\AppData\Local\Android\Sdk\platform-tools;C:\Users\Aditya\AppData\Local\Android\Sdk\emulator;C:\Users\Aditya\AppData\Local\Android\Sdk\tools;C:\Users\Aditya\AppData\Local\Android\Sdk\tools\bin;C:\Users\Aditya\AppData\Local\Muse Hub\lib;C:\Users\Aditya\AppData\Local\Programs\Python\Launcher\;C:\Program Files\MySQL\MySQL Shell 8.0\bin\;C:\Users\Aditya\AppData\Local\Microsoft\WindowsApps;C:\Program Files\JetBrains\IntelliJ IDEA Community Edition 2022.3.3\bin;;C:\Users\Aditya\AppData\Local\Programs\Microsoft VS Code\bin;C:\Program Files\JetBrains\IntelliJ IDEA 2025.1.4\bin;;C:\Users\Aditya\AppData\Local\nvm;C:\nvm4w\nodejs;C:\Users\Aditya\AppData\Local\GitHubDesktop\bin;C:\Users\Aditya\AppData\Roaming\npm;C:\Users\Aditya\AppData\Local\Programs\Windsurf\bin;C:\Users\Aditya\AppData\Local\Muse Hub\lib
USERNAME=Aditya
LANG=en_US.UTF-8
OS=Windows_NT
PROCESSOR_IDENTIFIER=AMD64 Family 25 Model 80 Stepping 0, AuthenticAMD
TMP=C:\Users\Aditya\AppData\Local\Temp
TEMP=C:\Users\Aditya\AppData\Local\Temp



Periodic native trim disabled


---------------  S Y S T E M  ---------------

OS:
 Windows 11 , 64 bit Build 26100 (10.0.26100.7705)
OS uptime: 0 days 22:07 hours
Hyper-V role detected

CPU: total 12 (initial active 12) (12 cores per cpu, 2 threads per core) family 25 model 80 stepping 0 microcode 0xa50000c, cx8, cmov, fxsr, ht, mmx, 3dnowpref, sse, sse2, sse3, ssse3, sse4a, sse4.1, sse4.2, popcnt, lzcnt, tsc, tscinvbit, avx, avx2, aes, erms, clmul, bmi1, bmi2, adx, sha, fma, vzeroupper, clflush, clflushopt, hv
Processor Information for the first 12 processors :
  Max Mhz: 3301, Current Mhz: 3301, Mhz Limit: 3301

Memory: 4k page, system-wide physical 5996M (403M free)
TotalPageFile size 24428M (AvailPageFile size 4M)
current process WorkingSet (physical memory assigned to process): 439M, peak: 458M
current process commit charge ("private bytes"): 938M, peak: 945M

vm_info: OpenJDK 64-Bit Server VM (17.0.17+10-LTS) for windows-amd64 JRE (17.0.17+10-LTS), built on Oct 13 2025 22:19:56 by "MicrosoftCorporation" with unknown MS VC++:1944

END.
