#
# There is insufficient memory for the Java Runtime Environment to continue.
# Native memory allocation (mmap) failed to map 568328192 bytes. Error detail: G1 virtual space
# Possible reasons:
#   The system is out of physical RAM or swap space
#   This process is running with CompressedOops enabled, and the Java Heap may be blocking the growth of the native heap
# Possible solutions:
#   Reduce memory load on the system
#   Increase physical memory or swap space
#   Check if swap backing store is full
#   Decrease Java heap size (-Xmx/-Xms)
#   Decrease number of Java threads
#   Decrease Java thread stack sizes (-Xss)
#   Set larger code cache with -XX:ReservedCodeCacheSize=
#   JVM is running with Zero Based Compressed Oops mode in which the Java heap is
#     placed in the first 32GB address space. The Java Heap base address is the
#     maximum limit for the native heap growth. Please use -XX:HeapBaseMinAddress
#     to set the Java Heap base and to place the Java Heap above 32GB virtual address.
# This output file may be truncated or incomplete.
#
#  Out of Memory Error (os_windows.cpp:3690), pid=36924, tid=11236
#
# JRE version: OpenJDK Runtime Environment Microsoft-12574423 (17.0.17+10) (build 17.0.17+10-LTS)
# Java VM: OpenJDK 64-Bit Server VM Microsoft-12574423 (17.0.17+10-LTS, mixed mode, sharing, tiered, compressed oops, compressed class ptrs, g1 gc, windows-amd64)
# No core dump will be written. Minidumps are not enabled by default on client versions of Windows
#

---------------  S U M M A R Y ------------

Command Line: --add-opens=java.base/java.lang=ALL-UNNAMED --add-opens=java.base/java.lang.invoke=ALL-UNNAMED --add-opens=java.base/java.util=ALL-UNNAMED --add-opens=java.prefs/java.util.prefs=ALL-UNNAMED --add-exports=jdk.compiler/com.sun.tools.javac.api=ALL-UNNAMED --add-exports=jdk.compiler/com.sun.tools.javac.util=ALL-UNNAMED --add-opens=java.base/java.util=ALL-UNNAMED --add-opens=java.prefs/java.util.prefs=ALL-UNNAMED --add-opens=java.base/java.nio.charset=ALL-UNNAMED --add-opens=java.base/java.net=ALL-UNNAMED --add-opens=java.base/java.util.concurrent=ALL-UNNAMED --add-opens=java.base/java.util.concurrent.atomic=ALL-UNNAMED --add-opens=java.xml/javax.xml.namespace=ALL-UNNAMED -XX:MaxMetaspaceSize=1024m -XX:+HeapDumpOnOutOfMemoryError -Xmx4096m -Dfile.encoding=windows-1252 -Duser.country=IN -Duser.language=en -Duser.variant -javaagent:C:\Users\Aditya\.gradle\wrapper\dists\gradle-9.0.0-bin\d6wjpkvcgsg3oed0qlfss3wgl\gradle-9.0.0\lib\agents\gradle-instrumentation-agent-9.0.0.jar org.gradle.launcher.daemon.bootstrap.GradleDaemon 9.0.0

Host: AMD Ryzen 5 5600H with Radeon Graphics         , 12 cores, 5G,  Windows 11 , 64 bit Build 26100 (10.0.26100.7705)
Time: Mon Mar  2 16:21:28 2026 India Standard Time elapsed time: 343.273766 seconds (0d 0h 5m 43s)

---------------  T H R E A D  ---------------

Current thread (0x000001972cbe49f0):  VMThread "VM Thread" [stack: 0x000000396a100000,0x000000396a200000] [id=11236]

Stack: [0x000000396a100000,0x000000396a200000]
Native frames: (J=compiled Java code, j=interpreted, Vv=VM code, C=native code)
V  [jvm.dll+0x68c459]  (no source info available)
V  [jvm.dll+0x845e09]  (no source info available)
V  [jvm.dll+0x847b78]  (no source info available)
V  [jvm.dll+0x848203]  (no source info available)
V  [jvm.dll+0x24cf6f]  (no source info available)
V  [jvm.dll+0x68b859]  (no source info available)
V  [jvm.dll+0x67fe1a]  (no source info available)
V  [jvm.dll+0x3100f0]  (no source info available)
V  [jvm.dll+0x30ff92]  (no source info available)
V  [jvm.dll+0x3174e9]  (no source info available)
V  [jvm.dll+0x3697c9]  (no source info available)
V  [jvm.dll+0x3699fd]  (no source info available)
V  [jvm.dll+0x2e68fa]  (no source info available)
V  [jvm.dll+0x2e4cf1]  (no source info available)
V  [jvm.dll+0x2e448c]  (no source info available)
V  [jvm.dll+0x328e1b]  (no source info available)
V  [jvm.dll+0x84ca8d]  (no source info available)
V  [jvm.dll+0x84d7a3]  (no source info available)
V  [jvm.dll+0x84dcd4]  (no source info available)
V  [jvm.dll+0x84e0b8]  (no source info available)
V  [jvm.dll+0x84e1ae]  (no source info available)
V  [jvm.dll+0x7f5a5c]  (no source info available)
V  [jvm.dll+0x68d9f7]  (no source info available)
C  [ucrtbase.dll+0x37b0]  (no source info available)
C  [KERNEL32.DLL+0x2e8d7]  (no source info available)
C  [ntdll.dll+0x8c40c]  (no source info available)

VM_Operation (0x00000039749f9b50): G1CollectForAllocation, mode: safepoint, requested by thread 0x00000197734a1380


---------------  P R O C E S S  ---------------

Threads class SMR info:
_java_thread_list=0x0000019772933500, length=239, elements={
0x00000197097f4270, 0x000001972cbe9190, 0x000001972cbe9c60, 0x000001972cc09330,
0x000001972cc09c00, 0x000001972cc0a4d0, 0x000001972cc0ada0, 0x000001972cc0b9a0,
0x000001972cc0ca50, 0x000001972cc12390, 0x0000019766088f20, 0x0000019766173de0,
0x00000197681c6010, 0x0000019767bb0e70, 0x00000197680944b0, 0x0000019767255a90,
0x0000019767253720, 0x0000019767253c30, 0x0000019768b229b0, 0x0000019768b21570,
0x0000019768b21a80, 0x0000019768b24300, 0x00000197660eb300, 0x00000197660e94a0,
0x00000197660eb810, 0x00000197660e8060, 0x00000197660ee5a0, 0x00000197660ec230,
0x00000197660eefc0, 0x00000197660ec740, 0x00000197660ef4d0, 0x00000197660ed160,
0x000001976a375950, 0x0000019769eeba80, 0x0000019769ee9c20, 0x0000019769eeb060,
0x0000019769eed8e0, 0x000001976ca58c40, 0x000001976ca59660, 0x000001976ca563c0,
0x000001977360ea40, 0x00000197734a22b0, 0x00000197722165e0, 0x000001976a370850,
0x00000197727ba870, 0x00000197727bad80, 0x00000197727bb290, 0x000001976a36f410,
0x000001976a36dfd0, 0x000001976ba2adf0, 0x000001976ba28060, 0x000001976ba28f90,
0x0000019772217f30, 0x0000019772218e60, 0x0000019772218440, 0x0000019772218950,
0x000001976ba2b810, 0x000001976ba2a3d0, 0x000001976ba294a0, 0x000001976ba2a8e0,
0x000001976a36f920, 0x000001976a36e4e0, 0x000001976a371780, 0x000001976a36ef00,
0x000001976a36fe30, 0x000001976a370340, 0x000001976a371270, 0x000001976a371c90,
0x000001976a3721a0, 0x000001976a36e9f0, 0x000001976ba28570, 0x000001976d5e1040,
0x000001976a3735e0, 0x000001976a374f30, 0x000001976a3726b0, 0x000001976a372bc0,
0x000001976a375440, 0x000001976a374a20, 0x000001976a373af0, 0x000001976a3730d0,
0x000001976a374000, 0x000001976a374510, 0x0000019768b24d20, 0x000001976ba2b300,
0x000001976d5e1a60, 0x000001976d5e0110, 0x000001976d5e1550, 0x000001976d5e0620,
0x000001976d5e0b30, 0x000001976ba3f5f0, 0x000001976ba3fb00, 0x000001976ba40520,
0x000001976ba40f40, 0x000001976c83e310, 0x000001976c83ed30, 0x000001976b619870,
0x000001976b618e50, 0x000001976b619360, 0x000001976b617f20, 0x000001976b618940,
0x000001976b618430, 0x000001976d351a30, 0x000001976d352e70, 0x000001976d3542b0,
0x000001976d353380, 0x000001976d351010, 0x000001976d351520, 0x000001976d353890,
0x000001976d352960, 0x000001976d351f40, 0x000001976d352450, 0x000001976d353da0,
0x000001976d350b00, 0x000001976b714ac0, 0x000001976b714fd0, 0x000001976b717850,
0x000001976ba29ec0, 0x000001976ba28a80, 0x000001976d746340, 0x000001976d7449f0,
0x000001976d746850, 0x000001976d745410, 0x000001976d746d60, 0x000001976d7444e0,
0x000001976d745e30, 0x000001976d747270, 0x000001976d747780, 0x000001976d745920,
0x000001976d744f00, 0x000001976c83f750, 0x000001976c83d3e0, 0x000001976c83f240,
0x000001976c83fc60, 0x000001976c83c9c0, 0x000001976c83ced0, 0x000001976c83d8f0,
0x000001976c83de00, 0x000001977360e530, 0x000001977360f460, 0x0000019772219370,
0x0000019772219880, 0x00000197722160d0, 0x0000019772216af0, 0x0000019772217000,
0x0000019772217510, 0x0000019772217a20, 0x00000197730c3f00, 0x00000197730c39f0,
0x00000197730c5340, 0x00000197730c2fd0, 0x00000197730c4410, 0x000001976d743fd0,
0x00000197722756f0, 0x0000019772274cd0, 0x0000019772275c00, 0x00000197722742b0,
0x00000197722747c0, 0x000001977232e7b0, 0x000001977232ecc0, 0x000001977232f1d0,
0x000001977232f6e0, 0x000001977232fbf0, 0x00000197734a27c0, 0x00000197734a31e0,
0x00000197734a36f0, 0x00000197734a1380, 0x00000197734a1890, 0x00000197734a3c00,
0x00000197734a4b30, 0x00000197734a1da0, 0x00000197734a4110, 0x00000197734a2cd0,
0x00000197734a4620, 0x0000019768b25230, 0x000001977232e2a0, 0x00000197722751e0,
0x00000197723ddd70, 0x00000197723deca0, 0x00000197723de280, 0x00000197723de790,
0x00000197723e05f0, 0x00000197723e0b00, 0x00000197723dfbd0, 0x00000197723df1b0,
0x00000197723e1010, 0x00000197723e1520, 0x00000197723df6c0, 0x000001976b0b87b0,
0x000001976b0bab20, 0x000001976b0ba100, 0x000001976b0b82a0, 0x000001976b0bb030,
0x000001976b0bb540, 0x000001976b0b8cc0, 0x000001976b0b91d0, 0x000001976b0b7d90,
0x00000197723e00e0, 0x000001976ba40010, 0x000001976ba3e6c0, 0x0000019774ba52a0,
0x0000019774ba57b0, 0x0000019774ba7b20, 0x000001976b0ba610, 0x000001977505f500,
0x000001976ba3d790, 0x000001976ce01940, 0x0000019773922340, 0x000001977360ef50,
0x00000197736e9d70, 0x000001976ba40a30, 0x000001976ba3e1b0, 0x00000197727bb7a0,
0x00000197727bbcb0, 0x0000019773541eb0, 0x00000197735423c0, 0x00000197735428d0,
0x000001976b60dcf0, 0x0000019774ba7100, 0x0000019774ba66e0, 0x000001976ba3ebd0,
0x000001976ba3f0e0, 0x00000197721ac300, 0x00000197721a9f90, 0x00000197721ab8e0,
0x00000197721a9060, 0x00000197721aa4a0, 0x00000197721abdf0, 0x00000197721ac810,
0x0000019774ba8a50, 0x0000019774ba8030, 0x0000019774ba8540, 0x0000019774ba5cc0,
0x00000197736e9350, 0x0000019774ba7610, 0x000001977505eff0, 0x0000019775061360,
0x0000019773923270, 0x000001977505e5d0, 0x0000019773543800
}

Java Threads: ( => current thread )
  0x00000197097f4270 JavaThread "main" [_thread_blocked, id=21612, stack(0x0000003969b00000,0x0000003969c00000)]
  0x000001972cbe9190 JavaThread "Reference Handler" daemon [_thread_blocked, id=1400, stack(0x000000396a200000,0x000000396a300000)]
  0x000001972cbe9c60 JavaThread "Finalizer" daemon [_thread_blocked, id=50872, stack(0x000000396a300000,0x000000396a400000)]
  0x000001972cc09330 JavaThread "Signal Dispatcher" daemon [_thread_blocked, id=50612, stack(0x000000396a400000,0x000000396a500000)]
  0x000001972cc09c00 JavaThread "Attach Listener" daemon [_thread_blocked, id=12264, stack(0x000000396a500000,0x000000396a600000)]
  0x000001972cc0a4d0 JavaThread "Service Thread" daemon [_thread_blocked, id=49216, stack(0x000000396a600000,0x000000396a700000)]
  0x000001972cc0ada0 JavaThread "Monitor Deflation Thread" daemon [_thread_blocked, id=75948, stack(0x000000396a700000,0x000000396a800000)]
  0x000001972cc0b9a0 JavaThread "C2 CompilerThread0" daemon [_thread_blocked, id=36188, stack(0x000000396a800000,0x000000396a900000)]
  0x000001972cc0ca50 JavaThread "C1 CompilerThread0" daemon [_thread_blocked, id=5548, stack(0x000000396a900000,0x000000396aa00000)]
  0x000001972cc12390 JavaThread "Sweeper thread" daemon [_thread_blocked, id=63888, stack(0x000000396aa00000,0x000000396ab00000)]
  0x0000019766088f20 JavaThread "Common-Cleaner" daemon [_thread_blocked, id=19940, stack(0x000000396ab00000,0x000000396ac00000)]
  0x0000019766173de0 JavaThread "Notification Thread" daemon [_thread_blocked, id=44912, stack(0x000000396ac00000,0x000000396ad00000)]
  0x00000197681c6010 JavaThread "Daemon health stats" [_thread_blocked, id=76288, stack(0x000000396ae00000,0x000000396af00000)]
  0x0000019767bb0e70 JavaThread "Incoming local TCP Connector on port 57984" [_thread_in_native, id=39828, stack(0x000000396af00000,0x000000396b000000)]
  0x00000197680944b0 JavaThread "Daemon periodic checks" [_thread_blocked, id=1736, stack(0x000000396b400000,0x000000396b500000)]
  0x0000019767255a90 JavaThread "Cache worker for journal cache (C:\Users\Aditya\.gradle\caches\journal-1)" [_thread_blocked, id=75060, stack(0x000000396c100000,0x000000396c200000)]
  0x0000019767253720 JavaThread "File lock request listener" [_thread_in_native, id=73860, stack(0x000000396c200000,0x000000396c300000)]
  0x0000019767253c30 JavaThread "Cache worker for file hash cache (C:\Users\Aditya\.gradle\caches\9.0.0\fileHashes)" [_thread_blocked, id=63032, stack(0x000000396c300000,0x000000396c400000)]
  0x0000019768b229b0 JavaThread "File watcher server" daemon [_thread_blocked, id=17548, stack(0x000000396c800000,0x000000396c900000)]
  0x0000019768b21570 JavaThread "File watcher consumer" daemon [_thread_blocked, id=23780, stack(0x000000396c900000,0x000000396ca00000)]
  0x0000019768b21a80 JavaThread "Cache worker for file content cache (C:\Users\Aditya\.gradle\caches\9.0.0\fileContent)" [_thread_blocked, id=47996, stack(0x000000396cb00000,0x000000396cc00000)]
  0x0000019768b24300 JavaThread "jar transforms" [_thread_blocked, id=36224, stack(0x000000396cf00000,0x000000396d000000)]
  0x00000197660eb300 JavaThread "Memory manager" [_thread_blocked, id=44240, stack(0x000000396fa00000,0x000000396fb00000)]
  0x00000197660e94a0 JavaThread "ForkJoinPool.commonPool-worker-1" daemon [_thread_blocked, id=19952, stack(0x000000396fc00000,0x000000396fd00000)]
  0x00000197660eb810 JavaThread "ForkJoinPool.commonPool-worker-2" daemon [_thread_blocked, id=49192, stack(0x000000396fd00000,0x000000396fe00000)]
  0x00000197660e8060 JavaThread "ForkJoinPool.commonPool-worker-3" daemon [_thread_blocked, id=16136, stack(0x000000396fe00000,0x000000396ff00000)]
  0x00000197660ee5a0 JavaThread "ForkJoinPool.commonPool-worker-5" daemon [_thread_blocked, id=57252, stack(0x0000003970000000,0x0000003970100000)]
  0x00000197660ec230 JavaThread "ForkJoinPool.commonPool-worker-6" daemon [_thread_blocked, id=56168, stack(0x0000003970100000,0x0000003970200000)]
  0x00000197660eefc0 JavaThread "ForkJoinPool.commonPool-worker-7" daemon [_thread_blocked, id=36612, stack(0x0000003970200000,0x0000003970300000)]
  0x00000197660ec740 JavaThread "ForkJoinPool.commonPool-worker-8" daemon [_thread_blocked, id=53088, stack(0x0000003970300000,0x0000003970400000)]
  0x00000197660ef4d0 JavaThread "ForkJoinPool.commonPool-worker-10" daemon [_thread_blocked, id=65296, stack(0x0000003970500000,0x0000003970600000)]
  0x00000197660ed160 JavaThread "ForkJoinPool.commonPool-worker-11" daemon [_thread_blocked, id=13564, stack(0x0000003970600000,0x0000003970700000)]
  0x000001976a375950 JavaThread "jar transforms Thread 2" [_thread_blocked, id=69808, stack(0x0000003976000000,0x0000003976100000)]
  0x0000019769eeba80 JavaThread "jar transforms Thread 3" [_thread_blocked, id=35152, stack(0x0000003976100000,0x0000003976200000)]
  0x0000019769ee9c20 JavaThread "jar transforms Thread 4" [_thread_blocked, id=11908, stack(0x0000003976d00000,0x0000003976e00000)]
  0x0000019769eeb060 JavaThread "jar transforms Thread 5" [_thread_blocked, id=47988, stack(0x0000003976c00000,0x0000003976d00000)]
  0x0000019769eed8e0 JavaThread "jar transforms Thread 6" [_thread_blocked, id=11684, stack(0x0000003976e00000,0x0000003976f00000)]
  0x000001976ca58c40 JavaThread "jar transforms Thread 7" [_thread_blocked, id=18016, stack(0x0000003977100000,0x0000003977200000)]
  0x000001976ca59660 JavaThread "jar transforms Thread 8" [_thread_blocked, id=76216, stack(0x0000003977200000,0x0000003977300000)]
  0x000001976ca563c0 JavaThread "pool-3-thread-1" [_thread_blocked, id=7792, stack(0x0000003977300000,0x0000003977400000)]
  0x000001977360ea40 JavaThread "ForkJoinPool.commonPool-worker-12" daemon [_thread_blocked, id=15200, stack(0x000000396ef00000,0x000000396f000000)]
  0x00000197734a22b0 JavaThread "pool-6-thread-1" [_thread_blocked, id=44104, stack(0x0000003977400000,0x0000003977500000)]
  0x00000197722165e0 JavaThread "pool-9-thread-1" [_thread_blocked, id=16668, stack(0x0000003976b00000,0x0000003976c00000)]
  0x000001976a370850 JavaThread "Daemon Thread 2" [_thread_blocked, id=60508, stack(0x0000003969800000,0x0000003969900000)]
  0x00000197727ba870 JavaThread "Handler for socket connection from /127.0.0.1:57984 to /127.0.0.1:57492" [_thread_in_native, id=74196, stack(0x0000003969900000,0x0000003969a00000)]
  0x00000197727bad80 JavaThread "Cancel handler" [_thread_blocked, id=80084, stack(0x0000003969a00000,0x0000003969b00000)]
  0x00000197727bb290 JavaThread "Daemon worker Thread 2" [_thread_blocked, id=46272, stack(0x000000396b600000,0x000000396b700000)]
  0x000001976a36f410 JavaThread "Asynchronous log dispatcher for DefaultDaemonConnection: socket connection from /127.0.0.1:57984 to /127.0.0.1:57492" [_thread_blocked, id=14668, stack(0x000000396b700000,0x000000396b800000)]
  0x000001976a36dfd0 JavaThread "Stdin handler" [_thread_blocked, id=32616, stack(0x000000396b800000,0x000000396b900000)]
  0x000001976ba2adf0 JavaThread "Daemon client event forwarder" [_thread_blocked, id=50700, stack(0x000000396b900000,0x000000396ba00000)]
  0x000001976ba28060 JavaThread "Cache worker for file hash cache (C:\Users\Aditya\Downloads\videocall\VideoCallApp\android\.gradle\9.0.0\fileHashes)" [_thread_blocked, id=41380, stack(0x000000396ba00000,0x000000396bb00000)]
  0x000001976ba28f90 JavaThread "Cache worker for Build Output Cleanup Cache (C:\Users\Aditya\Downloads\videocall\VideoCallApp\android\.gradle\buildOutputCleanup)" [_thread_blocked, id=34528, stack(0x000000396bb00000,0x000000396bc00000)]
  0x0000019772217f30 JavaThread "Cache worker for checksums cache (C:\Users\Aditya\Downloads\videocall\VideoCallApp\android\.gradle\9.0.0\checksums)" [_thread_blocked, id=43940, stack(0x000000396c600000,0x000000396c700000)]
  0x0000019772218e60 JavaThread "Cache worker for cache directory md-supplier (C:\Users\Aditya\.gradle\caches\9.0.0\md-supplier)" [_thread_blocked, id=58260, stack(0x000000396c700000,0x000000396c800000)]
  0x0000019772218440 JavaThread "Cache worker for cache directory md-rule (C:\Users\Aditya\.gradle\caches\9.0.0\md-rule)" [_thread_blocked, id=82116, stack(0x000000396ca00000,0x000000396cb00000)]
  0x0000019772218950 JavaThread "Cache worker for Build Output Cleanup Cache (C:\Users\Aditya\Downloads\videocall\VideoCallApp\node_modules\@react-native\gradle-plugin\.gradle\buildOutputCleanup)" [_thread_blocked, id=69868, stack(0x000000396cd00000,0x000000396ce00000)]
  0x000001976ba2b810 JavaThread "Unconstrained build operations" [_thread_blocked, id=4108, stack(0x000000396ce00000,0x000000396cf00000)]
  0x000001976ba2a3d0 JavaThread "Unconstrained build operations Thread 2" [_thread_blocked, id=29292, stack(0x000000396d000000,0x000000396d100000)]
  0x000001976ba294a0 JavaThread "Unconstrained build operations Thread 3" [_thread_blocked, id=70344, stack(0x000000396d100000,0x000000396d200000)]
  0x000001976ba2a8e0 JavaThread "Unconstrained build operations Thread 4" [_thread_blocked, id=82204, stack(0x000000396d200000,0x000000396d300000)]
  0x000001976a36f920 JavaThread "Unconstrained build operations Thread 5" [_thread_blocked, id=78684, stack(0x000000396d300000,0x000000396d400000)]
  0x000001976a36e4e0 JavaThread "Unconstrained build operations Thread 6" [_thread_blocked, id=80872, stack(0x000000396d400000,0x000000396d500000)]
  0x000001976a371780 JavaThread "Unconstrained build operations Thread 7" [_thread_blocked, id=76452, stack(0x000000396d500000,0x000000396d600000)]
  0x000001976a36ef00 JavaThread "Unconstrained build operations Thread 8" [_thread_blocked, id=71788, stack(0x000000396d600000,0x000000396d700000)]
  0x000001976a36fe30 JavaThread "Unconstrained build operations Thread 9" [_thread_blocked, id=21204, stack(0x000000396d700000,0x000000396d800000)]
  0x000001976a370340 JavaThread "Unconstrained build operations Thread 10" [_thread_blocked, id=28112, stack(0x000000396d800000,0x000000396d900000)]
  0x000001976a371270 JavaThread "Unconstrained build operations Thread 11" [_thread_blocked, id=67032, stack(0x000000396d900000,0x000000396da00000)]
  0x000001976a371c90 JavaThread "Unconstrained build operations Thread 12" [_thread_blocked, id=67800, stack(0x000000396da00000,0x000000396db00000)]
  0x000001976a3721a0 JavaThread "Unconstrained build operations Thread 13" [_thread_blocked, id=49256, stack(0x000000396db00000,0x000000396dc00000)]
  0x000001976a36e9f0 JavaThread "Unconstrained build operations Thread 14" [_thread_blocked, id=16292, stack(0x000000396dc00000,0x000000396dd00000)]
  0x000001976ba28570 JavaThread "Unconstrained build operations Thread 15" [_thread_blocked, id=12356, stack(0x000000396dd00000,0x000000396de00000)]
  0x000001976d5e1040 JavaThread "Unconstrained build operations Thread 16" [_thread_blocked, id=46464, stack(0x000000396de00000,0x000000396df00000)]
  0x000001976a3735e0 JavaThread "Unconstrained build operations Thread 17" [_thread_blocked, id=30872, stack(0x000000396df00000,0x000000396e000000)]
  0x000001976a374f30 JavaThread "Unconstrained build operations Thread 18" [_thread_blocked, id=73392, stack(0x000000396e000000,0x000000396e100000)]
  0x000001976a3726b0 JavaThread "Unconstrained build operations Thread 19" [_thread_blocked, id=16272, stack(0x000000396e100000,0x000000396e200000)]
  0x000001976a372bc0 JavaThread "Unconstrained build operations Thread 20" [_thread_blocked, id=48764, stack(0x000000396e200000,0x000000396e300000)]
  0x000001976a375440 JavaThread "Unconstrained build operations Thread 21" [_thread_blocked, id=54700, stack(0x000000396e300000,0x000000396e400000)]
  0x000001976a374a20 JavaThread "Unconstrained build operations Thread 22" [_thread_blocked, id=47740, stack(0x000000396e400000,0x000000396e500000)]
  0x000001976a373af0 JavaThread "Unconstrained build operations Thread 23" [_thread_blocked, id=54880, stack(0x000000396e500000,0x000000396e600000)]
  0x000001976a3730d0 JavaThread "Unconstrained build operations Thread 24" [_thread_blocked, id=53992, stack(0x000000396e600000,0x000000396e700000)]
  0x000001976a374000 JavaThread "Unconstrained build operations Thread 25" [_thread_blocked, id=70356, stack(0x000000396e700000,0x000000396e800000)]
  0x000001976a374510 JavaThread "Unconstrained build operations Thread 26" [_thread_blocked, id=79440, stack(0x000000396e800000,0x000000396e900000)]
  0x0000019768b24d20 JavaThread "build event listener" [_thread_blocked, id=4252, stack(0x000000396e900000,0x000000396ea00000)]
  0x000001976ba2b300 JavaThread "included builds" [_thread_blocked, id=82536, stack(0x000000396ea00000,0x000000396eb00000)]
  0x000001976d5e1a60 JavaThread "Execution worker" [_thread_blocked, id=44680, stack(0x000000396ec00000,0x000000396ed00000)]
  0x000001976d5e0110 JavaThread "Execution worker Thread 2" [_thread_blocked, id=71940, stack(0x000000396ed00000,0x000000396ee00000)]
  0x000001976d5e1550 JavaThread "Execution worker Thread 3" [_thread_blocked, id=53352, stack(0x000000396ee00000,0x000000396ef00000)]
  0x000001976d5e0620 JavaThread "Execution worker Thread 4" [_thread_blocked, id=53464, stack(0x000000396f000000,0x000000396f100000)]
  0x000001976d5e0b30 JavaThread "Execution worker Thread 5" [_thread_blocked, id=56736, stack(0x000000396f100000,0x000000396f200000)]
  0x000001976ba3f5f0 JavaThread "Execution worker Thread 6" [_thread_blocked, id=53708, stack(0x000000396f200000,0x000000396f300000)]
  0x000001976ba3fb00 JavaThread "Execution worker Thread 7" [_thread_blocked, id=5556, stack(0x000000396f300000,0x000000396f400000)]
  0x000001976ba40520 JavaThread "Execution worker Thread 8" [_thread_blocked, id=64528, stack(0x000000396f400000,0x000000396f500000)]
  0x000001976ba40f40 JavaThread "Execution worker Thread 9" [_thread_blocked, id=19868, stack(0x000000396f500000,0x000000396f600000)]
  0x000001976c83e310 JavaThread "Execution worker Thread 10" [_thread_blocked, id=77264, stack(0x000000396f600000,0x000000396f700000)]
  0x000001976c83ed30 JavaThread "Execution worker Thread 11" [_thread_blocked, id=82444, stack(0x000000396f700000,0x000000396f800000)]
  0x000001976b619870 JavaThread "Cache worker for execution history cache (C:\Users\Aditya\Downloads\videocall\VideoCallApp\node_modules\@react-native\gradle-plugin\.gradle\9.0.0\executionHistory)" [_thread_blocked, id=52912, stack(0x000000396f800000,0x000000396f900000)]
  0x000001976b618e50 JavaThread "Unconstrained build operations Thread 27" [_thread_blocked, id=28980, stack(0x000000396f900000,0x000000396fa00000)]
  0x000001976b619360 JavaThread "Unconstrained build operations Thread 28" [_thread_blocked, id=56880, stack(0x000000396fb00000,0x000000396fc00000)]
  0x000001976b617f20 JavaThread "Unconstrained build operations Thread 29" [_thread_blocked, id=39532, stack(0x000000396ff00000,0x0000003970000000)]
  0x000001976b618940 JavaThread "Unconstrained build operations Thread 30" [_thread_blocked, id=81924, stack(0x0000003970400000,0x0000003970500000)]
  0x000001976b618430 JavaThread "Unconstrained build operations Thread 31" [_thread_blocked, id=50360, stack(0x0000003970700000,0x0000003970800000)]
  0x000001976d351a30 JavaThread "Unconstrained build operations Thread 32" [_thread_blocked, id=2972, stack(0x0000003970800000,0x0000003970900000)]
  0x000001976d352e70 JavaThread "Unconstrained build operations Thread 33" [_thread_blocked, id=26864, stack(0x0000003970900000,0x0000003970a00000)]
  0x000001976d3542b0 JavaThread "Unconstrained build operations Thread 34" [_thread_blocked, id=69656, stack(0x0000003970a00000,0x0000003970b00000)]
  0x000001976d353380 JavaThread "Unconstrained build operations Thread 35" [_thread_blocked, id=46384, stack(0x0000003970b00000,0x0000003970c00000)]
  0x000001976d351010 JavaThread "Unconstrained build operations Thread 36" [_thread_blocked, id=65388, stack(0x0000003970c00000,0x0000003970d00000)]
  0x000001976d351520 JavaThread "Unconstrained build operations Thread 37" [_thread_blocked, id=40212, stack(0x0000003970d00000,0x0000003970e00000)]
  0x000001976d353890 JavaThread "Unconstrained build operations Thread 38" [_thread_blocked, id=50240, stack(0x0000003970e00000,0x0000003970f00000)]
  0x000001976d352960 JavaThread "Unconstrained build operations Thread 39" [_thread_blocked, id=58804, stack(0x0000003970f00000,0x0000003971000000)]
  0x000001976d351f40 JavaThread "Unconstrained build operations Thread 40" [_thread_blocked, id=30712, stack(0x0000003971000000,0x0000003971100000)]
  0x000001976d352450 JavaThread "Unconstrained build operations Thread 41" [_thread_blocked, id=5888, stack(0x0000003971100000,0x0000003971200000)]
  0x000001976d353da0 JavaThread "Unconstrained build operations Thread 42" [_thread_blocked, id=64392, stack(0x0000003971200000,0x0000003971300000)]
  0x000001976d350b00 JavaThread "Unconstrained build operations Thread 43" [_thread_blocked, id=36092, stack(0x0000003971300000,0x0000003971400000)]
  0x000001976b714ac0 JavaThread "Unconstrained build operations Thread 44" [_thread_blocked, id=34180, stack(0x0000003971400000,0x0000003971500000)]
  0x000001976b714fd0 JavaThread "Unconstrained build operations Thread 45" [_thread_blocked, id=20392, stack(0x0000003971500000,0x0000003971600000)]
  0x000001976b717850 JavaThread "Unconstrained build operations Thread 46" [_thread_blocked, id=20072, stack(0x0000003971600000,0x0000003971700000)]
  0x000001976ba29ec0 JavaThread "Unconstrained build operations Thread 47" [_thread_blocked, id=18012, stack(0x0000003971700000,0x0000003971800000)]
  0x000001976ba28a80 JavaThread "Unconstrained build operations Thread 48" [_thread_blocked, id=82724, stack(0x0000003971800000,0x0000003971900000)]
  0x000001976d746340 JavaThread "Unconstrained build operations Thread 49" [_thread_blocked, id=65056, stack(0x0000003971900000,0x0000003971a00000)]
  0x000001976d7449f0 JavaThread "Unconstrained build operations Thread 50" [_thread_blocked, id=29500, stack(0x0000003971a00000,0x0000003971b00000)]
  0x000001976d746850 JavaThread "Unconstrained build operations Thread 51" [_thread_blocked, id=63792, stack(0x0000003971b00000,0x0000003971c00000)]
  0x000001976d745410 JavaThread "Unconstrained build operations Thread 52" [_thread_blocked, id=51744, stack(0x0000003971c00000,0x0000003971d00000)]
  0x000001976d746d60 JavaThread "Unconstrained build operations Thread 53" [_thread_blocked, id=76552, stack(0x0000003971d00000,0x0000003971e00000)]
  0x000001976d7444e0 JavaThread "Unconstrained build operations Thread 54" [_thread_blocked, id=15652, stack(0x0000003971e00000,0x0000003971f00000)]
  0x000001976d745e30 JavaThread "Unconstrained build operations Thread 55" [_thread_blocked, id=29152, stack(0x0000003971f00000,0x0000003972000000)]
  0x000001976d747270 JavaThread "Unconstrained build operations Thread 56" [_thread_blocked, id=78212, stack(0x0000003972000000,0x0000003972100000)]
  0x000001976d747780 JavaThread "Unconstrained build operations Thread 57" [_thread_blocked, id=13456, stack(0x0000003972100000,0x0000003972200000)]
  0x000001976d745920 JavaThread "Unconstrained build operations Thread 58" [_thread_blocked, id=52084, stack(0x0000003972200000,0x0000003972300000)]
  0x000001976d744f00 JavaThread "Unconstrained build operations Thread 59" [_thread_blocked, id=45312, stack(0x0000003972300000,0x0000003972400000)]
  0x000001976c83f750 JavaThread "Unconstrained build operations Thread 60" [_thread_blocked, id=82304, stack(0x0000003972400000,0x0000003972500000)]
  0x000001976c83d3e0 JavaThread "Unconstrained build operations Thread 61" [_thread_blocked, id=80300, stack(0x0000003972500000,0x0000003972600000)]
  0x000001976c83f240 JavaThread "Unconstrained build operations Thread 62" [_thread_blocked, id=11192, stack(0x0000003972600000,0x0000003972700000)]
  0x000001976c83fc60 JavaThread "Unconstrained build operations Thread 63" [_thread_blocked, id=15384, stack(0x0000003972700000,0x0000003972800000)]
  0x000001976c83c9c0 JavaThread "Unconstrained build operations Thread 64" [_thread_blocked, id=68696, stack(0x0000003972800000,0x0000003972900000)]
  0x000001976c83ced0 JavaThread "Unconstrained build operations Thread 65" [_thread_blocked, id=4008, stack(0x0000003972900000,0x0000003972a00000)]
  0x000001976c83d8f0 JavaThread "Unconstrained build operations Thread 66" [_thread_blocked, id=41532, stack(0x0000003972a00000,0x0000003972b00000)]
  0x000001976c83de00 JavaThread "Unconstrained build operations Thread 67" [_thread_blocked, id=62540, stack(0x0000003972b00000,0x0000003972c00000)]
  0x000001977360e530 JavaThread "Unconstrained build operations Thread 68" [_thread_blocked, id=79824, stack(0x0000003972c00000,0x0000003972d00000)]
  0x000001977360f460 JavaThread "Exec process Thread 4" [_thread_blocked, id=20760, stack(0x0000003972d00000,0x0000003972e00000)]
  0x0000019772219370 JavaThread "Exec process Thread 5" [_thread_blocked, id=53872, stack(0x0000003972e00000,0x0000003972f00000)]
  0x0000019772219880 JavaThread "Exec process Thread 6" [_thread_blocked, id=20904, stack(0x0000003972f00000,0x0000003973000000)]
  0x00000197722160d0 JavaThread "Unconstrained build operations Thread 69" [_thread_blocked, id=35972, stack(0x000000396b500000,0x000000396b600000)]
  0x0000019772216af0 JavaThread "Unconstrained build operations Thread 70" [_thread_blocked, id=28400, stack(0x0000003973000000,0x0000003973100000)]
  0x0000019772217000 JavaThread "Unconstrained build operations Thread 71" [_thread_blocked, id=24984, stack(0x0000003973100000,0x0000003973200000)]
  0x0000019772217510 JavaThread "Unconstrained build operations Thread 72" [_thread_blocked, id=37524, stack(0x0000003973200000,0x0000003973300000)]
  0x0000019772217a20 JavaThread "Unconstrained build operations Thread 73" [_thread_blocked, id=42356, stack(0x0000003973300000,0x0000003973400000)]
  0x00000197730c3f00 JavaThread "Unconstrained build operations Thread 74" [_thread_blocked, id=79256, stack(0x0000003973400000,0x0000003973500000)]
  0x00000197730c39f0 JavaThread "Unconstrained build operations Thread 75" [_thread_blocked, id=17624, stack(0x0000003973500000,0x0000003973600000)]
  0x00000197730c5340 JavaThread "Unconstrained build operations Thread 76" [_thread_blocked, id=37168, stack(0x0000003973600000,0x0000003973700000)]
  0x00000197730c2fd0 JavaThread "Unconstrained build operations Thread 77" [_thread_blocked, id=58608, stack(0x0000003973700000,0x0000003973800000)]
  0x00000197730c4410 JavaThread "Unconstrained build operations Thread 78" [_thread_blocked, id=81724, stack(0x0000003973800000,0x0000003973900000)]
  0x000001976d743fd0 JavaThread "Unconstrained build operations Thread 79" [_thread_blocked, id=2376, stack(0x0000003973b00000,0x0000003973c00000)]
  0x00000197722756f0 JavaThread "Unconstrained build operations Thread 80" [_thread_blocked, id=2876, stack(0x0000003973c00000,0x0000003973d00000)]
  0x0000019772274cd0 JavaThread "Unconstrained build operations Thread 81" [_thread_blocked, id=63676, stack(0x0000003973d00000,0x0000003973e00000)]
  0x0000019772275c00 JavaThread "Unconstrained build operations Thread 82" [_thread_blocked, id=38424, stack(0x0000003973e00000,0x0000003973f00000)]
  0x00000197722742b0 JavaThread "Unconstrained build operations Thread 83" [_thread_blocked, id=28820, stack(0x0000003973f00000,0x0000003974000000)]
  0x00000197722747c0 JavaThread "Unconstrained build operations Thread 84" [_thread_blocked, id=54900, stack(0x0000003974000000,0x0000003974100000)]
  0x000001977232e7b0 JavaThread "Unconstrained build operations Thread 85" [_thread_blocked, id=7064, stack(0x0000003974100000,0x0000003974200000)]
  0x000001977232ecc0 JavaThread "Unconstrained build operations Thread 86" [_thread_blocked, id=12672, stack(0x0000003974200000,0x0000003974300000)]
  0x000001977232f1d0 JavaThread "Unconstrained build operations Thread 87" [_thread_blocked, id=54140, stack(0x0000003974300000,0x0000003974400000)]
  0x000001977232f6e0 JavaThread "Unconstrained build operations Thread 88" [_thread_blocked, id=15712, stack(0x0000003974400000,0x0000003974500000)]
  0x000001977232fbf0 JavaThread "Unconstrained build operations Thread 89" [_thread_blocked, id=31268, stack(0x0000003974500000,0x0000003974600000)]
  0x00000197734a27c0 JavaThread "Unconstrained build operations Thread 90" [_thread_blocked, id=33376, stack(0x0000003974600000,0x0000003974700000)]
  0x00000197734a31e0 JavaThread "Unconstrained build operations Thread 91" [_thread_blocked, id=81560, stack(0x0000003974700000,0x0000003974800000)]
  0x00000197734a36f0 JavaThread "Unconstrained build operations Thread 92" [_thread_blocked, id=79988, stack(0x0000003974800000,0x0000003974900000)]
  0x00000197734a1380 JavaThread "Unconstrained build operations Thread 93" [_thread_blocked, id=3884, stack(0x0000003974900000,0x0000003974a00000)]
  0x00000197734a1890 JavaThread "Unconstrained build operations Thread 94" [_thread_blocked, id=1420, stack(0x0000003974a00000,0x0000003974b00000)]
  0x00000197734a3c00 JavaThread "Unconstrained build operations Thread 95" [_thread_blocked, id=51564, stack(0x0000003974b00000,0x0000003974c00000)]
  0x00000197734a4b30 JavaThread "Unconstrained build operations Thread 96" [_thread_blocked, id=56260, stack(0x0000003974c00000,0x0000003974d00000)]
  0x00000197734a1da0 JavaThread "Unconstrained build operations Thread 97" [_thread_blocked, id=44732, stack(0x0000003974d00000,0x0000003974e00000)]
  0x00000197734a4110 JavaThread "Unconstrained build operations Thread 98" [_thread_blocked, id=16976, stack(0x0000003974e00000,0x0000003974f00000)]
  0x00000197734a2cd0 JavaThread "Unconstrained build operations Thread 99" [_thread_blocked, id=69504, stack(0x0000003974f00000,0x0000003975000000)]
  0x00000197734a4620 JavaThread "Unconstrained build operations Thread 100" [_thread_blocked, id=33128, stack(0x0000003975000000,0x0000003975100000)]
  0x0000019768b25230 JavaThread "build event listener" [_thread_blocked, id=30452, stack(0x0000003973a00000,0x0000003973b00000)]
  0x000001977232e2a0 JavaThread "Problems report writer" [_thread_blocked, id=25112, stack(0x0000003975100000,0x0000003975200000)]
  0x00000197722751e0 JavaThread "jar transforms Thread 9" [_thread_blocked, id=66900, stack(0x0000003975200000,0x0000003975300000)]
  0x00000197723ddd70 JavaThread "Unconstrained build operations Thread 101" [_thread_blocked, id=76792, stack(0x0000003973900000,0x0000003973a00000)]
  0x00000197723deca0 JavaThread "Unconstrained build operations Thread 102" [_thread_blocked, id=23764, stack(0x0000003975300000,0x0000003975400000)]
  0x00000197723de280 JavaThread "Unconstrained build operations Thread 103" [_thread_blocked, id=53876, stack(0x0000003975400000,0x0000003975500000)]
  0x00000197723de790 JavaThread "Unconstrained build operations Thread 104" [_thread_blocked, id=54936, stack(0x0000003975500000,0x0000003975600000)]
  0x00000197723e05f0 JavaThread "Unconstrained build operations Thread 105" [_thread_blocked, id=40516, stack(0x0000003975600000,0x0000003975700000)]
  0x00000197723e0b00 JavaThread "Unconstrained build operations Thread 106" [_thread_blocked, id=33600, stack(0x0000003975700000,0x0000003975800000)]
  0x00000197723dfbd0 JavaThread "Unconstrained build operations Thread 107" [_thread_blocked, id=37328, stack(0x0000003975800000,0x0000003975900000)]
  0x00000197723df1b0 JavaThread "Unconstrained build operations Thread 108" [_thread_blocked, id=65428, stack(0x0000003975900000,0x0000003975a00000)]
  0x00000197723e1010 JavaThread "Unconstrained build operations Thread 109" [_thread_blocked, id=54628, stack(0x0000003975a00000,0x0000003975b00000)]
  0x00000197723e1520 JavaThread "Unconstrained build operations Thread 110" [_thread_blocked, id=71836, stack(0x0000003975b00000,0x0000003975c00000)]
  0x00000197723df6c0 JavaThread "Unconstrained build operations Thread 111" [_thread_blocked, id=30656, stack(0x0000003975c00000,0x0000003975d00000)]
  0x000001976b0b87b0 JavaThread "Unconstrained build operations Thread 112" [_thread_blocked, id=84624, stack(0x0000003975d00000,0x0000003975e00000)]
  0x000001976b0bab20 JavaThread "Unconstrained build operations Thread 113" [_thread_blocked, id=59456, stack(0x0000003975e00000,0x0000003975f00000)]
  0x000001976b0ba100 JavaThread "Unconstrained build operations Thread 114" [_thread_blocked, id=6136, stack(0x0000003975f00000,0x0000003976000000)]
  0x000001976b0b82a0 JavaThread "Unconstrained build operations Thread 115" [_thread_blocked, id=18232, stack(0x0000003976200000,0x0000003976300000)]
  0x000001976b0bb030 JavaThread "Unconstrained build operations Thread 116" [_thread_blocked, id=67376, stack(0x0000003976300000,0x0000003976400000)]
  0x000001976b0bb540 JavaThread "Unconstrained build operations Thread 117" [_thread_blocked, id=75540, stack(0x0000003976400000,0x0000003976500000)]
  0x000001976b0b8cc0 JavaThread "Unconstrained build operations Thread 118" [_thread_blocked, id=13244, stack(0x0000003976500000,0x0000003976600000)]
  0x000001976b0b91d0 JavaThread "Unconstrained build operations Thread 119" [_thread_blocked, id=60828, stack(0x0000003976600000,0x0000003976700000)]
  0x000001976b0b7d90 JavaThread "Unconstrained build operations Thread 120" [_thread_blocked, id=64712, stack(0x0000003976700000,0x0000003976800000)]
  0x00000197723e00e0 JavaThread "jar transforms Thread 10" [_thread_blocked, id=32232, stack(0x0000003976900000,0x0000003976a00000)]
  0x000001976ba40010 JavaThread "jar transforms Thread 11" [_thread_blocked, id=4368, stack(0x0000003976f00000,0x0000003977000000)]
  0x000001976ba3e6c0 JavaThread "jar transforms Thread 12" [_thread_blocked, id=39776, stack(0x0000003977500000,0x0000003977600000)]
  0x0000019774ba52a0 JavaThread "pool-12-thread-1" [_thread_blocked, id=58152, stack(0x0000003976a00000,0x0000003976b00000)]
  0x0000019774ba57b0 JavaThread "build event listener" [_thread_blocked, id=51712, stack(0x0000003977600000,0x0000003977700000)]
  0x0000019774ba7b20 JavaThread "Cache worker for execution history cache (C:\Users\Aditya\Downloads\videocall\VideoCallApp\android\.gradle\9.0.0\executionHistory)" [_thread_blocked, id=69140, stack(0x0000003977700000,0x0000003977800000)]
  0x000001976b0ba610 JavaThread "WorkerExecutor Queue" [_thread_blocked, id=13652, stack(0x0000003976800000,0x0000003976900000)]
  0x000001977505f500 JavaThread "WorkerExecutor Queue Thread 2" [_thread_blocked, id=30620, stack(0x0000003977800000,0x0000003977900000)]
  0x000001976ba3d790 JavaThread "WorkerExecutor Queue Thread 3" [_thread_in_native, id=23320, stack(0x0000003977900000,0x0000003977a00000)]
  0x000001976ce01940 JavaThread "WorkerExecutor Queue Thread 4" [_thread_blocked, id=23536, stack(0x0000003977a00000,0x0000003977b00000)]
  0x0000019773922340 JavaThread "WorkerExecutor Queue Thread 5" [_thread_blocked, id=31440, stack(0x0000003977b00000,0x0000003977c00000)]
  0x000001977360ef50 JavaThread "WorkerExecutor Queue Thread 6" [_thread_in_native, id=61320, stack(0x0000003977e00000,0x0000003977f00000)]
  0x00000197736e9d70 JavaThread "WorkerExecutor Queue Thread 7" [_thread_blocked, id=57224, stack(0x0000003977f00000,0x0000003978000000)]
  0x000001976ba40a30 JavaThread "WorkerExecutor Queue Thread 8" [_thread_blocked, id=64784, stack(0x0000003978000000,0x0000003978100000)]
  0x000001976ba3e1b0 JavaThread "WorkerExecutor Queue Thread 10" [_thread_blocked, id=62120, stack(0x0000003978200000,0x0000003978300000)]
  0x00000197727bb7a0 JavaThread "WorkerExecutor Queue Thread 11" [_thread_blocked, id=76676, stack(0x0000003978300000,0x0000003978400000)]
  0x00000197727bbcb0 JavaThread "WorkerExecutor Queue Thread 12" [_thread_in_native, id=32220, stack(0x0000003978400000,0x0000003978500000)]
  0x0000019773541eb0 JavaThread "pool-13-thread-1" [_thread_blocked, id=68968, stack(0x0000003978500000,0x0000003978600000)]
  0x00000197735423c0 JavaThread "stderr" [_thread_in_native, id=26784, stack(0x0000003977d00000,0x0000003977e00000)]
  0x00000197735428d0 JavaThread "stdout" [_thread_in_native, id=39708, stack(0x0000003978600000,0x0000003978700000)]
  0x000001976b60dcf0 JavaThread "Cache worker for Java compile cache (C:\Users\Aditya\.gradle\caches\9.0.0\javaCompile)" [_thread_blocked, id=64216, stack(0x0000003978700000,0x0000003978800000)]
  0x0000019774ba7100 JavaThread "Build operations" [_thread_blocked, id=43876, stack(0x0000003978800000,0x0000003978900000)]
  0x0000019774ba66e0 JavaThread "Build operations Thread 2" [_thread_blocked, id=28296, stack(0x0000003978900000,0x0000003978a00000)]
  0x000001976ba3ebd0 JavaThread "Build operations Thread 3" [_thread_blocked, id=32516, stack(0x0000003978a00000,0x0000003978b00000)]
  0x000001976ba3f0e0 JavaThread "Build operations Thread 4" [_thread_blocked, id=68700, stack(0x0000003978b00000,0x0000003978c00000)]
  0x00000197721ac300 JavaThread "Build operations Thread 5" [_thread_blocked, id=440, stack(0x0000003978c00000,0x0000003978d00000)]
  0x00000197721a9f90 JavaThread "Build operations Thread 6" [_thread_blocked, id=79184, stack(0x0000003978d00000,0x0000003978e00000)]
  0x00000197721ab8e0 JavaThread "Build operations Thread 7" [_thread_blocked, id=31928, stack(0x0000003978e00000,0x0000003978f00000)]
  0x00000197721a9060 JavaThread "Build operations Thread 8" [_thread_blocked, id=53420, stack(0x0000003978f00000,0x0000003979000000)]
  0x00000197721aa4a0 JavaThread "Build operations Thread 9" [_thread_blocked, id=31800, stack(0x0000003979000000,0x0000003979100000)]
  0x00000197721abdf0 JavaThread "Build operations Thread 10" [_thread_blocked, id=29448, stack(0x0000003979100000,0x0000003979200000)]
  0x00000197721ac810 JavaThread "Build operations Thread 11" [_thread_blocked, id=21480, stack(0x0000003979200000,0x0000003979300000)]
  0x0000019774ba8a50 JavaThread "RMI Scheduler(0)" daemon [_thread_blocked, id=29436, stack(0x0000003979300000,0x0000003979400000)]
  0x0000019774ba8030 JavaThread "RMI RenewClean-[127.0.0.1:17339,org.jetbrains.kotlin.daemon.common.LoopbackNetworkInterface$ClientLoopbackSocketFactory@75e34a60]" daemon [_thread_blocked, id=58380, stack(0x0000003979400000,0x0000003979500000)]
  0x0000019774ba8540 JavaThread "RMI GC Daemon" daemon [_thread_blocked, id=24764, stack(0x0000003979500000,0x0000003979600000)]
  0x0000019774ba5cc0 JavaThread "RMI TCP Accept-0" daemon [_thread_in_native, id=30640, stack(0x0000003979600000,0x0000003979700000)]
  0x00000197736e9350 JavaThread "RMI RenewClean-[127.0.0.1:17339,org.jetbrains.kotlin.daemon.common.LoopbackNetworkInterface$ClientLoopbackSocketFactory@3b5b1d19]" daemon [_thread_blocked, id=24796, stack(0x0000003979700000,0x0000003979800000)]
  0x0000019774ba7610 JavaThread "RMI Reaper" [_thread_blocked, id=80696, stack(0x0000003979a00000,0x0000003979b00000)]
  0x000001977505eff0 JavaThread "RMI TCP Connection(6)-127.0.0.1" daemon [_thread_in_native, id=41304, stack(0x0000003979b00000,0x0000003979c00000)]
  0x0000019775061360 JavaThread "RMI TCP Connection(5)-127.0.0.1" daemon [_thread_in_native, id=65204, stack(0x0000003979c00000,0x0000003979d00000)]
  0x0000019773923270 JavaThread "RMI RenewClean-[127.0.0.1:17339,org.jetbrains.kotlin.daemon.common.LoopbackNetworkInterface$ClientLoopbackSocketFactory@42c46891]" daemon [_thread_blocked, id=43280, stack(0x0000003979d00000,0x0000003979e00000)]
  0x000001977505e5d0 JavaThread "RMI TCP Connection(4)-127.0.0.1" daemon [_thread_in_native, id=68000, stack(0x0000003979e00000,0x0000003979f00000)]
  0x0000019773543800 JavaThread "WorkerExecutor Queue Thread 13" [_thread_blocked, id=47356, stack(0x0000003979f00000,0x000000397a000000)]

Other Threads:
=>0x000001972cbe49f0 VMThread "VM Thread" [stack: 0x000000396a100000,0x000000396a200000] [id=11236]
  0x00000197097f5000 WatcherThread [stack: 0x000000396ad00000,0x000000396ae00000] [id=14188]
  0x00000197098636e0 GCTaskThread "GC Thread#0" [stack: 0x0000003969c00000,0x0000003969d00000] [id=47628]
  0x000001976625b480 GCTaskThread "GC Thread#1" [stack: 0x000000396b000000,0x000000396b100000] [id=52764]
  0x0000019766447e50 GCTaskThread "GC Thread#2" [stack: 0x000000396b100000,0x000000396b200000] [id=49004]
  0x0000019766e56da0 GCTaskThread "GC Thread#3" [stack: 0x000000396b200000,0x000000396b300000] [id=9664]
  0x0000019766e57bb0 GCTaskThread "GC Thread#4" [stack: 0x000000396b300000,0x000000396b400000] [id=64656]
  0x0000019766e586f0 GCTaskThread "GC Thread#5" [stack: 0x000000396bc00000,0x000000396bd00000] [id=43568]
  0x0000019766e578e0 GCTaskThread "GC Thread#6" [stack: 0x000000396bd00000,0x000000396be00000] [id=82788]
  0x0000019766e57e80 GCTaskThread "GC Thread#7" [stack: 0x000000396be00000,0x000000396bf00000] [id=30548]
  0x0000019766e58150 GCTaskThread "GC Thread#8" [stack: 0x000000396bf00000,0x000000396c000000] [id=19980]
  0x0000019766e56ad0 GCTaskThread "GC Thread#9" [stack: 0x000000396c000000,0x000000396c100000] [id=21012]
  0x0000019709875960 ConcurrentGCThread "G1 Main Marker" [stack: 0x0000003969d00000,0x0000003969e00000] [id=67388]
  0x0000019709876290 ConcurrentGCThread "G1 Conc#0" [stack: 0x0000003969e00000,0x0000003969f00000] [id=29836]
  0x0000019768b3f5e0 ConcurrentGCThread "G1 Conc#1" [stack: 0x000000396c400000,0x000000396c500000] [id=59792]
  0x0000019768b41a70 ConcurrentGCThread "G1 Conc#2" [stack: 0x000000396c500000,0x000000396c600000] [id=17352]
  0x000001970989e920 ConcurrentGCThread "G1 Refine#0" [stack: 0x0000003969f00000,0x000000396a000000] [id=30784]
  0x00000197697e19b0 ConcurrentGCThread "G1 Refine#1" [stack: 0x000000396cc00000,0x000000396cd00000] [id=26584]
  0x000001976642f970 ConcurrentGCThread "G1 Refine#2" [stack: 0x0000003977000000,0x0000003977100000] [id=65240]
  0x000001972ca9d240 ConcurrentGCThread "G1 Service" [stack: 0x000000396a000000,0x000000396a100000] [id=48556]

Threads with active compile tasks:
C2 CompilerThread0  343940 39419   !   4       java.util.concurrent.ConcurrentHashMap::computeIfAbsent (576 bytes)

VM state: at safepoint (normal execution)

VM Mutex/Monitor currently owned by a thread:  ([mutex/lock_event])
[0x00000197074458e0] Threads_lock - owner thread: 0x000001972cbe49f0
[0x00000197097f22c0] Heap_lock - owner thread: 0x00000197734a1380

Heap address: 0x0000000700000000, size: 4096 MB, Compressed Oops mode: Zero based, Oop shift amount: 3

CDS archive(s) mapped at: [0x000001972d000000-0x000001972dbb0000-0x000001972dbb0000), size 12255232, SharedBaseAddress: 0x000001972d000000, ArchiveRelocationMode: 1.
Compressed class space mapped at: 0x000001972e000000-0x0000019762000000, reserved size: 872415232
Narrow klass base: 0x000001972d000000, Narrow klass shift: 0, Narrow klass range: 0x100000000

GC Precious Log:
 CPUs: 12 total, 12 available
 Memory: 5996M
 Large Page Support: Disabled
 NUMA Support: Disabled
 Compressed Oops: Enabled (Zero based)
 Heap Region Size: 2M
 Heap Min Capacity: 8M
 Heap Initial Capacity: 94M
 Heap Max Capacity: 4G
 Pre-touch: Disabled
 Parallel Workers: 10
 Concurrent Workers: 3
 Concurrent Refinement Workers: 10
 Periodic GC: Disabled

Heap:
 garbage-first heap   total 1421312K, used 296922K [0x0000000700000000, 0x0000000800000000)
  region size 2048K, 3 young (6144K), 3 survivors (6144K)
 Metaspace       used 186601K, committed 188800K, reserved 1048576K
  class space    used 24312K, committed 25408K, reserved 851968K

Heap Regions: E=young(eden), S=young(survivor), O=old, HS=humongous(starts), HC=humongous(continues), CS=collection set, F=free, OA=open archive, CA=closed archive, TAMS=top-at-mark-start (previous, next)
|   0|0x0000000700000000, 0x0000000700200000, 0x0000000700200000|100%|HS|  |TAMS 0x0000000700200000, 0x0000000700200000| Complete 
|   1|0x0000000700200000, 0x0000000700400000, 0x0000000700400000|100%|HC|  |TAMS 0x0000000700400000, 0x0000000700400000| Complete 
|   2|0x0000000700400000, 0x0000000700600000, 0x0000000700600000|100%| O|  |TAMS 0x0000000700600000, 0x0000000700600000| Untracked 
|   3|0x0000000700600000, 0x0000000700800000, 0x0000000700800000|100%| O|  |TAMS 0x0000000700800000, 0x0000000700800000| Untracked 
|   4|0x0000000700800000, 0x0000000700a00000, 0x0000000700a00000|100%| O|  |TAMS 0x0000000700a00000, 0x0000000700a00000| Untracked 
|   5|0x0000000700a00000, 0x0000000700c00000, 0x0000000700c00000|100%| O|  |TAMS 0x0000000700c00000, 0x0000000700c00000| Untracked 
|   6|0x0000000700c00000, 0x0000000700e00000, 0x0000000700e00000|100%| O|  |TAMS 0x0000000700e00000, 0x0000000700e00000| Untracked 
|   7|0x0000000700e00000, 0x0000000701000000, 0x0000000701000000|100%| O|  |TAMS 0x0000000701000000, 0x0000000701000000| Untracked 
|   8|0x0000000701000000, 0x0000000701200000, 0x0000000701200000|100%| O|  |TAMS 0x0000000701200000, 0x0000000701200000| Untracked 
|   9|0x0000000701200000, 0x00000007013ef000, 0x0000000701400000| 96%| O|  |TAMS 0x00000007013ef000, 0x00000007013ef000| Untracked 
|  10|0x0000000701400000, 0x0000000701600000, 0x0000000701600000|100%| O|  |TAMS 0x0000000701600000, 0x0000000701600000| Untracked 
|  11|0x0000000701600000, 0x0000000701800000, 0x0000000701800000|100%| O|  |TAMS 0x0000000701800000, 0x0000000701800000| Untracked 
|  12|0x0000000701800000, 0x0000000701a00000, 0x0000000701a00000|100%| O|  |TAMS 0x0000000701a00000, 0x0000000701a00000| Untracked 
|  13|0x0000000701a00000, 0x0000000701c00000, 0x0000000701c00000|100%| O|  |TAMS 0x0000000701c00000, 0x0000000701c00000| Untracked 
|  14|0x0000000701c00000, 0x0000000701e00000, 0x0000000701e00000|100%| O|  |TAMS 0x0000000701e00000, 0x0000000701e00000| Untracked 
|  15|0x0000000701e00000, 0x0000000702000000, 0x0000000702000000|100%| O|  |TAMS 0x0000000702000000, 0x0000000702000000| Untracked 
|  16|0x0000000702000000, 0x0000000702200000, 0x0000000702200000|100%| O|  |TAMS 0x0000000702200000, 0x0000000702200000| Untracked 
|  17|0x0000000702200000, 0x0000000702400000, 0x0000000702400000|100%| O|  |TAMS 0x0000000702400000, 0x0000000702400000| Untracked 
|  18|0x0000000702400000, 0x0000000702600000, 0x0000000702600000|100%|HS|  |TAMS 0x0000000702600000, 0x0000000702600000| Complete 
|  19|0x0000000702600000, 0x0000000702800000, 0x0000000702800000|100%|HC|  |TAMS 0x0000000702800000, 0x0000000702800000| Complete 
|  20|0x0000000702800000, 0x0000000702a00000, 0x0000000702a00000|100%|HS|  |TAMS 0x0000000702a00000, 0x0000000702a00000| Complete 
|  21|0x0000000702a00000, 0x0000000702c00000, 0x0000000702c00000|100%|HC|  |TAMS 0x0000000702c00000, 0x0000000702c00000| Complete 
|  22|0x0000000702c00000, 0x0000000702e00000, 0x0000000702e00000|100%| O|  |TAMS 0x0000000702e00000, 0x0000000702e00000| Untracked 
|  23|0x0000000702e00000, 0x0000000703000000, 0x0000000703000000|100%| O|  |TAMS 0x0000000703000000, 0x0000000703000000| Untracked 
|  24|0x0000000703000000, 0x0000000703200000, 0x0000000703200000|100%| O|  |TAMS 0x0000000703200000, 0x0000000703200000| Untracked 
|  25|0x0000000703200000, 0x0000000703400000, 0x0000000703400000|100%| O|  |TAMS 0x0000000703400000, 0x0000000703400000| Untracked 
|  26|0x0000000703400000, 0x0000000703600000, 0x0000000703600000|100%| O|  |TAMS 0x0000000703600000, 0x0000000703600000| Untracked 
|  27|0x0000000703600000, 0x0000000703800000, 0x0000000703800000|100%| O|  |TAMS 0x0000000703800000, 0x0000000703800000| Untracked 
|  28|0x0000000703800000, 0x0000000703a00000, 0x0000000703a00000|100%| O|  |TAMS 0x0000000703a00000, 0x0000000703a00000| Untracked 
|  29|0x0000000703a00000, 0x0000000703c00000, 0x0000000703c00000|100%| O|  |TAMS 0x0000000703c00000, 0x0000000703c00000| Untracked 
|  30|0x0000000703c00000, 0x0000000703e00000, 0x0000000703e00000|100%| O|  |TAMS 0x0000000703e00000, 0x0000000703e00000| Untracked 
|  31|0x0000000703e00000, 0x0000000704000000, 0x0000000704000000|100%| O|  |TAMS 0x0000000703e00000, 0x0000000703e00000| Untracked 
|  32|0x0000000704000000, 0x0000000704200000, 0x0000000704200000|100%| O|  |TAMS 0x0000000704000000, 0x0000000704000000| Untracked 
|  33|0x0000000704200000, 0x0000000704400000, 0x0000000704400000|100%| O|  |TAMS 0x0000000704200000, 0x0000000704200000| Untracked 
|  34|0x0000000704400000, 0x0000000704600000, 0x0000000704600000|100%| O|  |TAMS 0x0000000704400000, 0x0000000704400000| Untracked 
|  35|0x0000000704600000, 0x0000000704800000, 0x0000000704800000|100%| O|  |TAMS 0x0000000704600000, 0x0000000704600000| Untracked 
|  36|0x0000000704800000, 0x0000000704a00000, 0x0000000704a00000|100%| O|  |TAMS 0x0000000704a00000, 0x0000000704a00000| Untracked 
|  37|0x0000000704a00000, 0x0000000704c00000, 0x0000000704c00000|100%| O|  |TAMS 0x0000000704c00000, 0x0000000704c00000| Untracked 
|  38|0x0000000704c00000, 0x0000000704e00000, 0x0000000704e00000|100%| O|  |TAMS 0x0000000704e00000, 0x0000000704e00000| Untracked 
|  39|0x0000000704e00000, 0x0000000705000000, 0x0000000705000000|100%| O|  |TAMS 0x0000000705000000, 0x0000000705000000| Untracked 
|  40|0x0000000705000000, 0x0000000705200000, 0x0000000705200000|100%| O|  |TAMS 0x0000000705200000, 0x0000000705200000| Untracked 
|  41|0x0000000705200000, 0x0000000705400000, 0x0000000705400000|100%| O|  |TAMS 0x0000000705400000, 0x0000000705400000| Untracked 
|  42|0x0000000705400000, 0x0000000705600000, 0x0000000705600000|100%| O|  |TAMS 0x0000000705600000, 0x0000000705600000| Untracked 
|  43|0x0000000705600000, 0x0000000705800000, 0x0000000705800000|100%| O|  |TAMS 0x0000000705800000, 0x0000000705800000| Untracked 
|  44|0x0000000705800000, 0x0000000705a00000, 0x0000000705a00000|100%| O|  |TAMS 0x0000000705a00000, 0x0000000705a00000| Untracked 
|  45|0x0000000705a00000, 0x0000000705c00000, 0x0000000705c00000|100%| O|  |TAMS 0x0000000705c00000, 0x0000000705c00000| Untracked 
|  46|0x0000000705c00000, 0x0000000705e00000, 0x0000000705e00000|100%| O|  |TAMS 0x0000000705e00000, 0x0000000705e00000| Untracked 
|  47|0x0000000705e00000, 0x0000000706000000, 0x0000000706000000|100%|HS|  |TAMS 0x0000000706000000, 0x0000000706000000| Complete 
|  48|0x0000000706000000, 0x0000000706200000, 0x0000000706200000|100%|HC|  |TAMS 0x0000000706200000, 0x0000000706200000| Complete 
|  49|0x0000000706200000, 0x0000000706400000, 0x0000000706400000|100%| O|  |TAMS 0x0000000706400000, 0x0000000706400000| Untracked 
|  50|0x0000000706400000, 0x0000000706600000, 0x0000000706600000|100%| O|  |TAMS 0x0000000706600000, 0x0000000706600000| Untracked 
|  51|0x0000000706600000, 0x0000000706800000, 0x0000000706800000|100%| O|  |TAMS 0x0000000706800000, 0x0000000706800000| Untracked 
|  52|0x0000000706800000, 0x0000000706a00000, 0x0000000706a00000|100%| O|  |TAMS 0x0000000706a00000, 0x0000000706a00000| Untracked 
|  53|0x0000000706a00000, 0x0000000706c00000, 0x0000000706c00000|100%| O|  |TAMS 0x0000000706a00000, 0x0000000706a00000| Untracked 
|  54|0x0000000706c00000, 0x0000000706e00000, 0x0000000706e00000|100%| O|  |TAMS 0x0000000706e00000, 0x0000000706e00000| Untracked 
|  55|0x0000000706e00000, 0x0000000707000000, 0x0000000707000000|100%| O|  |TAMS 0x0000000707000000, 0x0000000707000000| Untracked 
|  56|0x0000000707000000, 0x0000000707200000, 0x0000000707200000|100%| O|  |TAMS 0x0000000707000000, 0x0000000707000000| Untracked 
|  57|0x0000000707200000, 0x0000000707400000, 0x0000000707400000|100%| O|  |TAMS 0x0000000707200000, 0x0000000707200000| Untracked 
|  58|0x0000000707400000, 0x0000000707600000, 0x0000000707600000|100%| O|  |TAMS 0x0000000707400000, 0x0000000707400000| Untracked 
|  59|0x0000000707600000, 0x0000000707800000, 0x0000000707800000|100%|HS|  |TAMS 0x0000000707800000, 0x0000000707800000| Complete 
|  60|0x0000000707800000, 0x0000000707a00000, 0x0000000707a00000|100%| O|  |TAMS 0x0000000707a00000, 0x0000000707a00000| Untracked 
|  61|0x0000000707a00000, 0x0000000707c00000, 0x0000000707c00000|100%| O|  |TAMS 0x0000000707a00000, 0x0000000707a00000| Untracked 
|  62|0x0000000707c00000, 0x0000000707e00000, 0x0000000707e00000|100%| O|  |TAMS 0x0000000707c00000, 0x0000000707c00000| Untracked 
|  63|0x0000000707e00000, 0x0000000708000000, 0x0000000708000000|100%| O|  |TAMS 0x0000000708000000, 0x0000000708000000| Untracked 
|  64|0x0000000708000000, 0x0000000708200000, 0x0000000708200000|100%| O|  |TAMS 0x0000000708200000, 0x0000000708200000| Untracked 
|  65|0x0000000708200000, 0x0000000708400000, 0x0000000708400000|100%| O|  |TAMS 0x0000000708400000, 0x0000000708400000| Untracked 
|  66|0x0000000708400000, 0x0000000708600000, 0x0000000708600000|100%| O|  |TAMS 0x0000000708600000, 0x0000000708600000| Untracked 
|  67|0x0000000708600000, 0x0000000708800000, 0x0000000708800000|100%| O|  |TAMS 0x0000000708800000, 0x0000000708800000| Untracked 
|  68|0x0000000708800000, 0x0000000708a00000, 0x0000000708a00000|100%| O|  |TAMS 0x0000000708a00000, 0x0000000708a00000| Untracked 
|  69|0x0000000708a00000, 0x0000000708c00000, 0x0000000708c00000|100%| O|  |TAMS 0x0000000708c00000, 0x0000000708c00000| Untracked 
|  70|0x0000000708c00000, 0x0000000708e00000, 0x0000000708e00000|100%| O|  |TAMS 0x0000000708e00000, 0x0000000708e00000| Untracked 
|  71|0x0000000708e00000, 0x0000000709000000, 0x0000000709000000|100%| O|  |TAMS 0x0000000709000000, 0x0000000709000000| Untracked 
|  72|0x0000000709000000, 0x0000000709200000, 0x0000000709200000|100%| O|  |TAMS 0x0000000709000000, 0x0000000709000000| Untracked 
|  73|0x0000000709200000, 0x0000000709400000, 0x0000000709400000|100%| O|  |TAMS 0x0000000709200000, 0x0000000709200000| Untracked 
|  74|0x0000000709400000, 0x0000000709600000, 0x0000000709600000|100%| O|  |TAMS 0x0000000709600000, 0x0000000709600000| Untracked 
|  75|0x0000000709600000, 0x0000000709800000, 0x0000000709800000|100%| O|  |TAMS 0x0000000709600000, 0x0000000709600000| Untracked 
|  76|0x0000000709800000, 0x0000000709a00000, 0x0000000709a00000|100%| O|  |TAMS 0x0000000709a00000, 0x0000000709a00000| Untracked 
|  77|0x0000000709a00000, 0x0000000709c00000, 0x0000000709c00000|100%| O|  |TAMS 0x0000000709c00000, 0x0000000709c00000| Untracked 
|  78|0x0000000709c00000, 0x0000000709e00000, 0x0000000709e00000|100%| O|  |TAMS 0x0000000709c00000, 0x0000000709c00000| Untracked 
|  79|0x0000000709e00000, 0x000000070a000000, 0x000000070a000000|100%| O|  |TAMS 0x000000070a000000, 0x000000070a000000| Untracked 
|  80|0x000000070a000000, 0x000000070a200000, 0x000000070a200000|100%| O|  |TAMS 0x000000070a000000, 0x000000070a000000| Untracked 
|  81|0x000000070a200000, 0x000000070a400000, 0x000000070a400000|100%| O|  |TAMS 0x000000070a200000, 0x000000070a200000| Untracked 
|  82|0x000000070a400000, 0x000000070a600000, 0x000000070a600000|100%| O|  |TAMS 0x000000070a600000, 0x000000070a600000| Untracked 
|  83|0x000000070a600000, 0x000000070a800000, 0x000000070a800000|100%| O|  |TAMS 0x000000070a600000, 0x000000070a600000| Untracked 
|  84|0x000000070a800000, 0x000000070aa00000, 0x000000070aa00000|100%| O|  |TAMS 0x000000070a800000, 0x000000070a800000| Untracked 
|  85|0x000000070aa00000, 0x000000070aba3800, 0x000000070ac00000| 81%| O|  |TAMS 0x000000070aa00000, 0x000000070aa00000| Untracked 
|  86|0x000000070ac00000, 0x000000070ac00000, 0x000000070ae00000|  0%| F|  |TAMS 0x000000070ac00000, 0x000000070ac00000| Untracked 
|  87|0x000000070ae00000, 0x000000070ae00000, 0x000000070b000000|  0%| F|  |TAMS 0x000000070ae00000, 0x000000070ae00000| Untracked 
|  88|0x000000070b000000, 0x000000070b000000, 0x000000070b200000|  0%| F|  |TAMS 0x000000070b000000, 0x000000070b000000| Untracked 
|  89|0x000000070b200000, 0x000000070b200000, 0x000000070b400000|  0%| F|  |TAMS 0x000000070b200000, 0x000000070b200000| Untracked 
|  90|0x000000070b400000, 0x000000070b400000, 0x000000070b600000|  0%| F|  |TAMS 0x000000070b400000, 0x000000070b400000| Untracked 
|  91|0x000000070b600000, 0x000000070b600000, 0x000000070b800000|  0%| F|  |TAMS 0x000000070b600000, 0x000000070b600000| Untracked 
|  92|0x000000070b800000, 0x000000070ba00000, 0x000000070ba00000|100%| O|  |TAMS 0x000000070ba00000, 0x000000070ba00000| Untracked 
|  93|0x000000070ba00000, 0x000000070bc00000, 0x000000070bc00000|100%| O|  |TAMS 0x000000070bc00000, 0x000000070bc00000| Untracked 
|  94|0x000000070bc00000, 0x000000070be00000, 0x000000070be00000|100%| O|  |TAMS 0x000000070be00000, 0x000000070be00000| Untracked 
|  95|0x000000070be00000, 0x000000070c000000, 0x000000070c000000|100%| O|  |TAMS 0x000000070c000000, 0x000000070c000000| Untracked 
|  96|0x000000070c000000, 0x000000070c200000, 0x000000070c200000|100%| O|  |TAMS 0x000000070c200000, 0x000000070c200000| Untracked 
|  97|0x000000070c200000, 0x000000070c400000, 0x000000070c400000|100%| O|  |TAMS 0x000000070c400000, 0x000000070c400000| Untracked 
|  98|0x000000070c400000, 0x000000070c600000, 0x000000070c600000|100%| O|  |TAMS 0x000000070c600000, 0x000000070c600000| Untracked 
|  99|0x000000070c600000, 0x000000070c800000, 0x000000070c800000|100%| O|  |TAMS 0x000000070c800000, 0x000000070c800000| Untracked 
| 100|0x000000070c800000, 0x000000070ca00000, 0x000000070ca00000|100%| O|  |TAMS 0x000000070ca00000, 0x000000070ca00000| Untracked 
| 101|0x000000070ca00000, 0x000000070cc00000, 0x000000070cc00000|100%| O|  |TAMS 0x000000070cc00000, 0x000000070cc00000| Untracked 
| 102|0x000000070cc00000, 0x000000070ce00000, 0x000000070ce00000|100%| O|  |TAMS 0x000000070ce00000, 0x000000070ce00000| Untracked 
| 103|0x000000070ce00000, 0x000000070d000000, 0x000000070d000000|100%| O|  |TAMS 0x000000070d000000, 0x000000070d000000| Untracked 
| 104|0x000000070d000000, 0x000000070d200000, 0x000000070d200000|100%| O|  |TAMS 0x000000070d200000, 0x000000070d200000| Untracked 
| 105|0x000000070d200000, 0x000000070d400000, 0x000000070d400000|100%| O|  |TAMS 0x000000070d400000, 0x000000070d400000| Untracked 
| 106|0x000000070d400000, 0x000000070d600000, 0x000000070d600000|100%| O|  |TAMS 0x000000070d600000, 0x000000070d600000| Untracked 
| 107|0x000000070d600000, 0x000000070d800000, 0x000000070d800000|100%| O|  |TAMS 0x000000070d800000, 0x000000070d800000| Untracked 
| 108|0x000000070d800000, 0x000000070d800000, 0x000000070da00000|  0%| F|  |TAMS 0x000000070d800000, 0x000000070d800000| Untracked 
| 109|0x000000070da00000, 0x000000070dc00000, 0x000000070dc00000|100%| O|  |TAMS 0x000000070dc00000, 0x000000070dc00000| Untracked 
| 110|0x000000070dc00000, 0x000000070dc00000, 0x000000070de00000|  0%| F|  |TAMS 0x000000070dc00000, 0x000000070dc00000| Untracked 
| 111|0x000000070de00000, 0x000000070e000000, 0x000000070e000000|100%| O|  |TAMS 0x000000070e000000, 0x000000070e000000| Untracked 
| 112|0x000000070e000000, 0x000000070e200000, 0x000000070e200000|100%| O|  |TAMS 0x000000070e200000, 0x000000070e200000| Untracked 
| 113|0x000000070e200000, 0x000000070e400000, 0x000000070e400000|100%| O|  |TAMS 0x000000070e400000, 0x000000070e400000| Untracked 
| 114|0x000000070e400000, 0x000000070e400000, 0x000000070e600000|  0%| F|  |TAMS 0x000000070e400000, 0x000000070e400000| Untracked 
| 115|0x000000070e600000, 0x000000070e600000, 0x000000070e800000|  0%| F|  |TAMS 0x000000070e600000, 0x000000070e600000| Untracked 
| 116|0x000000070e800000, 0x000000070ea00000, 0x000000070ea00000|100%| O|  |TAMS 0x000000070ea00000, 0x000000070ea00000| Untracked 
| 117|0x000000070ea00000, 0x000000070ec00000, 0x000000070ec00000|100%| O|  |TAMS 0x000000070ec00000, 0x000000070ec00000| Untracked 
| 118|0x000000070ec00000, 0x000000070ee00000, 0x000000070ee00000|100%| O|  |TAMS 0x000000070ee00000, 0x000000070ee00000| Untracked 
| 119|0x000000070ee00000, 0x000000070f000000, 0x000000070f000000|100%| O|  |TAMS 0x000000070f000000, 0x000000070f000000| Untracked 
| 120|0x000000070f000000, 0x000000070f200000, 0x000000070f200000|100%| O|  |TAMS 0x000000070f200000, 0x000000070f200000| Untracked 
| 121|0x000000070f200000, 0x000000070f400000, 0x000000070f400000|100%| O|  |TAMS 0x000000070f400000, 0x000000070f400000| Untracked 
| 122|0x000000070f400000, 0x000000070f600000, 0x000000070f600000|100%| O|  |TAMS 0x000000070f600000, 0x000000070f600000| Untracked 
| 123|0x000000070f600000, 0x000000070f800000, 0x000000070f800000|100%| O|  |TAMS 0x000000070f800000, 0x000000070f800000| Untracked 
| 124|0x000000070f800000, 0x000000070fa00000, 0x000000070fa00000|100%| O|  |TAMS 0x000000070fa00000, 0x000000070fa00000| Untracked 
| 125|0x000000070fa00000, 0x000000070fc00000, 0x000000070fc00000|100%| O|  |TAMS 0x000000070fc00000, 0x000000070fc00000| Untracked 
| 126|0x000000070fc00000, 0x000000070fe00000, 0x000000070fe00000|100%| O|  |TAMS 0x000000070fe00000, 0x000000070fe00000| Untracked 
| 127|0x000000070fe00000, 0x0000000710000000, 0x0000000710000000|100%| O|  |TAMS 0x0000000710000000, 0x0000000710000000| Untracked 
| 128|0x0000000710000000, 0x0000000710200000, 0x0000000710200000|100%|HS|  |TAMS 0x0000000710200000, 0x0000000710200000| Complete 
| 129|0x0000000710200000, 0x0000000710400000, 0x0000000710400000|100%| O|  |TAMS 0x0000000710400000, 0x0000000710400000| Untracked 
| 130|0x0000000710400000, 0x0000000710600000, 0x0000000710600000|100%| O|  |TAMS 0x0000000710600000, 0x0000000710600000| Untracked 
| 131|0x0000000710600000, 0x0000000710800000, 0x0000000710800000|100%| O|  |TAMS 0x0000000710800000, 0x0000000710800000| Untracked 
| 132|0x0000000710800000, 0x0000000710a00000, 0x0000000710a00000|100%| O|  |TAMS 0x0000000710a00000, 0x0000000710a00000| Untracked 
| 133|0x0000000710a00000, 0x0000000710a00000, 0x0000000710c00000|  0%| F|  |TAMS 0x0000000710a00000, 0x0000000710a00000| Untracked 
| 134|0x0000000710c00000, 0x0000000710c00000, 0x0000000710e00000|  0%| F|  |TAMS 0x0000000710c00000, 0x0000000710c00000| Untracked 
| 135|0x0000000710e00000, 0x0000000711000000, 0x0000000711000000|100%| O|  |TAMS 0x0000000711000000, 0x0000000711000000| Untracked 
| 136|0x0000000711000000, 0x0000000711200000, 0x0000000711200000|100%|HS|  |TAMS 0x0000000711200000, 0x0000000711200000| Complete 
| 137|0x0000000711200000, 0x0000000711400000, 0x0000000711400000|100%|HC|  |TAMS 0x0000000711400000, 0x0000000711400000| Complete 
| 138|0x0000000711400000, 0x0000000711400000, 0x0000000711600000|  0%| F|  |TAMS 0x0000000711400000, 0x0000000711400000| Untracked 
| 139|0x0000000711600000, 0x0000000711600000, 0x0000000711800000|  0%| F|  |TAMS 0x0000000711600000, 0x0000000711600000| Untracked 
| 140|0x0000000711800000, 0x0000000711a00000, 0x0000000711a00000|100%| O|  |TAMS 0x0000000711a00000, 0x0000000711a00000| Untracked 
| 141|0x0000000711a00000, 0x0000000711a00000, 0x0000000711c00000|  0%| F|  |TAMS 0x0000000711a00000, 0x0000000711a00000| Untracked 
| 142|0x0000000711c00000, 0x0000000711c00000, 0x0000000711e00000|  0%| F|  |TAMS 0x0000000711c00000, 0x0000000711c00000| Untracked 
| 143|0x0000000711e00000, 0x0000000711e00000, 0x0000000712000000|  0%| F|  |TAMS 0x0000000711e00000, 0x0000000711e00000| Untracked 
| 144|0x0000000712000000, 0x0000000712200000, 0x0000000712200000|100%| O|  |TAMS 0x0000000712200000, 0x0000000712200000| Untracked 
| 145|0x0000000712200000, 0x0000000712400000, 0x0000000712400000|100%| O|  |TAMS 0x0000000712400000, 0x0000000712400000| Untracked 
| 146|0x0000000712400000, 0x0000000712600000, 0x0000000712600000|100%| O|  |TAMS 0x00000007124fc400, 0x0000000712600000| Untracked 
| 147|0x0000000712600000, 0x0000000712800000, 0x0000000712800000|100%| O|  |TAMS 0x0000000712600000, 0x0000000712800000| Untracked 
| 148|0x0000000712800000, 0x0000000712a00000, 0x0000000712a00000|100%| O|  |TAMS 0x0000000712800000, 0x0000000712a00000| Untracked 
| 149|0x0000000712a00000, 0x0000000712c00000, 0x0000000712c00000|100%| O|  |TAMS 0x0000000712a00000, 0x0000000712c00000| Untracked 
| 150|0x0000000712c00000, 0x0000000712e00000, 0x0000000712e00000|100%| O|  |TAMS 0x0000000712c00000, 0x0000000712e00000| Untracked 
| 151|0x0000000712e00000, 0x0000000713000000, 0x0000000713000000|100%| O|  |TAMS 0x0000000712e00000, 0x0000000713000000| Untracked 
| 152|0x0000000713000000, 0x0000000713200000, 0x0000000713200000|100%| O|  |TAMS 0x0000000713000000, 0x0000000713200000| Untracked 
| 153|0x0000000713200000, 0x0000000713400000, 0x0000000713400000|100%| O|  |TAMS 0x0000000713200000, 0x0000000713400000| Untracked 
| 154|0x0000000713400000, 0x0000000713600000, 0x0000000713600000|100%| O|  |TAMS 0x0000000713400000, 0x0000000713600000| Untracked 
| 155|0x0000000713600000, 0x0000000713800000, 0x0000000713800000|100%| O|  |TAMS 0x0000000713600000, 0x0000000713800000| Untracked 
| 156|0x0000000713800000, 0x0000000713a00000, 0x0000000713a00000|100%| O|  |TAMS 0x0000000713800000, 0x0000000713a00000| Untracked 
| 157|0x0000000713a00000, 0x0000000713c00000, 0x0000000713c00000|100%| O|  |TAMS 0x0000000713a00000, 0x0000000713c00000| Untracked 
| 158|0x0000000713c00000, 0x0000000713e00000, 0x0000000713e00000|100%| O|  |TAMS 0x0000000713c00000, 0x0000000713e00000| Untracked 
| 159|0x0000000713e00000, 0x0000000714000000, 0x0000000714000000|100%| O|  |TAMS 0x0000000713e00000, 0x0000000713f01a00| Untracked 
| 160|0x0000000714000000, 0x0000000714000000, 0x0000000714200000|  0%| F|  |TAMS 0x0000000714000000, 0x0000000714000000| Untracked 
| 161|0x0000000714200000, 0x0000000714200000, 0x0000000714400000|  0%| F|  |TAMS 0x0000000714200000, 0x0000000714200000| Untracked 
| 162|0x0000000714400000, 0x0000000714400000, 0x0000000714600000|  0%| F|  |TAMS 0x0000000714400000, 0x0000000714400000| Untracked 
| 163|0x0000000714600000, 0x0000000714600000, 0x0000000714800000|  0%| F|  |TAMS 0x0000000714600000, 0x0000000714600000| Untracked 
| 164|0x0000000714800000, 0x0000000714800000, 0x0000000714a00000|  0%| F|  |TAMS 0x0000000714800000, 0x0000000714800000| Untracked 
| 165|0x0000000714a00000, 0x0000000714a00000, 0x0000000714c00000|  0%| F|  |TAMS 0x0000000714a00000, 0x0000000714a00000| Untracked 
| 166|0x0000000714c00000, 0x0000000714c00000, 0x0000000714e00000|  0%| F|  |TAMS 0x0000000714c00000, 0x0000000714c00000| Untracked 
| 167|0x0000000714e00000, 0x0000000714e00000, 0x0000000715000000|  0%| F|  |TAMS 0x0000000714e00000, 0x0000000714e00000| Untracked 
| 168|0x0000000715000000, 0x0000000715000000, 0x0000000715200000|  0%| F|  |TAMS 0x0000000715000000, 0x0000000715000000| Untracked 
| 169|0x0000000715200000, 0x0000000715200000, 0x0000000715400000|  0%| F|  |TAMS 0x0000000715200000, 0x0000000715200000| Untracked 
| 170|0x0000000715400000, 0x0000000715400000, 0x0000000715600000|  0%| F|  |TAMS 0x0000000715400000, 0x0000000715400000| Untracked 
| 171|0x0000000715600000, 0x0000000715600000, 0x0000000715800000|  0%| F|  |TAMS 0x0000000715600000, 0x0000000715600000| Untracked 
| 172|0x0000000715800000, 0x0000000715800000, 0x0000000715a00000|  0%| F|  |TAMS 0x0000000715800000, 0x0000000715800000| Untracked 
| 173|0x0000000715a00000, 0x0000000715a00000, 0x0000000715c00000|  0%| F|  |TAMS 0x0000000715a00000, 0x0000000715a00000| Untracked 
| 174|0x0000000715c00000, 0x0000000715c00000, 0x0000000715e00000|  0%| F|  |TAMS 0x0000000715c00000, 0x0000000715c00000| Untracked 
| 175|0x0000000715e00000, 0x0000000715e00000, 0x0000000716000000|  0%| F|  |TAMS 0x0000000715e00000, 0x0000000715e00000| Untracked 
| 176|0x0000000716000000, 0x0000000716000000, 0x0000000716200000|  0%| F|  |TAMS 0x0000000716000000, 0x0000000716000000| Untracked 
| 177|0x0000000716200000, 0x0000000716200000, 0x0000000716400000|  0%| F|  |TAMS 0x0000000716200000, 0x0000000716200000| Untracked 
| 178|0x0000000716400000, 0x0000000716400000, 0x0000000716600000|  0%| F|  |TAMS 0x0000000716400000, 0x0000000716400000| Untracked 
| 179|0x0000000716600000, 0x0000000716600000, 0x0000000716800000|  0%| F|  |TAMS 0x0000000716600000, 0x0000000716600000| Untracked 
| 180|0x0000000716800000, 0x0000000716800000, 0x0000000716a00000|  0%| F|  |TAMS 0x0000000716800000, 0x0000000716800000| Untracked 
| 181|0x0000000716a00000, 0x0000000716a00000, 0x0000000716c00000|  0%| F|  |TAMS 0x0000000716a00000, 0x0000000716a00000| Untracked 
| 182|0x0000000716c00000, 0x0000000716c00000, 0x0000000716e00000|  0%| F|  |TAMS 0x0000000716c00000, 0x0000000716c00000| Untracked 
| 183|0x0000000716e00000, 0x0000000716e00000, 0x0000000717000000|  0%| F|  |TAMS 0x0000000716e00000, 0x0000000716e00000| Untracked 
| 184|0x0000000717000000, 0x0000000717000000, 0x0000000717200000|  0%| F|  |TAMS 0x0000000717000000, 0x0000000717000000| Untracked 
| 185|0x0000000717200000, 0x0000000717200000, 0x0000000717400000|  0%| F|  |TAMS 0x0000000717200000, 0x0000000717200000| Untracked 
| 186|0x0000000717400000, 0x0000000717400000, 0x0000000717600000|  0%| F|  |TAMS 0x0000000717400000, 0x0000000717400000| Untracked 
| 187|0x0000000717600000, 0x0000000717600000, 0x0000000717800000|  0%| F|  |TAMS 0x0000000717600000, 0x0000000717600000| Untracked 
| 188|0x0000000717800000, 0x0000000717800000, 0x0000000717a00000|  0%| F|  |TAMS 0x0000000717800000, 0x0000000717800000| Untracked 
| 189|0x0000000717a00000, 0x0000000717a00000, 0x0000000717c00000|  0%| F|  |TAMS 0x0000000717a00000, 0x0000000717a00000| Untracked 
| 190|0x0000000717c00000, 0x0000000717c00000, 0x0000000717e00000|  0%| F|  |TAMS 0x0000000717c00000, 0x0000000717c00000| Untracked 
| 191|0x0000000717e00000, 0x0000000717e00000, 0x0000000718000000|  0%| F|  |TAMS 0x0000000717e00000, 0x0000000717e00000| Untracked 
| 192|0x0000000718000000, 0x0000000718000000, 0x0000000718200000|  0%| F|  |TAMS 0x0000000718000000, 0x0000000718000000| Untracked 
| 193|0x0000000718200000, 0x0000000718200000, 0x0000000718400000|  0%| F|  |TAMS 0x0000000718200000, 0x0000000718200000| Untracked 
| 194|0x0000000718400000, 0x0000000718400000, 0x0000000718600000|  0%| F|  |TAMS 0x0000000718400000, 0x0000000718400000| Untracked 
| 195|0x0000000718600000, 0x0000000718600000, 0x0000000718800000|  0%| F|  |TAMS 0x0000000718600000, 0x0000000718600000| Untracked 
| 196|0x0000000718800000, 0x0000000718800000, 0x0000000718a00000|  0%| F|  |TAMS 0x0000000718800000, 0x0000000718800000| Untracked 
| 197|0x0000000718a00000, 0x0000000718a00000, 0x0000000718c00000|  0%| F|  |TAMS 0x0000000718a00000, 0x0000000718a00000| Untracked 
| 198|0x0000000718c00000, 0x0000000718c00000, 0x0000000718e00000|  0%| F|  |TAMS 0x0000000718c00000, 0x0000000718c00000| Untracked 
| 199|0x0000000718e00000, 0x0000000718e00000, 0x0000000719000000|  0%| F|  |TAMS 0x0000000718e00000, 0x0000000718e00000| Untracked 
| 200|0x0000000719000000, 0x0000000719000000, 0x0000000719200000|  0%| F|  |TAMS 0x0000000719000000, 0x0000000719000000| Untracked 
| 201|0x0000000719200000, 0x0000000719200000, 0x0000000719400000|  0%| F|  |TAMS 0x0000000719200000, 0x0000000719200000| Untracked 
| 202|0x0000000719400000, 0x0000000719400000, 0x0000000719600000|  0%| F|  |TAMS 0x0000000719400000, 0x0000000719400000| Untracked 
| 203|0x0000000719600000, 0x0000000719600000, 0x0000000719800000|  0%| F|  |TAMS 0x0000000719600000, 0x0000000719600000| Untracked 
| 204|0x0000000719800000, 0x0000000719800000, 0x0000000719a00000|  0%| F|  |TAMS 0x0000000719800000, 0x0000000719800000| Untracked 
| 205|0x0000000719a00000, 0x0000000719a00000, 0x0000000719c00000|  0%| F|  |TAMS 0x0000000719a00000, 0x0000000719a00000| Untracked 
| 206|0x0000000719c00000, 0x0000000719c00000, 0x0000000719e00000|  0%| F|  |TAMS 0x0000000719c00000, 0x0000000719c00000| Untracked 
| 207|0x0000000719e00000, 0x0000000719e00000, 0x000000071a000000|  0%| F|  |TAMS 0x0000000719e00000, 0x0000000719e00000| Untracked 
| 208|0x000000071a000000, 0x000000071a000000, 0x000000071a200000|  0%| F|  |TAMS 0x000000071a000000, 0x000000071a000000| Untracked 
| 209|0x000000071a200000, 0x000000071a200000, 0x000000071a400000|  0%| F|  |TAMS 0x000000071a200000, 0x000000071a200000| Untracked 
| 210|0x000000071a400000, 0x000000071a400000, 0x000000071a600000|  0%| F|  |TAMS 0x000000071a400000, 0x000000071a400000| Untracked 
| 211|0x000000071a600000, 0x000000071a600000, 0x000000071a800000|  0%| F|  |TAMS 0x000000071a600000, 0x000000071a600000| Untracked 
| 212|0x000000071a800000, 0x000000071a800000, 0x000000071aa00000|  0%| F|  |TAMS 0x000000071a800000, 0x000000071a800000| Untracked 
| 213|0x000000071aa00000, 0x000000071aa00000, 0x000000071ac00000|  0%| F|  |TAMS 0x000000071aa00000, 0x000000071aa00000| Untracked 
| 214|0x000000071ac00000, 0x000000071ac00000, 0x000000071ae00000|  0%| F|  |TAMS 0x000000071ac00000, 0x000000071ac00000| Untracked 
| 215|0x000000071ae00000, 0x000000071ae00000, 0x000000071b000000|  0%| F|  |TAMS 0x000000071ae00000, 0x000000071ae00000| Untracked 
| 216|0x000000071b000000, 0x000000071b000000, 0x000000071b200000|  0%| F|  |TAMS 0x000000071b000000, 0x000000071b000000| Untracked 
| 217|0x000000071b200000, 0x000000071b200000, 0x000000071b400000|  0%| F|  |TAMS 0x000000071b200000, 0x000000071b200000| Untracked 
| 218|0x000000071b400000, 0x000000071b400000, 0x000000071b600000|  0%| F|  |TAMS 0x000000071b400000, 0x000000071b400000| Untracked 
| 219|0x000000071b600000, 0x000000071b600000, 0x000000071b800000|  0%| F|  |TAMS 0x000000071b600000, 0x000000071b600000| Untracked 
| 220|0x000000071b800000, 0x000000071b800000, 0x000000071ba00000|  0%| F|  |TAMS 0x000000071b800000, 0x000000071b800000| Untracked 
| 221|0x000000071ba00000, 0x000000071ba00000, 0x000000071bc00000|  0%| F|  |TAMS 0x000000071ba00000, 0x000000071ba00000| Untracked 
| 222|0x000000071bc00000, 0x000000071bc00000, 0x000000071be00000|  0%| F|  |TAMS 0x000000071bc00000, 0x000000071bc00000| Untracked 
| 223|0x000000071be00000, 0x000000071be00000, 0x000000071c000000|  0%| F|  |TAMS 0x000000071be00000, 0x000000071be00000| Untracked 
| 224|0x000000071c000000, 0x000000071c000000, 0x000000071c200000|  0%| F|  |TAMS 0x000000071c000000, 0x000000071c000000| Untracked 
| 225|0x000000071c200000, 0x000000071c200000, 0x000000071c400000|  0%| F|  |TAMS 0x000000071c200000, 0x000000071c200000| Untracked 
| 226|0x000000071c400000, 0x000000071c400000, 0x000000071c600000|  0%| F|  |TAMS 0x000000071c400000, 0x000000071c400000| Untracked 
| 227|0x000000071c600000, 0x000000071c600000, 0x000000071c800000|  0%| F|  |TAMS 0x000000071c600000, 0x000000071c600000| Untracked 
| 228|0x000000071c800000, 0x000000071c800000, 0x000000071ca00000|  0%| F|  |TAMS 0x000000071c800000, 0x000000071c800000| Untracked 
| 229|0x000000071ca00000, 0x000000071ca00000, 0x000000071cc00000|  0%| F|  |TAMS 0x000000071ca00000, 0x000000071ca00000| Untracked 
| 230|0x000000071cc00000, 0x000000071cc00000, 0x000000071ce00000|  0%| F|  |TAMS 0x000000071cc00000, 0x000000071cc00000| Untracked 
| 231|0x000000071ce00000, 0x000000071ce00000, 0x000000071d000000|  0%| F|  |TAMS 0x000000071ce00000, 0x000000071ce00000| Untracked 
| 232|0x000000071d000000, 0x000000071d000000, 0x000000071d200000|  0%| F|  |TAMS 0x000000071d000000, 0x000000071d000000| Untracked 
| 233|0x000000071d200000, 0x000000071d200000, 0x000000071d400000|  0%| F|  |TAMS 0x000000071d200000, 0x000000071d200000| Untracked 
| 234|0x000000071d400000, 0x000000071d400000, 0x000000071d600000|  0%| F|  |TAMS 0x000000071d400000, 0x000000071d400000| Untracked 
| 235|0x000000071d600000, 0x000000071d600000, 0x000000071d800000|  0%| F|  |TAMS 0x000000071d600000, 0x000000071d600000| Untracked 
| 236|0x000000071d800000, 0x000000071d800000, 0x000000071da00000|  0%| F|  |TAMS 0x000000071d800000, 0x000000071d800000| Untracked 
| 237|0x000000071da00000, 0x000000071da00000, 0x000000071dc00000|  0%| F|  |TAMS 0x000000071da00000, 0x000000071da00000| Untracked 
| 238|0x000000071dc00000, 0x000000071dc00000, 0x000000071de00000|  0%| F|  |TAMS 0x000000071dc00000, 0x000000071dc00000| Untracked 
| 239|0x000000071de00000, 0x000000071de00000, 0x000000071e000000|  0%| F|  |TAMS 0x000000071de00000, 0x000000071de00000| Untracked 
| 240|0x000000071e000000, 0x000000071e000000, 0x000000071e200000|  0%| F|  |TAMS 0x000000071e000000, 0x000000071e000000| Untracked 
| 241|0x000000071e200000, 0x000000071e200000, 0x000000071e400000|  0%| F|  |TAMS 0x000000071e200000, 0x000000071e200000| Untracked 
| 242|0x000000071e400000, 0x000000071e400000, 0x000000071e600000|  0%| F|  |TAMS 0x000000071e400000, 0x000000071e400000| Untracked 
| 243|0x000000071e600000, 0x000000071e600000, 0x000000071e800000|  0%| F|  |TAMS 0x000000071e600000, 0x000000071e600000| Untracked 
| 244|0x000000071e800000, 0x000000071e800000, 0x000000071ea00000|  0%| F|  |TAMS 0x000000071e800000, 0x000000071e800000| Untracked 
| 245|0x000000071ea00000, 0x000000071ea00000, 0x000000071ec00000|  0%| F|  |TAMS 0x000000071ea00000, 0x000000071ea00000| Untracked 
| 246|0x000000071ec00000, 0x000000071ec00000, 0x000000071ee00000|  0%| F|  |TAMS 0x000000071ec00000, 0x000000071ec00000| Untracked 
| 247|0x000000071ee00000, 0x000000071ee00000, 0x000000071f000000|  0%| F|  |TAMS 0x000000071ee00000, 0x000000071ee00000| Untracked 
| 248|0x000000071f000000, 0x000000071f000000, 0x000000071f200000|  0%| F|  |TAMS 0x000000071f000000, 0x000000071f000000| Untracked 
| 249|0x000000071f200000, 0x000000071f200000, 0x000000071f400000|  0%| F|  |TAMS 0x000000071f200000, 0x000000071f200000| Untracked 
| 250|0x000000071f400000, 0x000000071f400000, 0x000000071f600000|  0%| F|  |TAMS 0x000000071f400000, 0x000000071f400000| Untracked 
| 251|0x000000071f600000, 0x000000071f600000, 0x000000071f800000|  0%| F|  |TAMS 0x000000071f600000, 0x000000071f600000| Untracked 
| 252|0x000000071f800000, 0x000000071f800000, 0x000000071fa00000|  0%| F|  |TAMS 0x000000071f800000, 0x000000071f800000| Untracked 
| 253|0x000000071fa00000, 0x000000071fa00000, 0x000000071fc00000|  0%| F|  |TAMS 0x000000071fa00000, 0x000000071fa00000| Untracked 
| 254|0x000000071fc00000, 0x000000071fc00000, 0x000000071fe00000|  0%| F|  |TAMS 0x000000071fc00000, 0x000000071fc00000| Untracked 
| 255|0x000000071fe00000, 0x000000071fe00000, 0x0000000720000000|  0%| F|  |TAMS 0x000000071fe00000, 0x000000071fe00000| Untracked 
| 256|0x0000000720000000, 0x0000000720000000, 0x0000000720200000|  0%| F|  |TAMS 0x0000000720000000, 0x0000000720000000| Untracked 
| 257|0x0000000720200000, 0x0000000720200000, 0x0000000720400000|  0%| F|  |TAMS 0x0000000720200000, 0x0000000720200000| Untracked 
| 258|0x0000000720400000, 0x0000000720400000, 0x0000000720600000|  0%| F|  |TAMS 0x0000000720400000, 0x0000000720400000| Untracked 
| 259|0x0000000720600000, 0x0000000720600000, 0x0000000720800000|  0%| F|  |TAMS 0x0000000720600000, 0x0000000720600000| Untracked 
| 260|0x0000000720800000, 0x0000000720800000, 0x0000000720a00000|  0%| F|  |TAMS 0x0000000720800000, 0x0000000720800000| Untracked 
| 261|0x0000000720a00000, 0x0000000720a00000, 0x0000000720c00000|  0%| F|  |TAMS 0x0000000720a00000, 0x0000000720a00000| Untracked 
| 262|0x0000000720c00000, 0x0000000720c00000, 0x0000000720e00000|  0%| F|  |TAMS 0x0000000720c00000, 0x0000000720c00000| Untracked 
| 263|0x0000000720e00000, 0x0000000720e00000, 0x0000000721000000|  0%| F|  |TAMS 0x0000000720e00000, 0x0000000720e00000| Untracked 
| 264|0x0000000721000000, 0x0000000721000000, 0x0000000721200000|  0%| F|  |TAMS 0x0000000721000000, 0x0000000721000000| Untracked 
| 265|0x0000000721200000, 0x0000000721200000, 0x0000000721400000|  0%| F|  |TAMS 0x0000000721200000, 0x0000000721200000| Untracked 
| 266|0x0000000721400000, 0x0000000721400000, 0x0000000721600000|  0%| F|  |TAMS 0x0000000721400000, 0x0000000721400000| Untracked 
| 267|0x0000000721600000, 0x0000000721600000, 0x0000000721800000|  0%| F|  |TAMS 0x0000000721600000, 0x0000000721600000| Untracked 
| 268|0x0000000721800000, 0x0000000721800000, 0x0000000721a00000|  0%| F|  |TAMS 0x0000000721800000, 0x0000000721800000| Untracked 
| 269|0x0000000721a00000, 0x0000000721a00000, 0x0000000721c00000|  0%| F|  |TAMS 0x0000000721a00000, 0x0000000721a00000| Untracked 
| 270|0x0000000721c00000, 0x0000000721c00000, 0x0000000721e00000|  0%| F|  |TAMS 0x0000000721c00000, 0x0000000721c00000| Untracked 
| 271|0x0000000721e00000, 0x0000000721e00000, 0x0000000722000000|  0%| F|  |TAMS 0x0000000721e00000, 0x0000000721e00000| Untracked 
| 272|0x0000000722000000, 0x0000000722000000, 0x0000000722200000|  0%| F|  |TAMS 0x0000000722000000, 0x0000000722000000| Untracked 
| 273|0x0000000722200000, 0x0000000722200000, 0x0000000722400000|  0%| F|  |TAMS 0x0000000722200000, 0x0000000722200000| Untracked 
| 274|0x0000000722400000, 0x0000000722400000, 0x0000000722600000|  0%| F|  |TAMS 0x0000000722400000, 0x0000000722400000| Untracked 
| 275|0x0000000722600000, 0x0000000722600000, 0x0000000722800000|  0%| F|  |TAMS 0x0000000722600000, 0x0000000722600000| Untracked 
| 276|0x0000000722800000, 0x0000000722800000, 0x0000000722a00000|  0%| F|  |TAMS 0x0000000722800000, 0x0000000722800000| Untracked 
| 277|0x0000000722a00000, 0x0000000722a00000, 0x0000000722c00000|  0%| F|  |TAMS 0x0000000722a00000, 0x0000000722a00000| Untracked 
| 278|0x0000000722c00000, 0x0000000722c00000, 0x0000000722e00000|  0%| F|  |TAMS 0x0000000722c00000, 0x0000000722c00000| Untracked 
| 279|0x0000000722e00000, 0x0000000722e00000, 0x0000000723000000|  0%| F|  |TAMS 0x0000000722e00000, 0x0000000722e00000| Untracked 
| 280|0x0000000723000000, 0x0000000723000000, 0x0000000723200000|  0%| F|  |TAMS 0x0000000723000000, 0x0000000723000000| Untracked 
| 281|0x0000000723200000, 0x0000000723200000, 0x0000000723400000|  0%| F|  |TAMS 0x0000000723200000, 0x0000000723200000| Untracked 
| 282|0x0000000723400000, 0x0000000723400000, 0x0000000723600000|  0%| F|  |TAMS 0x0000000723400000, 0x0000000723400000| Untracked 
| 283|0x0000000723600000, 0x0000000723600000, 0x0000000723800000|  0%| F|  |TAMS 0x0000000723600000, 0x0000000723600000| Untracked 
| 284|0x0000000723800000, 0x0000000723800000, 0x0000000723a00000|  0%| F|  |TAMS 0x0000000723800000, 0x0000000723800000| Untracked 
| 285|0x0000000723a00000, 0x0000000723a00000, 0x0000000723c00000|  0%| F|  |TAMS 0x0000000723a00000, 0x0000000723a00000| Untracked 
| 286|0x0000000723c00000, 0x0000000723c00000, 0x0000000723e00000|  0%| F|  |TAMS 0x0000000723c00000, 0x0000000723c00000| Untracked 
| 287|0x0000000723e00000, 0x0000000723e00000, 0x0000000724000000|  0%| F|  |TAMS 0x0000000723e00000, 0x0000000723e00000| Untracked 
| 288|0x0000000724000000, 0x0000000724000000, 0x0000000724200000|  0%| F|  |TAMS 0x0000000724000000, 0x0000000724000000| Untracked 
| 289|0x0000000724200000, 0x0000000724200000, 0x0000000724400000|  0%| F|  |TAMS 0x0000000724200000, 0x0000000724200000| Untracked 
| 290|0x0000000724400000, 0x0000000724400000, 0x0000000724600000|  0%| F|  |TAMS 0x0000000724400000, 0x0000000724400000| Untracked 
| 291|0x0000000724600000, 0x0000000724600000, 0x0000000724800000|  0%| F|  |TAMS 0x0000000724600000, 0x0000000724600000| Untracked 
| 292|0x0000000724800000, 0x0000000724800000, 0x0000000724a00000|  0%| F|  |TAMS 0x0000000724800000, 0x0000000724800000| Untracked 
| 293|0x0000000724a00000, 0x0000000724a00000, 0x0000000724c00000|  0%| F|  |TAMS 0x0000000724a00000, 0x0000000724a00000| Untracked 
| 294|0x0000000724c00000, 0x0000000724c00000, 0x0000000724e00000|  0%| F|  |TAMS 0x0000000724c00000, 0x0000000724c00000| Untracked 
| 295|0x0000000724e00000, 0x0000000724e00000, 0x0000000725000000|  0%| F|  |TAMS 0x0000000724e00000, 0x0000000724e00000| Untracked 
| 296|0x0000000725000000, 0x0000000725000000, 0x0000000725200000|  0%| F|  |TAMS 0x0000000725000000, 0x0000000725000000| Untracked 
| 297|0x0000000725200000, 0x0000000725200000, 0x0000000725400000|  0%| F|  |TAMS 0x0000000725200000, 0x0000000725200000| Untracked 
| 298|0x0000000725400000, 0x0000000725400000, 0x0000000725600000|  0%| F|  |TAMS 0x0000000725400000, 0x0000000725400000| Untracked 
| 299|0x0000000725600000, 0x0000000725600000, 0x0000000725800000|  0%| F|  |TAMS 0x0000000725600000, 0x0000000725600000| Untracked 
| 300|0x0000000725800000, 0x0000000725800000, 0x0000000725a00000|  0%| F|  |TAMS 0x0000000725800000, 0x0000000725800000| Untracked 
| 301|0x0000000725a00000, 0x0000000725a00000, 0x0000000725c00000|  0%| F|  |TAMS 0x0000000725a00000, 0x0000000725a00000| Untracked 
| 302|0x0000000725c00000, 0x0000000725c00000, 0x0000000725e00000|  0%| F|  |TAMS 0x0000000725c00000, 0x0000000725c00000| Untracked 
| 303|0x0000000725e00000, 0x0000000725e00000, 0x0000000726000000|  0%| F|  |TAMS 0x0000000725e00000, 0x0000000725e00000| Untracked 
| 304|0x0000000726000000, 0x0000000726000000, 0x0000000726200000|  0%| F|  |TAMS 0x0000000726000000, 0x0000000726000000| Untracked 
| 305|0x0000000726200000, 0x0000000726200000, 0x0000000726400000|  0%| F|  |TAMS 0x0000000726200000, 0x0000000726200000| Untracked 
| 306|0x0000000726400000, 0x0000000726400000, 0x0000000726600000|  0%| F|  |TAMS 0x0000000726400000, 0x0000000726400000| Untracked 
| 307|0x0000000726600000, 0x0000000726600000, 0x0000000726800000|  0%| F|  |TAMS 0x0000000726600000, 0x0000000726600000| Untracked 
| 308|0x0000000726800000, 0x0000000726800000, 0x0000000726a00000|  0%| F|  |TAMS 0x0000000726800000, 0x0000000726800000| Untracked 
| 309|0x0000000726a00000, 0x0000000726a00000, 0x0000000726c00000|  0%| F|  |TAMS 0x0000000726a00000, 0x0000000726a00000| Untracked 
| 310|0x0000000726c00000, 0x0000000726c00000, 0x0000000726e00000|  0%| F|  |TAMS 0x0000000726c00000, 0x0000000726c00000| Untracked 
| 311|0x0000000726e00000, 0x0000000726e00000, 0x0000000727000000|  0%| F|  |TAMS 0x0000000726e00000, 0x0000000726e00000| Untracked 
| 312|0x0000000727000000, 0x0000000727000000, 0x0000000727200000|  0%| F|  |TAMS 0x0000000727000000, 0x0000000727000000| Untracked 
| 313|0x0000000727200000, 0x0000000727200000, 0x0000000727400000|  0%| F|  |TAMS 0x0000000727200000, 0x0000000727200000| Untracked 
| 314|0x0000000727400000, 0x0000000727400000, 0x0000000727600000|  0%| F|  |TAMS 0x0000000727400000, 0x0000000727400000| Untracked 
| 315|0x0000000727600000, 0x0000000727600000, 0x0000000727800000|  0%| F|  |TAMS 0x0000000727600000, 0x0000000727600000| Untracked 
| 316|0x0000000727800000, 0x0000000727800000, 0x0000000727a00000|  0%| F|  |TAMS 0x0000000727800000, 0x0000000727800000| Untracked 
| 317|0x0000000727a00000, 0x0000000727a00000, 0x0000000727c00000|  0%| F|  |TAMS 0x0000000727a00000, 0x0000000727a00000| Untracked 
| 318|0x0000000727c00000, 0x0000000727c00000, 0x0000000727e00000|  0%| F|  |TAMS 0x0000000727c00000, 0x0000000727c00000| Untracked 
| 319|0x0000000727e00000, 0x0000000727e00000, 0x0000000728000000|  0%| F|  |TAMS 0x0000000727e00000, 0x0000000727e00000| Untracked 
| 320|0x0000000728000000, 0x0000000728000000, 0x0000000728200000|  0%| F|  |TAMS 0x0000000728000000, 0x0000000728000000| Untracked 
| 321|0x0000000728200000, 0x0000000728200000, 0x0000000728400000|  0%| F|  |TAMS 0x0000000728200000, 0x0000000728200000| Untracked 
| 322|0x0000000728400000, 0x0000000728400000, 0x0000000728600000|  0%| F|  |TAMS 0x0000000728400000, 0x0000000728400000| Untracked 
| 323|0x0000000728600000, 0x0000000728600000, 0x0000000728800000|  0%| F|  |TAMS 0x0000000728600000, 0x0000000728600000| Untracked 
| 324|0x0000000728800000, 0x0000000728800000, 0x0000000728a00000|  0%| F|  |TAMS 0x0000000728800000, 0x0000000728800000| Untracked 
| 325|0x0000000728a00000, 0x0000000728a00000, 0x0000000728c00000|  0%| F|  |TAMS 0x0000000728a00000, 0x0000000728a00000| Untracked 
| 326|0x0000000728c00000, 0x0000000728c00000, 0x0000000728e00000|  0%| F|  |TAMS 0x0000000728c00000, 0x0000000728c00000| Untracked 
| 327|0x0000000728e00000, 0x0000000728e00000, 0x0000000729000000|  0%| F|  |TAMS 0x0000000728e00000, 0x0000000728e00000| Untracked 
| 328|0x0000000729000000, 0x0000000729000000, 0x0000000729200000|  0%| F|  |TAMS 0x0000000729000000, 0x0000000729000000| Untracked 
| 329|0x0000000729200000, 0x0000000729200000, 0x0000000729400000|  0%| F|  |TAMS 0x0000000729200000, 0x0000000729200000| Untracked 
| 330|0x0000000729400000, 0x0000000729400000, 0x0000000729600000|  0%| F|  |TAMS 0x0000000729400000, 0x0000000729400000| Untracked 
| 331|0x0000000729600000, 0x0000000729600000, 0x0000000729800000|  0%| F|  |TAMS 0x0000000729600000, 0x0000000729600000| Untracked 
| 332|0x0000000729800000, 0x0000000729800000, 0x0000000729a00000|  0%| F|  |TAMS 0x0000000729800000, 0x0000000729800000| Untracked 
| 333|0x0000000729a00000, 0x0000000729a00000, 0x0000000729c00000|  0%| F|  |TAMS 0x0000000729a00000, 0x0000000729a00000| Untracked 
| 334|0x0000000729c00000, 0x0000000729c00000, 0x0000000729e00000|  0%| F|  |TAMS 0x0000000729c00000, 0x0000000729c00000| Untracked 
| 335|0x0000000729e00000, 0x0000000729e00000, 0x000000072a000000|  0%| F|  |TAMS 0x0000000729e00000, 0x0000000729e00000| Untracked 
| 336|0x000000072a000000, 0x000000072a000000, 0x000000072a200000|  0%| F|  |TAMS 0x000000072a000000, 0x000000072a000000| Untracked 
| 337|0x000000072a200000, 0x000000072a200000, 0x000000072a400000|  0%| F|  |TAMS 0x000000072a200000, 0x000000072a200000| Untracked 
| 338|0x000000072a400000, 0x000000072a400000, 0x000000072a600000|  0%| F|  |TAMS 0x000000072a400000, 0x000000072a400000| Untracked 
| 339|0x000000072a600000, 0x000000072a600000, 0x000000072a800000|  0%| F|  |TAMS 0x000000072a600000, 0x000000072a600000| Untracked 
| 340|0x000000072a800000, 0x000000072a800000, 0x000000072aa00000|  0%| F|  |TAMS 0x000000072a800000, 0x000000072a800000| Untracked 
| 341|0x000000072aa00000, 0x000000072aa00000, 0x000000072ac00000|  0%| F|  |TAMS 0x000000072aa00000, 0x000000072aa00000| Untracked 
| 342|0x000000072ac00000, 0x000000072ac00000, 0x000000072ae00000|  0%| F|  |TAMS 0x000000072ac00000, 0x000000072ac00000| Untracked 
| 343|0x000000072ae00000, 0x000000072ae00000, 0x000000072b000000|  0%| F|  |TAMS 0x000000072ae00000, 0x000000072ae00000| Untracked 
| 344|0x000000072b000000, 0x000000072b000000, 0x000000072b200000|  0%| F|  |TAMS 0x000000072b000000, 0x000000072b000000| Untracked 
| 345|0x000000072b200000, 0x000000072b200000, 0x000000072b400000|  0%| F|  |TAMS 0x000000072b200000, 0x000000072b200000| Untracked 
| 346|0x000000072b400000, 0x000000072b400000, 0x000000072b600000|  0%| F|  |TAMS 0x000000072b400000, 0x000000072b400000| Untracked 
| 347|0x000000072b600000, 0x000000072b600000, 0x000000072b800000|  0%| F|  |TAMS 0x000000072b600000, 0x000000072b600000| Untracked 
| 348|0x000000072b800000, 0x000000072b800000, 0x000000072ba00000|  0%| F|  |TAMS 0x000000072b800000, 0x000000072b800000| Untracked 
| 349|0x000000072ba00000, 0x000000072ba00000, 0x000000072bc00000|  0%| F|  |TAMS 0x000000072ba00000, 0x000000072ba00000| Untracked 
| 350|0x000000072bc00000, 0x000000072bc00000, 0x000000072be00000|  0%| F|  |TAMS 0x000000072bc00000, 0x000000072bc00000| Untracked 
| 351|0x000000072be00000, 0x000000072be00000, 0x000000072c000000|  0%| F|  |TAMS 0x000000072be00000, 0x000000072be00000| Untracked 
| 352|0x000000072c000000, 0x000000072c000000, 0x000000072c200000|  0%| F|  |TAMS 0x000000072c000000, 0x000000072c000000| Untracked 
| 353|0x000000072c200000, 0x000000072c200000, 0x000000072c400000|  0%| F|  |TAMS 0x000000072c200000, 0x000000072c200000| Untracked 
| 354|0x000000072c400000, 0x000000072c400000, 0x000000072c600000|  0%| F|  |TAMS 0x000000072c400000, 0x000000072c400000| Untracked 
| 355|0x000000072c600000, 0x000000072c600000, 0x000000072c800000|  0%| F|  |TAMS 0x000000072c600000, 0x000000072c600000| Untracked 
| 356|0x000000072c800000, 0x000000072c800000, 0x000000072ca00000|  0%| F|  |TAMS 0x000000072c800000, 0x000000072c800000| Untracked 
| 357|0x000000072ca00000, 0x000000072ca00000, 0x000000072cc00000|  0%| F|  |TAMS 0x000000072ca00000, 0x000000072ca00000| Untracked 
| 358|0x000000072cc00000, 0x000000072cc00000, 0x000000072ce00000|  0%| F|  |TAMS 0x000000072cc00000, 0x000000072cc00000| Untracked 
| 359|0x000000072ce00000, 0x000000072ce00000, 0x000000072d000000|  0%| F|  |TAMS 0x000000072ce00000, 0x000000072ce00000| Untracked 
| 360|0x000000072d000000, 0x000000072d000000, 0x000000072d200000|  0%| F|  |TAMS 0x000000072d000000, 0x000000072d000000| Untracked 
| 361|0x000000072d200000, 0x000000072d200000, 0x000000072d400000|  0%| F|  |TAMS 0x000000072d200000, 0x000000072d200000| Untracked 
| 362|0x000000072d400000, 0x000000072d400000, 0x000000072d600000|  0%| F|  |TAMS 0x000000072d400000, 0x000000072d400000| Untracked 
| 363|0x000000072d600000, 0x000000072d600000, 0x000000072d800000|  0%| F|  |TAMS 0x000000072d600000, 0x000000072d600000| Untracked 
| 364|0x000000072d800000, 0x000000072d800000, 0x000000072da00000|  0%| F|  |TAMS 0x000000072d800000, 0x000000072d800000| Untracked 
| 365|0x000000072da00000, 0x000000072da00000, 0x000000072dc00000|  0%| F|  |TAMS 0x000000072da00000, 0x000000072da00000| Untracked 
| 366|0x000000072dc00000, 0x000000072dc00000, 0x000000072de00000|  0%| F|  |TAMS 0x000000072dc00000, 0x000000072dc00000| Untracked 
| 367|0x000000072de00000, 0x000000072de00000, 0x000000072e000000|  0%| F|  |TAMS 0x000000072de00000, 0x000000072de00000| Untracked 
| 368|0x000000072e000000, 0x000000072e000000, 0x000000072e200000|  0%| F|  |TAMS 0x000000072e000000, 0x000000072e000000| Untracked 
| 369|0x000000072e200000, 0x000000072e200000, 0x000000072e400000|  0%| F|  |TAMS 0x000000072e200000, 0x000000072e200000| Untracked 
| 370|0x000000072e400000, 0x000000072e400000, 0x000000072e600000|  0%| F|  |TAMS 0x000000072e400000, 0x000000072e400000| Untracked 
| 371|0x000000072e600000, 0x000000072e600000, 0x000000072e800000|  0%| F|  |TAMS 0x000000072e600000, 0x000000072e600000| Untracked 
| 372|0x000000072e800000, 0x000000072e800000, 0x000000072ea00000|  0%| F|  |TAMS 0x000000072e800000, 0x000000072e800000| Untracked 
| 373|0x000000072ea00000, 0x000000072ea00000, 0x000000072ec00000|  0%| F|  |TAMS 0x000000072ea00000, 0x000000072ea00000| Untracked 
| 374|0x000000072ec00000, 0x000000072ec00000, 0x000000072ee00000|  0%| F|  |TAMS 0x000000072ec00000, 0x000000072ec00000| Untracked 
| 375|0x000000072ee00000, 0x000000072ee00000, 0x000000072f000000|  0%| F|  |TAMS 0x000000072ee00000, 0x000000072ee00000| Untracked 
| 376|0x000000072f000000, 0x000000072f000000, 0x000000072f200000|  0%| F|  |TAMS 0x000000072f000000, 0x000000072f000000| Untracked 
| 377|0x000000072f200000, 0x000000072f200000, 0x000000072f400000|  0%| F|  |TAMS 0x000000072f200000, 0x000000072f200000| Untracked 
| 378|0x000000072f400000, 0x000000072f400000, 0x000000072f600000|  0%| F|  |TAMS 0x000000072f400000, 0x000000072f400000| Untracked 
| 379|0x000000072f600000, 0x000000072f600000, 0x000000072f800000|  0%| F|  |TAMS 0x000000072f600000, 0x000000072f600000| Untracked 
| 380|0x000000072f800000, 0x000000072f800000, 0x000000072fa00000|  0%| F|  |TAMS 0x000000072f800000, 0x000000072f800000| Untracked 
| 381|0x000000072fa00000, 0x000000072fa00000, 0x000000072fc00000|  0%| F|  |TAMS 0x000000072fa00000, 0x000000072fa00000| Untracked 
| 382|0x000000072fc00000, 0x000000072fc00000, 0x000000072fe00000|  0%| F|  |TAMS 0x000000072fc00000, 0x000000072fc00000| Untracked 
| 383|0x000000072fe00000, 0x000000072fe00000, 0x0000000730000000|  0%| F|  |TAMS 0x000000072fe00000, 0x000000072fe00000| Untracked 
| 384|0x0000000730000000, 0x0000000730000000, 0x0000000730200000|  0%| F|  |TAMS 0x0000000730000000, 0x0000000730000000| Untracked 
| 385|0x0000000730200000, 0x0000000730200000, 0x0000000730400000|  0%| F|  |TAMS 0x0000000730200000, 0x0000000730200000| Untracked 
| 386|0x0000000730400000, 0x0000000730400000, 0x0000000730600000|  0%| F|  |TAMS 0x0000000730400000, 0x0000000730400000| Untracked 
| 387|0x0000000730600000, 0x0000000730600000, 0x0000000730800000|  0%| F|  |TAMS 0x0000000730600000, 0x0000000730600000| Untracked 
| 388|0x0000000730800000, 0x0000000730800000, 0x0000000730a00000|  0%| F|  |TAMS 0x0000000730800000, 0x0000000730800000| Untracked 
| 389|0x0000000730a00000, 0x0000000730a00000, 0x0000000730c00000|  0%| F|  |TAMS 0x0000000730a00000, 0x0000000730a00000| Untracked 
| 390|0x0000000730c00000, 0x0000000730c00000, 0x0000000730e00000|  0%| F|  |TAMS 0x0000000730c00000, 0x0000000730c00000| Untracked 
| 391|0x0000000730e00000, 0x0000000730e00000, 0x0000000731000000|  0%| F|  |TAMS 0x0000000730e00000, 0x0000000730e00000| Untracked 
| 392|0x0000000731000000, 0x0000000731000000, 0x0000000731200000|  0%| F|  |TAMS 0x0000000731000000, 0x0000000731000000| Untracked 
| 393|0x0000000731200000, 0x0000000731200000, 0x0000000731400000|  0%| F|  |TAMS 0x0000000731200000, 0x0000000731200000| Untracked 
| 394|0x0000000731400000, 0x0000000731400000, 0x0000000731600000|  0%| F|  |TAMS 0x0000000731400000, 0x0000000731400000| Untracked 
| 395|0x0000000731600000, 0x0000000731600000, 0x0000000731800000|  0%| F|  |TAMS 0x0000000731600000, 0x0000000731600000| Untracked 
| 396|0x0000000731800000, 0x0000000731800000, 0x0000000731a00000|  0%| F|  |TAMS 0x0000000731800000, 0x0000000731800000| Untracked 
| 397|0x0000000731a00000, 0x0000000731a00000, 0x0000000731c00000|  0%| F|  |TAMS 0x0000000731a00000, 0x0000000731a00000| Untracked 
| 398|0x0000000731c00000, 0x0000000731c00000, 0x0000000731e00000|  0%| F|  |TAMS 0x0000000731c00000, 0x0000000731c00000| Untracked 
| 399|0x0000000731e00000, 0x0000000731e00000, 0x0000000732000000|  0%| F|  |TAMS 0x0000000731e00000, 0x0000000731e00000| Untracked 
| 400|0x0000000732000000, 0x0000000732000000, 0x0000000732200000|  0%| F|  |TAMS 0x0000000732000000, 0x0000000732000000| Untracked 
| 401|0x0000000732200000, 0x0000000732200000, 0x0000000732400000|  0%| F|  |TAMS 0x0000000732200000, 0x0000000732200000| Untracked 
| 402|0x0000000732400000, 0x0000000732400000, 0x0000000732600000|  0%| F|  |TAMS 0x0000000732400000, 0x0000000732400000| Untracked 
| 403|0x0000000732600000, 0x0000000732600000, 0x0000000732800000|  0%| F|  |TAMS 0x0000000732600000, 0x0000000732600000| Untracked 
| 404|0x0000000732800000, 0x0000000732800000, 0x0000000732a00000|  0%| F|  |TAMS 0x0000000732800000, 0x0000000732800000| Untracked 
| 405|0x0000000732a00000, 0x0000000732a00000, 0x0000000732c00000|  0%| F|  |TAMS 0x0000000732a00000, 0x0000000732a00000| Untracked 
| 406|0x0000000732c00000, 0x0000000732c00000, 0x0000000732e00000|  0%| F|  |TAMS 0x0000000732c00000, 0x0000000732c00000| Untracked 
| 407|0x0000000732e00000, 0x0000000732e00000, 0x0000000733000000|  0%| F|  |TAMS 0x0000000732e00000, 0x0000000732e00000| Untracked 
| 408|0x0000000733000000, 0x0000000733000000, 0x0000000733200000|  0%| F|  |TAMS 0x0000000733000000, 0x0000000733000000| Untracked 
| 409|0x0000000733200000, 0x0000000733200000, 0x0000000733400000|  0%| F|  |TAMS 0x0000000733200000, 0x0000000733200000| Untracked 
| 410|0x0000000733400000, 0x0000000733400000, 0x0000000733600000|  0%| F|  |TAMS 0x0000000733400000, 0x0000000733400000| Untracked 
| 411|0x0000000733600000, 0x0000000733600000, 0x0000000733800000|  0%| F|  |TAMS 0x0000000733600000, 0x0000000733600000| Untracked 
| 412|0x0000000733800000, 0x0000000733800000, 0x0000000733a00000|  0%| F|  |TAMS 0x0000000733800000, 0x0000000733800000| Untracked 
| 413|0x0000000733a00000, 0x0000000733a00000, 0x0000000733c00000|  0%| F|  |TAMS 0x0000000733a00000, 0x0000000733a00000| Untracked 
| 414|0x0000000733c00000, 0x0000000733c00000, 0x0000000733e00000|  0%| F|  |TAMS 0x0000000733c00000, 0x0000000733c00000| Untracked 
| 415|0x0000000733e00000, 0x0000000733e00000, 0x0000000734000000|  0%| F|  |TAMS 0x0000000733e00000, 0x0000000733e00000| Untracked 
| 416|0x0000000734000000, 0x0000000734000000, 0x0000000734200000|  0%| F|  |TAMS 0x0000000734000000, 0x0000000734000000| Untracked 
| 417|0x0000000734200000, 0x0000000734200000, 0x0000000734400000|  0%| F|  |TAMS 0x0000000734200000, 0x0000000734200000| Untracked 
| 418|0x0000000734400000, 0x0000000734400000, 0x0000000734600000|  0%| F|  |TAMS 0x0000000734400000, 0x0000000734400000| Untracked 
| 419|0x0000000734600000, 0x0000000734600000, 0x0000000734800000|  0%| F|  |TAMS 0x0000000734600000, 0x0000000734600000| Untracked 
| 420|0x0000000734800000, 0x0000000734800000, 0x0000000734a00000|  0%| F|  |TAMS 0x0000000734800000, 0x0000000734800000| Untracked 
| 421|0x0000000734a00000, 0x0000000734a00000, 0x0000000734c00000|  0%| F|  |TAMS 0x0000000734a00000, 0x0000000734a00000| Untracked 
| 422|0x0000000734c00000, 0x0000000734c00000, 0x0000000734e00000|  0%| F|  |TAMS 0x0000000734c00000, 0x0000000734c00000| Untracked 
| 423|0x0000000734e00000, 0x0000000734e00000, 0x0000000735000000|  0%| F|  |TAMS 0x0000000734e00000, 0x0000000734e00000| Untracked 
| 424|0x0000000735000000, 0x0000000735000000, 0x0000000735200000|  0%| F|  |TAMS 0x0000000735000000, 0x0000000735000000| Untracked 
| 425|0x0000000735200000, 0x0000000735200000, 0x0000000735400000|  0%| F|  |TAMS 0x0000000735200000, 0x0000000735200000| Untracked 
| 426|0x0000000735400000, 0x0000000735400000, 0x0000000735600000|  0%| F|  |TAMS 0x0000000735400000, 0x0000000735400000| Untracked 
| 427|0x0000000735600000, 0x0000000735600000, 0x0000000735800000|  0%| F|  |TAMS 0x0000000735600000, 0x0000000735600000| Untracked 
| 428|0x0000000735800000, 0x0000000735800000, 0x0000000735a00000|  0%| F|  |TAMS 0x0000000735800000, 0x0000000735800000| Untracked 
| 429|0x0000000735a00000, 0x0000000735a00000, 0x0000000735c00000|  0%| F|  |TAMS 0x0000000735a00000, 0x0000000735a00000| Untracked 
| 430|0x0000000735c00000, 0x0000000735c00000, 0x0000000735e00000|  0%| F|  |TAMS 0x0000000735c00000, 0x0000000735c00000| Untracked 
| 431|0x0000000735e00000, 0x0000000735e00000, 0x0000000736000000|  0%| F|  |TAMS 0x0000000735e00000, 0x0000000735e00000| Untracked 
| 432|0x0000000736000000, 0x0000000736000000, 0x0000000736200000|  0%| F|  |TAMS 0x0000000736000000, 0x0000000736000000| Untracked 
| 433|0x0000000736200000, 0x0000000736200000, 0x0000000736400000|  0%| F|  |TAMS 0x0000000736200000, 0x0000000736200000| Untracked 
| 434|0x0000000736400000, 0x0000000736400000, 0x0000000736600000|  0%| F|  |TAMS 0x0000000736400000, 0x0000000736400000| Untracked 
| 435|0x0000000736600000, 0x0000000736600000, 0x0000000736800000|  0%| F|  |TAMS 0x0000000736600000, 0x0000000736600000| Untracked 
| 436|0x0000000736800000, 0x0000000736800000, 0x0000000736a00000|  0%| F|  |TAMS 0x0000000736800000, 0x0000000736800000| Untracked 
| 437|0x0000000736a00000, 0x0000000736a00000, 0x0000000736c00000|  0%| F|  |TAMS 0x0000000736a00000, 0x0000000736a00000| Untracked 
| 438|0x0000000736c00000, 0x0000000736c00000, 0x0000000736e00000|  0%| F|  |TAMS 0x0000000736c00000, 0x0000000736c00000| Untracked 
| 439|0x0000000736e00000, 0x0000000736e00000, 0x0000000737000000|  0%| F|  |TAMS 0x0000000736e00000, 0x0000000736e00000| Untracked 
| 440|0x0000000737000000, 0x0000000737000000, 0x0000000737200000|  0%| F|  |TAMS 0x0000000737000000, 0x0000000737000000| Untracked 
| 441|0x0000000737200000, 0x0000000737200000, 0x0000000737400000|  0%| F|  |TAMS 0x0000000737200000, 0x0000000737200000| Untracked 
| 442|0x0000000737400000, 0x0000000737400000, 0x0000000737600000|  0%| F|  |TAMS 0x0000000737400000, 0x0000000737400000| Untracked 
| 443|0x0000000737600000, 0x0000000737600000, 0x0000000737800000|  0%| F|  |TAMS 0x0000000737600000, 0x0000000737600000| Untracked 
| 444|0x0000000737800000, 0x0000000737800000, 0x0000000737a00000|  0%| F|  |TAMS 0x0000000737800000, 0x0000000737800000| Untracked 
| 445|0x0000000737a00000, 0x0000000737a00000, 0x0000000737c00000|  0%| F|  |TAMS 0x0000000737a00000, 0x0000000737a00000| Untracked 
| 446|0x0000000737c00000, 0x0000000737c00000, 0x0000000737e00000|  0%| F|  |TAMS 0x0000000737c00000, 0x0000000737c00000| Untracked 
| 447|0x0000000737e00000, 0x0000000737e00000, 0x0000000738000000|  0%| F|  |TAMS 0x0000000737e00000, 0x0000000737e00000| Untracked 
| 448|0x0000000738000000, 0x0000000738000000, 0x0000000738200000|  0%| F|  |TAMS 0x0000000738000000, 0x0000000738000000| Untracked 
| 449|0x0000000738200000, 0x0000000738200000, 0x0000000738400000|  0%| F|  |TAMS 0x0000000738200000, 0x0000000738200000| Untracked 
| 450|0x0000000738400000, 0x0000000738400000, 0x0000000738600000|  0%| F|  |TAMS 0x0000000738400000, 0x0000000738400000| Untracked 
| 451|0x0000000738600000, 0x0000000738600000, 0x0000000738800000|  0%| F|  |TAMS 0x0000000738600000, 0x0000000738600000| Untracked 
| 452|0x0000000738800000, 0x0000000738800000, 0x0000000738a00000|  0%| F|  |TAMS 0x0000000738800000, 0x0000000738800000| Untracked 
| 453|0x0000000738a00000, 0x0000000738a00000, 0x0000000738c00000|  0%| F|  |TAMS 0x0000000738a00000, 0x0000000738a00000| Untracked 
| 454|0x0000000738c00000, 0x0000000738c00000, 0x0000000738e00000|  0%| F|  |TAMS 0x0000000738c00000, 0x0000000738c00000| Untracked 
| 455|0x0000000738e00000, 0x0000000738e00000, 0x0000000739000000|  0%| F|  |TAMS 0x0000000738e00000, 0x0000000738e00000| Untracked 
| 456|0x0000000739000000, 0x0000000739000000, 0x0000000739200000|  0%| F|  |TAMS 0x0000000739000000, 0x0000000739000000| Untracked 
| 457|0x0000000739200000, 0x0000000739200000, 0x0000000739400000|  0%| F|  |TAMS 0x0000000739200000, 0x0000000739200000| Untracked 
| 458|0x0000000739400000, 0x0000000739400000, 0x0000000739600000|  0%| F|  |TAMS 0x0000000739400000, 0x0000000739400000| Untracked 
| 459|0x0000000739600000, 0x0000000739600000, 0x0000000739800000|  0%| F|  |TAMS 0x0000000739600000, 0x0000000739600000| Untracked 
| 460|0x0000000739800000, 0x0000000739800000, 0x0000000739a00000|  0%| F|  |TAMS 0x0000000739800000, 0x0000000739800000| Untracked 
| 461|0x0000000739a00000, 0x0000000739a00000, 0x0000000739c00000|  0%| F|  |TAMS 0x0000000739a00000, 0x0000000739a00000| Untracked 
| 462|0x0000000739c00000, 0x0000000739c00000, 0x0000000739e00000|  0%| F|  |TAMS 0x0000000739c00000, 0x0000000739c00000| Untracked 
| 463|0x0000000739e00000, 0x0000000739e00000, 0x000000073a000000|  0%| F|  |TAMS 0x0000000739e00000, 0x0000000739e00000| Untracked 
| 464|0x000000073a000000, 0x000000073a000000, 0x000000073a200000|  0%| F|  |TAMS 0x000000073a000000, 0x000000073a000000| Untracked 
| 465|0x000000073a200000, 0x000000073a200000, 0x000000073a400000|  0%| F|  |TAMS 0x000000073a200000, 0x000000073a200000| Untracked 
| 466|0x000000073a400000, 0x000000073a400000, 0x000000073a600000|  0%| F|  |TAMS 0x000000073a400000, 0x000000073a400000| Untracked 
| 467|0x000000073a600000, 0x000000073a600000, 0x000000073a800000|  0%| F|  |TAMS 0x000000073a600000, 0x000000073a600000| Untracked 
| 468|0x000000073a800000, 0x000000073a800000, 0x000000073aa00000|  0%| F|  |TAMS 0x000000073a800000, 0x000000073a800000| Untracked 
| 469|0x000000073aa00000, 0x000000073aa00000, 0x000000073ac00000|  0%| F|  |TAMS 0x000000073aa00000, 0x000000073aa00000| Untracked 
| 470|0x000000073ac00000, 0x000000073ac00000, 0x000000073ae00000|  0%| F|  |TAMS 0x000000073ac00000, 0x000000073ac00000| Untracked 
| 471|0x000000073ae00000, 0x000000073ae00000, 0x000000073b000000|  0%| F|  |TAMS 0x000000073ae00000, 0x000000073ae00000| Untracked 
| 472|0x000000073b000000, 0x000000073b000000, 0x000000073b200000|  0%| F|  |TAMS 0x000000073b000000, 0x000000073b000000| Untracked 
| 473|0x000000073b200000, 0x000000073b200000, 0x000000073b400000|  0%| F|  |TAMS 0x000000073b200000, 0x000000073b200000| Untracked 
| 474|0x000000073b400000, 0x000000073b400000, 0x000000073b600000|  0%| F|  |TAMS 0x000000073b400000, 0x000000073b400000| Untracked 
| 475|0x000000073b600000, 0x000000073b600000, 0x000000073b800000|  0%| F|  |TAMS 0x000000073b600000, 0x000000073b600000| Untracked 
| 476|0x000000073b800000, 0x000000073b800000, 0x000000073ba00000|  0%| F|  |TAMS 0x000000073b800000, 0x000000073b800000| Untracked 
| 477|0x000000073ba00000, 0x000000073ba00000, 0x000000073bc00000|  0%| F|  |TAMS 0x000000073ba00000, 0x000000073ba00000| Untracked 
| 478|0x000000073bc00000, 0x000000073bc00000, 0x000000073be00000|  0%| F|  |TAMS 0x000000073bc00000, 0x000000073bc00000| Untracked 
| 479|0x000000073be00000, 0x000000073be00000, 0x000000073c000000|  0%| F|  |TAMS 0x000000073be00000, 0x000000073be00000| Untracked 
| 480|0x000000073c000000, 0x000000073c000000, 0x000000073c200000|  0%| F|  |TAMS 0x000000073c000000, 0x000000073c000000| Untracked 
| 481|0x000000073c200000, 0x000000073c200000, 0x000000073c400000|  0%| F|  |TAMS 0x000000073c200000, 0x000000073c200000| Untracked 
| 482|0x000000073c400000, 0x000000073c400000, 0x000000073c600000|  0%| F|  |TAMS 0x000000073c400000, 0x000000073c400000| Untracked 
| 483|0x000000073c600000, 0x000000073c600000, 0x000000073c800000|  0%| F|  |TAMS 0x000000073c600000, 0x000000073c600000| Untracked 
| 484|0x000000073c800000, 0x000000073c800000, 0x000000073ca00000|  0%| F|  |TAMS 0x000000073c800000, 0x000000073c800000| Untracked 
| 485|0x000000073ca00000, 0x000000073ca00000, 0x000000073cc00000|  0%| F|  |TAMS 0x000000073ca00000, 0x000000073ca00000| Untracked 
| 486|0x000000073cc00000, 0x000000073cc00000, 0x000000073ce00000|  0%| F|  |TAMS 0x000000073cc00000, 0x000000073cc00000| Untracked 
| 487|0x000000073ce00000, 0x000000073ce00000, 0x000000073d000000|  0%| F|  |TAMS 0x000000073ce00000, 0x000000073ce00000| Untracked 
| 488|0x000000073d000000, 0x000000073d000000, 0x000000073d200000|  0%| F|  |TAMS 0x000000073d000000, 0x000000073d000000| Untracked 
| 489|0x000000073d200000, 0x000000073d200000, 0x000000073d400000|  0%| F|  |TAMS 0x000000073d200000, 0x000000073d200000| Untracked 
| 490|0x000000073d400000, 0x000000073d400000, 0x000000073d600000|  0%| F|  |TAMS 0x000000073d400000, 0x000000073d400000| Untracked 
| 491|0x000000073d600000, 0x000000073d600000, 0x000000073d800000|  0%| F|  |TAMS 0x000000073d600000, 0x000000073d600000| Untracked 
| 492|0x000000073d800000, 0x000000073d800000, 0x000000073da00000|  0%| F|  |TAMS 0x000000073d800000, 0x000000073d800000| Untracked 
| 493|0x000000073da00000, 0x000000073da00000, 0x000000073dc00000|  0%| F|  |TAMS 0x000000073da00000, 0x000000073da00000| Untracked 
| 494|0x000000073dc00000, 0x000000073dc00000, 0x000000073de00000|  0%| F|  |TAMS 0x000000073dc00000, 0x000000073dc00000| Untracked 
| 495|0x000000073de00000, 0x000000073de00000, 0x000000073e000000|  0%| F|  |TAMS 0x000000073de00000, 0x000000073de00000| Untracked 
| 496|0x000000073e000000, 0x000000073e000000, 0x000000073e200000|  0%| F|  |TAMS 0x000000073e000000, 0x000000073e000000| Untracked 
| 497|0x000000073e200000, 0x000000073e200000, 0x000000073e400000|  0%| F|  |TAMS 0x000000073e200000, 0x000000073e200000| Untracked 
| 498|0x000000073e400000, 0x000000073e400000, 0x000000073e600000|  0%| F|  |TAMS 0x000000073e400000, 0x000000073e400000| Untracked 
| 499|0x000000073e600000, 0x000000073e600000, 0x000000073e800000|  0%| F|  |TAMS 0x000000073e600000, 0x000000073e600000| Untracked 
| 500|0x000000073e800000, 0x000000073e800000, 0x000000073ea00000|  0%| F|  |TAMS 0x000000073e800000, 0x000000073e800000| Untracked 
| 501|0x000000073ea00000, 0x000000073ea00000, 0x000000073ec00000|  0%| F|  |TAMS 0x000000073ea00000, 0x000000073ea00000| Untracked 
| 502|0x000000073ec00000, 0x000000073ec00000, 0x000000073ee00000|  0%| F|  |TAMS 0x000000073ec00000, 0x000000073ec00000| Untracked 
| 503|0x000000073ee00000, 0x000000073ee00000, 0x000000073f000000|  0%| F|  |TAMS 0x000000073ee00000, 0x000000073ee00000| Untracked 
| 504|0x000000073f000000, 0x000000073f000000, 0x000000073f200000|  0%| F|  |TAMS 0x000000073f000000, 0x000000073f000000| Untracked 
| 505|0x000000073f200000, 0x000000073f200000, 0x000000073f400000|  0%| F|  |TAMS 0x000000073f200000, 0x000000073f200000| Untracked 
| 506|0x000000073f400000, 0x000000073f400000, 0x000000073f600000|  0%| F|  |TAMS 0x000000073f400000, 0x000000073f400000| Untracked 
| 507|0x000000073f600000, 0x000000073f600000, 0x000000073f800000|  0%| F|  |TAMS 0x000000073f600000, 0x000000073f600000| Untracked 
| 508|0x000000073f800000, 0x000000073f800000, 0x000000073fa00000|  0%| F|  |TAMS 0x000000073f800000, 0x000000073f800000| Untracked 
| 509|0x000000073fa00000, 0x000000073fa00000, 0x000000073fc00000|  0%| F|  |TAMS 0x000000073fa00000, 0x000000073fa00000| Untracked 
| 510|0x000000073fc00000, 0x000000073fc00000, 0x000000073fe00000|  0%| F|  |TAMS 0x000000073fc00000, 0x000000073fc00000| Untracked 
| 511|0x000000073fe00000, 0x000000073fe00000, 0x0000000740000000|  0%| F|  |TAMS 0x000000073fe00000, 0x000000073fe00000| Untracked 
| 512|0x0000000740000000, 0x0000000740000000, 0x0000000740200000|  0%| F|  |TAMS 0x0000000740000000, 0x0000000740000000| Untracked 
| 513|0x0000000740200000, 0x0000000740200000, 0x0000000740400000|  0%| F|  |TAMS 0x0000000740200000, 0x0000000740200000| Untracked 
| 514|0x0000000740400000, 0x0000000740400000, 0x0000000740600000|  0%| F|  |TAMS 0x0000000740400000, 0x0000000740400000| Untracked 
| 515|0x0000000740600000, 0x0000000740600000, 0x0000000740800000|  0%| F|  |TAMS 0x0000000740600000, 0x0000000740600000| Untracked 
| 516|0x0000000740800000, 0x0000000740800000, 0x0000000740a00000|  0%| F|  |TAMS 0x0000000740800000, 0x0000000740800000| Untracked 
| 517|0x0000000740a00000, 0x0000000740a00000, 0x0000000740c00000|  0%| F|  |TAMS 0x0000000740a00000, 0x0000000740a00000| Untracked 
| 518|0x0000000740c00000, 0x0000000740c00000, 0x0000000740e00000|  0%| F|  |TAMS 0x0000000740c00000, 0x0000000740c00000| Untracked 
| 519|0x0000000740e00000, 0x0000000740e00000, 0x0000000741000000|  0%| F|  |TAMS 0x0000000740e00000, 0x0000000740e00000| Untracked 
| 520|0x0000000741000000, 0x0000000741000000, 0x0000000741200000|  0%| F|  |TAMS 0x0000000741000000, 0x0000000741000000| Untracked 
| 521|0x0000000741200000, 0x0000000741200000, 0x0000000741400000|  0%| F|  |TAMS 0x0000000741200000, 0x0000000741200000| Untracked 
| 522|0x0000000741400000, 0x0000000741400000, 0x0000000741600000|  0%| F|  |TAMS 0x0000000741400000, 0x0000000741400000| Untracked 
| 523|0x0000000741600000, 0x0000000741600000, 0x0000000741800000|  0%| F|  |TAMS 0x0000000741600000, 0x0000000741600000| Untracked 
| 524|0x0000000741800000, 0x0000000741800000, 0x0000000741a00000|  0%| F|  |TAMS 0x0000000741800000, 0x0000000741800000| Untracked 
| 525|0x0000000741a00000, 0x0000000741a00000, 0x0000000741c00000|  0%| F|  |TAMS 0x0000000741a00000, 0x0000000741a00000| Untracked 
| 526|0x0000000741c00000, 0x0000000741c00000, 0x0000000741e00000|  0%| F|  |TAMS 0x0000000741c00000, 0x0000000741c00000| Untracked 
| 527|0x0000000741e00000, 0x0000000741e00000, 0x0000000742000000|  0%| F|  |TAMS 0x0000000741e00000, 0x0000000741e00000| Untracked 
| 528|0x0000000742000000, 0x0000000742000000, 0x0000000742200000|  0%| F|  |TAMS 0x0000000742000000, 0x0000000742000000| Untracked 
| 529|0x0000000742200000, 0x0000000742200000, 0x0000000742400000|  0%| F|  |TAMS 0x0000000742200000, 0x0000000742200000| Untracked 
| 530|0x0000000742400000, 0x0000000742400000, 0x0000000742600000|  0%| F|  |TAMS 0x0000000742400000, 0x0000000742400000| Untracked 
| 531|0x0000000742600000, 0x0000000742600000, 0x0000000742800000|  0%| F|  |TAMS 0x0000000742600000, 0x0000000742600000| Untracked 
| 532|0x0000000742800000, 0x0000000742800000, 0x0000000742a00000|  0%| F|  |TAMS 0x0000000742800000, 0x0000000742800000| Untracked 
| 533|0x0000000742a00000, 0x0000000742a00000, 0x0000000742c00000|  0%| F|  |TAMS 0x0000000742a00000, 0x0000000742a00000| Untracked 
| 534|0x0000000742c00000, 0x0000000742c00000, 0x0000000742e00000|  0%| F|  |TAMS 0x0000000742c00000, 0x0000000742c00000| Untracked 
| 535|0x0000000742e00000, 0x0000000742e00000, 0x0000000743000000|  0%| F|  |TAMS 0x0000000742e00000, 0x0000000742e00000| Untracked 
| 536|0x0000000743000000, 0x0000000743000000, 0x0000000743200000|  0%| F|  |TAMS 0x0000000743000000, 0x0000000743000000| Untracked 
| 537|0x0000000743200000, 0x0000000743200000, 0x0000000743400000|  0%| F|  |TAMS 0x0000000743200000, 0x0000000743200000| Untracked 
| 538|0x0000000743400000, 0x0000000743400000, 0x0000000743600000|  0%| F|  |TAMS 0x0000000743400000, 0x0000000743400000| Untracked 
| 539|0x0000000743600000, 0x0000000743600000, 0x0000000743800000|  0%| F|  |TAMS 0x0000000743600000, 0x0000000743600000| Untracked 
| 540|0x0000000743800000, 0x0000000743800000, 0x0000000743a00000|  0%| F|  |TAMS 0x0000000743800000, 0x0000000743800000| Untracked 
| 541|0x0000000743a00000, 0x0000000743a00000, 0x0000000743c00000|  0%| F|  |TAMS 0x0000000743a00000, 0x0000000743a00000| Untracked 
| 542|0x0000000743c00000, 0x0000000743c00000, 0x0000000743e00000|  0%| F|  |TAMS 0x0000000743c00000, 0x0000000743c00000| Untracked 
| 543|0x0000000743e00000, 0x0000000743e00000, 0x0000000744000000|  0%| F|  |TAMS 0x0000000743e00000, 0x0000000743e00000| Untracked 
| 544|0x0000000744000000, 0x0000000744000000, 0x0000000744200000|  0%| F|  |TAMS 0x0000000744000000, 0x0000000744000000| Untracked 
| 545|0x0000000744200000, 0x0000000744200000, 0x0000000744400000|  0%| F|  |TAMS 0x0000000744200000, 0x0000000744200000| Untracked 
| 546|0x0000000744400000, 0x0000000744400000, 0x0000000744600000|  0%| F|  |TAMS 0x0000000744400000, 0x0000000744400000| Untracked 
| 547|0x0000000744600000, 0x0000000744600000, 0x0000000744800000|  0%| F|  |TAMS 0x0000000744600000, 0x0000000744600000| Untracked 
| 548|0x0000000744800000, 0x0000000744800000, 0x0000000744a00000|  0%| F|  |TAMS 0x0000000744800000, 0x0000000744800000| Untracked 
| 549|0x0000000744a00000, 0x0000000744a00000, 0x0000000744c00000|  0%| F|  |TAMS 0x0000000744a00000, 0x0000000744a00000| Untracked 
| 550|0x0000000744c00000, 0x0000000744c00000, 0x0000000744e00000|  0%| F|  |TAMS 0x0000000744c00000, 0x0000000744c00000| Untracked 
| 551|0x0000000744e00000, 0x0000000744e00000, 0x0000000745000000|  0%| F|  |TAMS 0x0000000744e00000, 0x0000000744e00000| Untracked 
| 552|0x0000000745000000, 0x0000000745000000, 0x0000000745200000|  0%| F|  |TAMS 0x0000000745000000, 0x0000000745000000| Untracked 
| 553|0x0000000745200000, 0x0000000745200000, 0x0000000745400000|  0%| F|  |TAMS 0x0000000745200000, 0x0000000745200000| Untracked 
| 554|0x0000000745400000, 0x0000000745400000, 0x0000000745600000|  0%| F|  |TAMS 0x0000000745400000, 0x0000000745400000| Untracked 
| 555|0x0000000745600000, 0x0000000745600000, 0x0000000745800000|  0%| F|  |TAMS 0x0000000745600000, 0x0000000745600000| Untracked 
| 556|0x0000000745800000, 0x0000000745800000, 0x0000000745a00000|  0%| F|  |TAMS 0x0000000745800000, 0x0000000745800000| Untracked 
| 557|0x0000000745a00000, 0x0000000745a00000, 0x0000000745c00000|  0%| F|  |TAMS 0x0000000745a00000, 0x0000000745a00000| Untracked 
| 558|0x0000000745c00000, 0x0000000745c00000, 0x0000000745e00000|  0%| F|  |TAMS 0x0000000745c00000, 0x0000000745c00000| Untracked 
| 559|0x0000000745e00000, 0x0000000745e00000, 0x0000000746000000|  0%| F|  |TAMS 0x0000000745e00000, 0x0000000745e00000| Untracked 
| 560|0x0000000746000000, 0x0000000746000000, 0x0000000746200000|  0%| F|  |TAMS 0x0000000746000000, 0x0000000746000000| Untracked 
| 561|0x0000000746200000, 0x0000000746200000, 0x0000000746400000|  0%| F|  |TAMS 0x0000000746200000, 0x0000000746200000| Untracked 
| 562|0x0000000746400000, 0x0000000746400000, 0x0000000746600000|  0%| F|  |TAMS 0x0000000746400000, 0x0000000746400000| Untracked 
| 563|0x0000000746600000, 0x0000000746600000, 0x0000000746800000|  0%| F|  |TAMS 0x0000000746600000, 0x0000000746600000| Untracked 
| 564|0x0000000746800000, 0x0000000746800000, 0x0000000746a00000|  0%| F|  |TAMS 0x0000000746800000, 0x0000000746800000| Untracked 
| 565|0x0000000746a00000, 0x0000000746a00000, 0x0000000746c00000|  0%| F|  |TAMS 0x0000000746a00000, 0x0000000746a00000| Untracked 
| 566|0x0000000746c00000, 0x0000000746c00000, 0x0000000746e00000|  0%| F|  |TAMS 0x0000000746c00000, 0x0000000746c00000| Untracked 
| 567|0x0000000746e00000, 0x0000000746e00000, 0x0000000747000000|  0%| F|  |TAMS 0x0000000746e00000, 0x0000000746e00000| Untracked 
| 568|0x0000000747000000, 0x0000000747000000, 0x0000000747200000|  0%| F|  |TAMS 0x0000000747000000, 0x0000000747000000| Untracked 
| 569|0x0000000747200000, 0x0000000747200000, 0x0000000747400000|  0%| F|  |TAMS 0x0000000747200000, 0x0000000747200000| Untracked 
| 570|0x0000000747400000, 0x0000000747400000, 0x0000000747600000|  0%| F|  |TAMS 0x0000000747400000, 0x0000000747400000| Untracked 
| 571|0x0000000747600000, 0x0000000747600000, 0x0000000747800000|  0%| F|  |TAMS 0x0000000747600000, 0x0000000747600000| Untracked 
| 572|0x0000000747800000, 0x0000000747800000, 0x0000000747a00000|  0%| F|  |TAMS 0x0000000747800000, 0x0000000747800000| Untracked 
| 573|0x0000000747a00000, 0x0000000747a00000, 0x0000000747c00000|  0%| F|  |TAMS 0x0000000747a00000, 0x0000000747a00000| Untracked 
| 574|0x0000000747c00000, 0x0000000747c00000, 0x0000000747e00000|  0%| F|  |TAMS 0x0000000747c00000, 0x0000000747c00000| Untracked 
| 575|0x0000000747e00000, 0x0000000747e00000, 0x0000000748000000|  0%| F|  |TAMS 0x0000000747e00000, 0x0000000747e00000| Untracked 
| 576|0x0000000748000000, 0x0000000748000000, 0x0000000748200000|  0%| F|  |TAMS 0x0000000748000000, 0x0000000748000000| Untracked 
| 577|0x0000000748200000, 0x0000000748200000, 0x0000000748400000|  0%| F|  |TAMS 0x0000000748200000, 0x0000000748200000| Untracked 
| 578|0x0000000748400000, 0x0000000748400000, 0x0000000748600000|  0%| F|  |TAMS 0x0000000748400000, 0x0000000748400000| Untracked 
| 579|0x0000000748600000, 0x0000000748600000, 0x0000000748800000|  0%| F|  |TAMS 0x0000000748600000, 0x0000000748600000| Untracked 
| 580|0x0000000748800000, 0x0000000748800000, 0x0000000748a00000|  0%| F|  |TAMS 0x0000000748800000, 0x0000000748800000| Untracked 
| 581|0x0000000748a00000, 0x0000000748a00000, 0x0000000748c00000|  0%| F|  |TAMS 0x0000000748a00000, 0x0000000748a00000| Untracked 
| 582|0x0000000748c00000, 0x0000000748c00000, 0x0000000748e00000|  0%| F|  |TAMS 0x0000000748c00000, 0x0000000748c00000| Untracked 
| 583|0x0000000748e00000, 0x0000000748e00000, 0x0000000749000000|  0%| F|  |TAMS 0x0000000748e00000, 0x0000000748e00000| Untracked 
| 584|0x0000000749000000, 0x0000000749000000, 0x0000000749200000|  0%| F|  |TAMS 0x0000000749000000, 0x0000000749000000| Untracked 
| 585|0x0000000749200000, 0x0000000749200000, 0x0000000749400000|  0%| F|  |TAMS 0x0000000749200000, 0x0000000749200000| Untracked 
| 586|0x0000000749400000, 0x0000000749400000, 0x0000000749600000|  0%| F|  |TAMS 0x0000000749400000, 0x0000000749400000| Untracked 
| 587|0x0000000749600000, 0x0000000749600000, 0x0000000749800000|  0%| F|  |TAMS 0x0000000749600000, 0x0000000749600000| Untracked 
| 588|0x0000000749800000, 0x0000000749800000, 0x0000000749a00000|  0%| F|  |TAMS 0x0000000749800000, 0x0000000749800000| Untracked 
| 589|0x0000000749a00000, 0x0000000749a00000, 0x0000000749c00000|  0%| F|  |TAMS 0x0000000749a00000, 0x0000000749a00000| Untracked 
| 590|0x0000000749c00000, 0x0000000749c00000, 0x0000000749e00000|  0%| F|  |TAMS 0x0000000749c00000, 0x0000000749c00000| Untracked 
| 591|0x0000000749e00000, 0x0000000749e00000, 0x000000074a000000|  0%| F|  |TAMS 0x0000000749e00000, 0x0000000749e00000| Untracked 
| 592|0x000000074a000000, 0x000000074a000000, 0x000000074a200000|  0%| F|  |TAMS 0x000000074a000000, 0x000000074a000000| Untracked 
| 593|0x000000074a200000, 0x000000074a200000, 0x000000074a400000|  0%| F|  |TAMS 0x000000074a200000, 0x000000074a200000| Untracked 
| 594|0x000000074a400000, 0x000000074a400000, 0x000000074a600000|  0%| F|  |TAMS 0x000000074a400000, 0x000000074a400000| Untracked 
| 595|0x000000074a600000, 0x000000074a600000, 0x000000074a800000|  0%| F|  |TAMS 0x000000074a600000, 0x000000074a600000| Untracked 
| 596|0x000000074a800000, 0x000000074a800000, 0x000000074aa00000|  0%| F|  |TAMS 0x000000074a800000, 0x000000074a800000| Untracked 
| 597|0x000000074aa00000, 0x000000074aa00000, 0x000000074ac00000|  0%| F|  |TAMS 0x000000074aa00000, 0x000000074aa00000| Untracked 
| 598|0x000000074ac00000, 0x000000074ac00000, 0x000000074ae00000|  0%| F|  |TAMS 0x000000074ac00000, 0x000000074ac00000| Untracked 
| 599|0x000000074ae00000, 0x000000074ae00000, 0x000000074b000000|  0%| F|  |TAMS 0x000000074ae00000, 0x000000074ae00000| Untracked 
| 600|0x000000074b000000, 0x000000074b000000, 0x000000074b200000|  0%| F|  |TAMS 0x000000074b000000, 0x000000074b000000| Untracked 
| 601|0x000000074b200000, 0x000000074b200000, 0x000000074b400000|  0%| F|  |TAMS 0x000000074b200000, 0x000000074b200000| Untracked 
| 602|0x000000074b400000, 0x000000074b400000, 0x000000074b600000|  0%| F|  |TAMS 0x000000074b400000, 0x000000074b400000| Untracked 
| 603|0x000000074b600000, 0x000000074b600000, 0x000000074b800000|  0%| F|  |TAMS 0x000000074b600000, 0x000000074b600000| Untracked 
| 604|0x000000074b800000, 0x000000074b800000, 0x000000074ba00000|  0%| F|  |TAMS 0x000000074b800000, 0x000000074b800000| Untracked 
| 605|0x000000074ba00000, 0x000000074ba00000, 0x000000074bc00000|  0%| F|  |TAMS 0x000000074ba00000, 0x000000074ba00000| Untracked 
| 606|0x000000074bc00000, 0x000000074bc00000, 0x000000074be00000|  0%| F|  |TAMS 0x000000074bc00000, 0x000000074bc00000| Untracked 
| 607|0x000000074be00000, 0x000000074be00000, 0x000000074c000000|  0%| F|  |TAMS 0x000000074be00000, 0x000000074be00000| Untracked 
| 608|0x000000074c000000, 0x000000074c000000, 0x000000074c200000|  0%| F|  |TAMS 0x000000074c000000, 0x000000074c000000| Untracked 
| 609|0x000000074c200000, 0x000000074c200000, 0x000000074c400000|  0%| F|  |TAMS 0x000000074c200000, 0x000000074c200000| Untracked 
| 610|0x000000074c400000, 0x000000074c400000, 0x000000074c600000|  0%| F|  |TAMS 0x000000074c400000, 0x000000074c400000| Untracked 
| 611|0x000000074c600000, 0x000000074c600000, 0x000000074c800000|  0%| F|  |TAMS 0x000000074c600000, 0x000000074c600000| Untracked 
| 612|0x000000074c800000, 0x000000074c800000, 0x000000074ca00000|  0%| F|  |TAMS 0x000000074c800000, 0x000000074c800000| Untracked 
| 613|0x000000074ca00000, 0x000000074ca00000, 0x000000074cc00000|  0%| F|  |TAMS 0x000000074ca00000, 0x000000074ca00000| Untracked 
| 614|0x000000074cc00000, 0x000000074cc00000, 0x000000074ce00000|  0%| F|  |TAMS 0x000000074cc00000, 0x000000074cc00000| Untracked 
| 615|0x000000074ce00000, 0x000000074ce00000, 0x000000074d000000|  0%| F|  |TAMS 0x000000074ce00000, 0x000000074ce00000| Untracked 
| 616|0x000000074d000000, 0x000000074d000000, 0x000000074d200000|  0%| F|  |TAMS 0x000000074d000000, 0x000000074d000000| Untracked 
| 617|0x000000074d200000, 0x000000074d200000, 0x000000074d400000|  0%| F|  |TAMS 0x000000074d200000, 0x000000074d200000| Untracked 
| 618|0x000000074d400000, 0x000000074d400000, 0x000000074d600000|  0%| F|  |TAMS 0x000000074d400000, 0x000000074d400000| Untracked 
| 619|0x000000074d600000, 0x000000074d600000, 0x000000074d800000|  0%| F|  |TAMS 0x000000074d600000, 0x000000074d600000| Untracked 
| 620|0x000000074d800000, 0x000000074d800000, 0x000000074da00000|  0%| F|  |TAMS 0x000000074d800000, 0x000000074d800000| Untracked 
| 621|0x000000074da00000, 0x000000074da00000, 0x000000074dc00000|  0%| F|  |TAMS 0x000000074da00000, 0x000000074da00000| Untracked 
| 622|0x000000074dc00000, 0x000000074dc00000, 0x000000074de00000|  0%| F|  |TAMS 0x000000074dc00000, 0x000000074dc00000| Untracked 
| 623|0x000000074de00000, 0x000000074de00000, 0x000000074e000000|  0%| F|  |TAMS 0x000000074de00000, 0x000000074de00000| Untracked 
| 624|0x000000074e000000, 0x000000074e000000, 0x000000074e200000|  0%| F|  |TAMS 0x000000074e000000, 0x000000074e000000| Untracked 
| 625|0x000000074e200000, 0x000000074e200000, 0x000000074e400000|  0%| F|  |TAMS 0x000000074e200000, 0x000000074e200000| Untracked 
| 626|0x000000074e400000, 0x000000074e400000, 0x000000074e600000|  0%| F|  |TAMS 0x000000074e400000, 0x000000074e400000| Untracked 
| 627|0x000000074e600000, 0x000000074e600000, 0x000000074e800000|  0%| F|  |TAMS 0x000000074e600000, 0x000000074e600000| Untracked 
| 628|0x000000074e800000, 0x000000074e800000, 0x000000074ea00000|  0%| F|  |TAMS 0x000000074e800000, 0x000000074e800000| Untracked 
| 629|0x000000074ea00000, 0x000000074ea00000, 0x000000074ec00000|  0%| F|  |TAMS 0x000000074ea00000, 0x000000074ea00000| Untracked 
| 630|0x000000074ec00000, 0x000000074ec00000, 0x000000074ee00000|  0%| F|  |TAMS 0x000000074ec00000, 0x000000074ec00000| Untracked 
| 631|0x000000074ee00000, 0x000000074ee00000, 0x000000074f000000|  0%| F|  |TAMS 0x000000074ee00000, 0x000000074ee00000| Untracked 
| 632|0x000000074f000000, 0x000000074f000000, 0x000000074f200000|  0%| F|  |TAMS 0x000000074f000000, 0x000000074f000000| Untracked 
| 633|0x000000074f200000, 0x000000074f200000, 0x000000074f400000|  0%| F|  |TAMS 0x000000074f200000, 0x000000074f200000| Untracked 
| 634|0x000000074f400000, 0x000000074f400000, 0x000000074f600000|  0%| F|  |TAMS 0x000000074f400000, 0x000000074f400000| Untracked 
| 635|0x000000074f600000, 0x000000074f600000, 0x000000074f800000|  0%| F|  |TAMS 0x000000074f600000, 0x000000074f600000| Untracked 
| 636|0x000000074f800000, 0x000000074f800000, 0x000000074fa00000|  0%| F|  |TAMS 0x000000074f800000, 0x000000074f800000| Untracked 
| 637|0x000000074fa00000, 0x000000074fa00000, 0x000000074fc00000|  0%| F|  |TAMS 0x000000074fa00000, 0x000000074fa00000| Untracked 
| 638|0x000000074fc00000, 0x000000074fc00000, 0x000000074fe00000|  0%| F|  |TAMS 0x000000074fc00000, 0x000000074fc00000| Untracked 
| 639|0x000000074fe00000, 0x000000074fe00000, 0x0000000750000000|  0%| F|  |TAMS 0x000000074fe00000, 0x000000074fe00000| Untracked 
| 640|0x0000000750000000, 0x0000000750000000, 0x0000000750200000|  0%| F|  |TAMS 0x0000000750000000, 0x0000000750000000| Untracked 
| 641|0x0000000750200000, 0x0000000750200000, 0x0000000750400000|  0%| F|  |TAMS 0x0000000750200000, 0x0000000750200000| Untracked 
| 642|0x0000000750400000, 0x0000000750400000, 0x0000000750600000|  0%| F|  |TAMS 0x0000000750400000, 0x0000000750400000| Untracked 
| 643|0x0000000750600000, 0x0000000750600000, 0x0000000750800000|  0%| F|  |TAMS 0x0000000750600000, 0x0000000750600000| Untracked 
| 644|0x0000000750800000, 0x0000000750800000, 0x0000000750a00000|  0%| F|  |TAMS 0x0000000750800000, 0x0000000750800000| Untracked 
| 645|0x0000000750a00000, 0x0000000750a00000, 0x0000000750c00000|  0%| F|  |TAMS 0x0000000750a00000, 0x0000000750a00000| Untracked 
| 646|0x0000000750c00000, 0x0000000750c00000, 0x0000000750e00000|  0%| F|  |TAMS 0x0000000750c00000, 0x0000000750c00000| Untracked 
| 647|0x0000000750e00000, 0x0000000750e00000, 0x0000000751000000|  0%| F|  |TAMS 0x0000000750e00000, 0x0000000750e00000| Untracked 
| 648|0x0000000751000000, 0x0000000751000000, 0x0000000751200000|  0%| F|  |TAMS 0x0000000751000000, 0x0000000751000000| Untracked 
| 649|0x0000000751200000, 0x0000000751200000, 0x0000000751400000|  0%| F|  |TAMS 0x0000000751200000, 0x0000000751200000| Untracked 
| 650|0x0000000751400000, 0x0000000751400000, 0x0000000751600000|  0%| F|  |TAMS 0x0000000751400000, 0x0000000751400000| Untracked 
| 651|0x0000000751600000, 0x0000000751600000, 0x0000000751800000|  0%| F|  |TAMS 0x0000000751600000, 0x0000000751600000| Untracked 
| 652|0x0000000751800000, 0x0000000751800000, 0x0000000751a00000|  0%| F|  |TAMS 0x0000000751800000, 0x0000000751800000| Untracked 
| 653|0x0000000751a00000, 0x0000000751a00000, 0x0000000751c00000|  0%| F|  |TAMS 0x0000000751a00000, 0x0000000751a00000| Untracked 
| 654|0x0000000751c00000, 0x0000000751c00000, 0x0000000751e00000|  0%| F|  |TAMS 0x0000000751c00000, 0x0000000751c00000| Untracked 
| 655|0x0000000751e00000, 0x0000000751e00000, 0x0000000752000000|  0%| F|  |TAMS 0x0000000751e00000, 0x0000000751e00000| Untracked 
| 656|0x0000000752000000, 0x0000000752000000, 0x0000000752200000|  0%| F|  |TAMS 0x0000000752000000, 0x0000000752000000| Untracked 
| 657|0x0000000752200000, 0x0000000752200000, 0x0000000752400000|  0%| F|  |TAMS 0x0000000752200000, 0x0000000752200000| Untracked 
| 658|0x0000000752400000, 0x0000000752400000, 0x0000000752600000|  0%| F|  |TAMS 0x0000000752400000, 0x0000000752400000| Untracked 
| 659|0x0000000752600000, 0x0000000752600000, 0x0000000752800000|  0%| F|  |TAMS 0x0000000752600000, 0x0000000752600000| Untracked 
| 660|0x0000000752800000, 0x0000000752800000, 0x0000000752a00000|  0%| F|  |TAMS 0x0000000752800000, 0x0000000752800000| Untracked 
| 661|0x0000000752a00000, 0x0000000752a00000, 0x0000000752c00000|  0%| F|  |TAMS 0x0000000752a00000, 0x0000000752a00000| Untracked 
| 662|0x0000000752c00000, 0x0000000752c64170, 0x0000000752e00000| 19%| S|CS|TAMS 0x0000000752c00000, 0x0000000752c00000| Complete 
| 663|0x0000000752e00000, 0x0000000753000000, 0x0000000753000000|100%| S|CS|TAMS 0x0000000752e00000, 0x0000000752e00000| Complete 
| 664|0x0000000753000000, 0x0000000753200000, 0x0000000753200000|100%| S|CS|TAMS 0x0000000753000000, 0x0000000753000000| Complete 
| 665|0x0000000753200000, 0x0000000753200000, 0x0000000753400000|  0%| F|  |TAMS 0x0000000753200000, 0x0000000753200000| Untracked 
| 666|0x0000000753400000, 0x0000000753400000, 0x0000000753600000|  0%| F|  |TAMS 0x0000000753400000, 0x0000000753400000| Untracked 
| 667|0x0000000753600000, 0x0000000753600000, 0x0000000753800000|  0%| F|  |TAMS 0x0000000753600000, 0x0000000753600000| Untracked 
| 668|0x0000000753800000, 0x0000000753800000, 0x0000000753a00000|  0%| F|  |TAMS 0x0000000753800000, 0x0000000753800000| Untracked 
| 669|0x0000000753a00000, 0x0000000753a00000, 0x0000000753c00000|  0%| F|  |TAMS 0x0000000753a00000, 0x0000000753a00000| Untracked 
| 670|0x0000000753c00000, 0x0000000753c00000, 0x0000000753e00000|  0%| F|  |TAMS 0x0000000753c00000, 0x0000000753c00000| Untracked 
| 671|0x0000000753e00000, 0x0000000753e00000, 0x0000000754000000|  0%| F|  |TAMS 0x0000000753e00000, 0x0000000753e00000| Untracked 
| 672|0x0000000754000000, 0x0000000754000000, 0x0000000754200000|  0%| F|  |TAMS 0x0000000754000000, 0x0000000754000000| Untracked 
| 673|0x0000000754200000, 0x0000000754200000, 0x0000000754400000|  0%| F|  |TAMS 0x0000000754200000, 0x0000000754200000| Untracked 
| 674|0x0000000754400000, 0x0000000754400000, 0x0000000754600000|  0%| F|  |TAMS 0x0000000754400000, 0x0000000754400000| Untracked 
| 675|0x0000000754600000, 0x0000000754600000, 0x0000000754800000|  0%| F|  |TAMS 0x0000000754600000, 0x0000000754600000| Untracked 
| 676|0x0000000754800000, 0x0000000754800000, 0x0000000754a00000|  0%| F|  |TAMS 0x0000000754800000, 0x0000000754800000| Untracked 
| 677|0x0000000754a00000, 0x0000000754a00000, 0x0000000754c00000|  0%| F|  |TAMS 0x0000000754a00000, 0x0000000754a00000| Untracked 
| 678|0x0000000754c00000, 0x0000000754c00000, 0x0000000754e00000|  0%| F|  |TAMS 0x0000000754c00000, 0x0000000754c00000| Untracked 
| 679|0x0000000754e00000, 0x0000000754e00000, 0x0000000755000000|  0%| F|  |TAMS 0x0000000754e00000, 0x0000000754e00000| Untracked 
| 680|0x0000000755000000, 0x0000000755000000, 0x0000000755200000|  0%| F|  |TAMS 0x0000000755000000, 0x0000000755000000| Untracked 
| 681|0x0000000755200000, 0x0000000755200000, 0x0000000755400000|  0%| F|  |TAMS 0x0000000755200000, 0x0000000755200000| Untracked 
| 682|0x0000000755400000, 0x0000000755400000, 0x0000000755600000|  0%| F|  |TAMS 0x0000000755400000, 0x0000000755400000| Untracked 
| 683|0x0000000755600000, 0x0000000755600000, 0x0000000755800000|  0%| F|  |TAMS 0x0000000755600000, 0x0000000755600000| Untracked 
| 684|0x0000000755800000, 0x0000000755800000, 0x0000000755a00000|  0%| F|  |TAMS 0x0000000755800000, 0x0000000755800000| Untracked 
| 685|0x0000000755a00000, 0x0000000755a00000, 0x0000000755c00000|  0%| F|  |TAMS 0x0000000755a00000, 0x0000000755a00000| Untracked 
| 686|0x0000000755c00000, 0x0000000755c00000, 0x0000000755e00000|  0%| F|  |TAMS 0x0000000755c00000, 0x0000000755c00000| Untracked 
| 687|0x0000000755e00000, 0x0000000755e00000, 0x0000000756000000|  0%| F|  |TAMS 0x0000000755e00000, 0x0000000755e00000| Untracked 
| 688|0x0000000756000000, 0x0000000756000000, 0x0000000756200000|  0%| F|  |TAMS 0x0000000756000000, 0x0000000756000000| Untracked 
| 689|0x0000000756200000, 0x0000000756200000, 0x0000000756400000|  0%| F|  |TAMS 0x0000000756200000, 0x0000000756200000| Untracked 
| 690|0x0000000756400000, 0x0000000756400000, 0x0000000756600000|  0%| F|  |TAMS 0x0000000756400000, 0x0000000756400000| Untracked 
| 691|0x0000000756600000, 0x0000000756600000, 0x0000000756800000|  0%| F|  |TAMS 0x0000000756600000, 0x0000000756600000| Untracked 
| 692|0x0000000756800000, 0x0000000756800000, 0x0000000756a00000|  0%| F|  |TAMS 0x0000000756800000, 0x0000000756800000| Untracked 
| 693|0x0000000756a00000, 0x0000000756a00000, 0x0000000756c00000|  0%| F|  |TAMS 0x0000000756a00000, 0x0000000756a00000| Untracked 

Card table byte_map: [0x00000197210b0000,0x00000197218b0000] _byte_map_base: 0x000001971d8b0000

Marking Bits (Prev, Next): (CMBitMap*) 0x0000019709863c60, (CMBitMap*) 0x0000019709863c20
 Prev Bits: [0x00000197260b0000, 0x000001972a0b0000)
 Next Bits: [0x00000197220b0000, 0x00000197260b0000)

Polling page: 0x00000197075c0000

Metaspace:

Usage:
  Non-class:    158.49 MB used.
      Class:     23.74 MB used.
       Both:    182.23 MB used.

Virtual space:
  Non-class space:      192.00 MB reserved,     159.56 MB ( 83%) committed,  3 nodes.
      Class space:      832.00 MB reserved,      24.81 MB (  3%) committed,  1 nodes.
             Both:        1.00 GB reserved,     184.38 MB ( 18%) committed. 

Chunk freelists:
   Non-Class:  15.70 MB
       Class:  7.22 MB
        Both:  22.92 MB

MaxMetaspaceSize: 1.00 GB
CompressedClassSpaceSize: 832.00 MB
Initial GC threshold: 21.00 MB
Current GC threshold: 301.38 MB
CDS: on
MetaspaceReclaimPolicy: balanced
 - commit_granule_bytes: 65536.
 - commit_granule_words: 8192.
 - virtual_space_node_default_size: 8388608.
 - enlarge_chunks_in_place: 1.
 - new_chunks_are_fully_committed: 0.
 - uncommit_free_chunks: 1.
 - use_allocation_guard: 0.
 - handle_deallocations: 1.


Internal statistics:

num_allocs_failed_limit: 21.
num_arena_births: 3780.
num_arena_deaths: 18.
num_vsnodes_births: 4.
num_vsnodes_deaths: 0.
num_space_committed: 2949.
num_space_uncommitted: 2.
num_chunks_returned_to_freelist: 81.
num_chunks_taken_from_freelist: 12600.
num_chunk_merges: 31.
num_chunk_splits: 8023.
num_chunks_enlarged: 4852.
num_inconsistent_stats: 0.

CodeHeap 'non-profiled nmethods': size=120000Kb used=19852Kb max_used=19852Kb free=100147Kb
 bounds [0x0000019718e30000, 0x000001971a1e0000, 0x0000019720360000]
CodeHeap 'profiled nmethods': size=120000Kb used=62905Kb max_used=64231Kb free=57094Kb
 bounds [0x0000019711360000, 0x0000019715220000, 0x0000019718890000]
CodeHeap 'non-nmethods': size=5760Kb used=1892Kb max_used=1956Kb free=3867Kb
 bounds [0x0000019718890000, 0x0000019718b00000, 0x0000019718e30000]
 total_blobs=31471 nmethods=30461 adapters=918
 compilation: enabled
              stopped_count=0, restarted_count=0
 full_count=0

Compilation events (20 events):
Event: 330.318 Thread 0x000001972cc0ca50 39494       3       com.android.tools.r8.internal.D0::next (28 bytes)
Event: 330.319 Thread 0x000001972cc0ca50 nmethod 39494 0x0000019714dd3810 code [0x0000019714dd39e0, 0x0000019714dd3f88]
Event: 330.319 Thread 0x000001972cc0ca50 39495       2       com.android.tools.r8.internal.Cp::hashCode (31 bytes)
Event: 330.320 Thread 0x000001972cc0ca50 nmethod 39495 0x000001971439e990 code [0x000001971439eb40, 0x000001971439ecd8]
Event: 330.320 Thread 0x000001972cc0b9a0 nmethod 39404 0x0000019719d61d10 code [0x0000019719d61f40, 0x0000019719d64650]
Event: 330.320 Thread 0x000001972cc0b9a0 39419   !   4       java.util.concurrent.ConcurrentHashMap::computeIfAbsent (576 bytes)
Event: 330.321 Thread 0x000001972cc0ca50 39496       3       com.android.tools.r8.internal.M7::a (145 bytes)
Event: 330.324 Thread 0x000001972cc0ca50 nmethod 39496 0x00000197115b3310 code [0x00000197115b3640, 0x00000197115b4d18]
Event: 330.325 Thread 0x000001972cc0ca50 39497       2       com.android.tools.r8.internal.kL::a (47 bytes)
Event: 330.325 Thread 0x000001972cc0ca50 nmethod 39497 0x0000019714738690 code [0x0000019714738860, 0x0000019714738af8]
Event: 330.325 Thread 0x000001972cc0ca50 39498       2       com.android.tools.r8.internal.QU$$Lambda$4136/0x000001972f51b5a0::apply (8 bytes)
Event: 330.325 Thread 0x000001972cc0ca50 nmethod 39498 0x00000197147a3990 code [0x00000197147a3b20, 0x00000197147a3c98]
Event: 330.325 Thread 0x000001972cc0ca50 39499       2       com.android.tools.r8.internal.II::h (80 bytes)
Event: 330.326 Thread 0x000001972cc0ca50 nmethod 39499 0x0000019714df3390 code [0x0000019714df3580, 0x0000019714df39a8]
Event: 330.327 Thread 0x000001972cc0ca50 39500       2       com.android.tools.r8.internal.rT::a (1138 bytes)
Event: 330.331 Thread 0x000001972cc0ca50 nmethod 39500 0x0000019714926d10 code [0x0000019714927300, 0x00000197149291f8]
Event: 330.331 Thread 0x000001972cc0ca50 39501       3       com.android.tools.r8.internal.pg0$$Lambda$4034/0x000001972f821a88::test (16 bytes)
Event: 330.332 Thread 0x000001972cc0ca50 nmethod 39501 0x0000019714e50910 code [0x0000019714e50ae0, 0x0000019714e50ed8]
Event: 330.345 Thread 0x000001972cc0ca50 39502       2       com.android.tools.r8.internal.rn0::e (34 bytes)
Event: 330.346 Thread 0x000001972cc0ca50 nmethod 39502 0x000001971493a310 code [0x000001971493a4e0, 0x000001971493a6f8]

GC Heap History (20 events):
Event: 295.304 GC heap after
{Heap after GC invocations=81 (full 0):
 garbage-first heap   total 497664K, used 299058K [0x0000000700000000, 0x0000000800000000)
  region size 2048K, 3 young (6144K), 3 survivors (6144K)
 Metaspace       used 164249K, committed 166336K, reserved 1048576K
  class space    used 21359K, committed 22400K, reserved 851968K
}
Event: 296.268 GC heap before
{Heap before GC invocations=81 (full 0):
 garbage-first heap   total 497664K, used 409650K [0x0000000700000000, 0x0000000800000000)
  region size 2048K, 58 young (118784K), 3 survivors (6144K)
 Metaspace       used 167282K, committed 169408K, reserved 1048576K
  class space    used 21712K, committed 22784K, reserved 851968K
}
Event: 296.279 GC heap after
{Heap after GC invocations=82 (full 0):
 garbage-first heap   total 497664K, used 301832K [0x0000000700000000, 0x0000000800000000)
  region size 2048K, 4 young (8192K), 4 survivors (8192K)
 Metaspace       used 167282K, committed 169408K, reserved 1048576K
  class space    used 21712K, committed 22784K, reserved 851968K
}
Event: 298.262 GC heap before
{Heap before GC invocations=82 (full 0):
 garbage-first heap   total 497664K, used 414472K [0x0000000700000000, 0x0000000800000000)
  region size 2048K, 60 young (122880K), 4 survivors (8192K)
 Metaspace       used 168558K, committed 170752K, reserved 1048576K
  class space    used 21890K, committed 22976K, reserved 851968K
}
Event: 298.273 GC heap after
{Heap after GC invocations=83 (full 0):
 garbage-first heap   total 497664K, used 304839K [0x0000000700000000, 0x0000000800000000)
  region size 2048K, 6 young (12288K), 6 survivors (12288K)
 Metaspace       used 168558K, committed 170752K, reserved 1048576K
  class space    used 21890K, committed 22976K, reserved 851968K
}
Event: 300.252 GC heap before
{Heap before GC invocations=83 (full 0):
 garbage-first heap   total 497664K, used 417479K [0x0000000700000000, 0x0000000800000000)
  region size 2048K, 62 young (126976K), 6 survivors (12288K)
 Metaspace       used 177037K, committed 179264K, reserved 1048576K
  class space    used 23083K, committed 24192K, reserved 851968K
}
Event: 300.282 GC heap after
{Heap after GC invocations=84 (full 0):
 garbage-first heap   total 497664K, used 308470K [0x0000000700000000, 0x0000000800000000)
  region size 2048K, 5 young (10240K), 5 survivors (10240K)
 Metaspace       used 177037K, committed 179264K, reserved 1048576K
  class space    used 23083K, committed 24192K, reserved 851968K
}
Event: 302.045 GC heap before
{Heap before GC invocations=84 (full 0):
 garbage-first heap   total 497664K, used 361718K [0x0000000700000000, 0x0000000800000000)
  region size 2048K, 32 young (65536K), 5 survivors (10240K)
 Metaspace       used 181801K, committed 183936K, reserved 1048576K
  class space    used 23794K, committed 24896K, reserved 851968K
}
Event: 302.089 GC heap after
{Heap after GC invocations=85 (full 0):
 garbage-first heap   total 497664K, used 309136K [0x0000000700000000, 0x0000000800000000)
  region size 2048K, 5 young (10240K), 5 survivors (10240K)
 Metaspace       used 181801K, committed 183936K, reserved 1048576K
  class space    used 23794K, committed 24896K, reserved 851968K
}
Event: 312.401 GC heap before
{Heap before GC invocations=86 (full 0):
 garbage-first heap   total 604160K, used 415632K [0x0000000700000000, 0x0000000800000000)
  region size 2048K, 57 young (116736K), 5 survivors (10240K)
 Metaspace       used 182901K, committed 185152K, reserved 1048576K
  class space    used 23862K, committed 24960K, reserved 851968K
}
Event: 312.429 GC heap after
{Heap after GC invocations=87 (full 0):
 garbage-first heap   total 1421312K, used 309341K [0x0000000700000000, 0x0000000800000000)
  region size 2048K, 3 young (6144K), 3 survivors (6144K)
 Metaspace       used 182901K, committed 185152K, reserved 1048576K
  class space    used 23862K, committed 24960K, reserved 851968K
}
Event: 313.996 GC heap before
{Heap before GC invocations=87 (full 0):
 garbage-first heap   total 1421312K, used 370781K [0x0000000700000000, 0x0000000800000000)
  region size 2048K, 34 young (69632K), 3 survivors (6144K)
 Metaspace       used 185203K, committed 187392K, reserved 1048576K
  class space    used 24186K, committed 25280K, reserved 851968K
}
Event: 314.128 GC heap after
{Heap after GC invocations=88 (full 0):
 garbage-first heap   total 1421312K, used 256131K [0x0000000700000000, 0x0000000800000000)
  region size 2048K, 3 young (6144K), 3 survivors (6144K)
 Metaspace       used 185203K, committed 187392K, reserved 1048576K
  class space    used 24186K, committed 25280K, reserved 851968K
}
Event: 325.862 GC heap before
{Heap before GC invocations=88 (full 0):
 garbage-first heap   total 1421312K, used 1099907K [0x0000000700000000, 0x0000000800000000)
  region size 2048K, 416 young (851968K), 3 survivors (6144K)
 Metaspace       used 186464K, committed 188672K, reserved 1048576K
  class space    used 24305K, committed 25408K, reserved 851968K
}
Event: 326.783 GC heap after
{Heap after GC invocations=89 (full 0):
 garbage-first heap   total 1421312K, used 276358K [0x0000000700000000, 0x0000000800000000)
  region size 2048K, 13 young (26624K), 13 survivors (26624K)
 Metaspace       used 186464K, committed 188672K, reserved 1048576K
  class space    used 24305K, committed 25408K, reserved 851968K
}
Event: 328.496 GC heap before
{Heap before GC invocations=89 (full 0):
 garbage-first heap   total 1421312K, used 317318K [0x0000000700000000, 0x0000000800000000)
  region size 2048K, 34 young (69632K), 13 survivors (26624K)
 Metaspace       used 186539K, committed 188736K, reserved 1048576K
  class space    used 24311K, committed 25408K, reserved 851968K
}
Event: 329.037 GC heap after
{Heap after GC invocations=90 (full 0):
 garbage-first heap   total 1421312K, used 282988K [0x0000000700000000, 0x0000000800000000)
  region size 2048K, 5 young (10240K), 5 survivors (10240K)
 Metaspace       used 186539K, committed 188736K, reserved 1048576K
  class space    used 24311K, committed 25408K, reserved 851968K
}
Event: 329.546 GC heap before
{Heap before GC invocations=90 (full 0):
 garbage-first heap   total 1421312K, used 342380K [0x0000000700000000, 0x0000000800000000)
  region size 2048K, 34 young (69632K), 5 survivors (10240K)
 Metaspace       used 186551K, committed 188736K, reserved 1048576K
  class space    used 24311K, committed 25408K, reserved 851968K
}
Event: 329.625 GC heap after
{Heap after GC invocations=91 (full 0):
 garbage-first heap   total 1421312K, used 291396K [0x0000000700000000, 0x0000000800000000)
  region size 2048K, 5 young (10240K), 5 survivors (10240K)
 Metaspace       used 186551K, committed 188736K, reserved 1048576K
  class space    used 24311K, committed 25408K, reserved 851968K
}
Event: 330.383 GC heap before
{Heap before GC invocations=91 (full 0):
 garbage-first heap   total 1421312K, used 350788K [0x0000000700000000, 0x0000000800000000)
  region size 2048K, 34 young (69632K), 5 survivors (10240K)
 Metaspace       used 186601K, committed 188800K, reserved 1048576K
  class space    used 24312K, committed 25408K, reserved 851968K
}

Dll operation events (16 events):
Event: 0.026 Loaded shared library C:\Program Files\Microsoft\jdk-17.0.17.10-hotspot\bin\java.dll
Event: 0.086 Loaded shared library C:\Program Files\Microsoft\jdk-17.0.17.10-hotspot\bin\jsvml.dll
Event: 0.206 Loaded shared library C:\Program Files\Microsoft\jdk-17.0.17.10-hotspot\bin\zip.dll
Event: 0.227 Loaded shared library C:\Program Files\Microsoft\jdk-17.0.17.10-hotspot\bin\instrument.dll
Event: 0.242 Loaded shared library C:\Program Files\Microsoft\jdk-17.0.17.10-hotspot\bin\net.dll
Event: 0.245 Loaded shared library C:\Program Files\Microsoft\jdk-17.0.17.10-hotspot\bin\nio.dll
Event: 0.249 Loaded shared library C:\Program Files\Microsoft\jdk-17.0.17.10-hotspot\bin\zip.dll
Event: 0.691 Loaded shared library C:\Program Files\Microsoft\jdk-17.0.17.10-hotspot\bin\jimage.dll
Event: 0.913 Loaded shared library C:\Program Files\Microsoft\jdk-17.0.17.10-hotspot\bin\verify.dll
Event: 0.955 Loaded shared library C:\Users\Aditya\.gradle\native\1def1411415f61bf3af743bc5b6707747c0891f09f0c88961ee8f79bc544acac\windows-amd64\native-platform.dll
Event: 0.979 Loaded shared library C:\Users\Aditya\.gradle\native\0.2.8\x86_64-windows-gnu\gradle-fileevents.dll
Event: 2.834 Loaded shared library C:\Program Files\Microsoft\jdk-17.0.17.10-hotspot\bin\management.dll
Event: 2.837 Loaded shared library C:\Program Files\Microsoft\jdk-17.0.17.10-hotspot\bin\management_ext.dll
Event: 3.099 Loaded shared library C:\Program Files\Microsoft\jdk-17.0.17.10-hotspot\bin\extnet.dll
Event: 3.328 Loaded shared library C:\Program Files\Microsoft\jdk-17.0.17.10-hotspot\bin\sunmscapi.dll
Event: 297.480 Loaded shared library C:\Program Files\Microsoft\jdk-17.0.17.10-hotspot\bin\rmi.dll

Deoptimization events (20 events):
Event: 329.470 Thread 0x00000197734a1380 DEOPT PACKING pc=0x000001971a1c2808 sp=0x00000039749f9f70
Event: 329.470 Thread 0x00000197734a1380 DEOPT UNPACKING pc=0x00000197188e69a3 sp=0x00000039749f9e68 mode 2
Event: 329.470 Thread 0x00000197734a1380 Uncommon trap: trap_request=0xffffffbe fr.pc=0x000001971a1c2808 relative=0x00000000000059a8
Event: 329.470 Thread 0x00000197734a1380 Uncommon trap: reason=profile_predicate action=maybe_recompile pc=0x000001971a1c2808 method=com.android.tools.r8.internal.sy0.a(Lcom/android/tools/r8/internal/my0;)Ljava/util/Set; @ 63 c2
Event: 329.470 Thread 0x00000197734a1380 DEOPT PACKING pc=0x000001971a1c2808 sp=0x00000039749f9f70
Event: 329.470 Thread 0x00000197734a1380 DEOPT UNPACKING pc=0x00000197188e69a3 sp=0x00000039749f9e68 mode 2
Event: 329.479 Thread 0x00000197734a1890 DEOPT PACKING pc=0x0000019714724b9f sp=0x0000003974af9e20
Event: 329.479 Thread 0x00000197734a1890 DEOPT UNPACKING pc=0x00000197188e7143 sp=0x0000003974af9598 mode 0
Event: 329.488 Thread 0x00000197734a1890 DEOPT PACKING pc=0x0000019714724b7e sp=0x0000003974af9e20
Event: 329.488 Thread 0x00000197734a1890 DEOPT UNPACKING pc=0x00000197188e7143 sp=0x0000003974af9598 mode 0
Event: 329.494 Thread 0x00000197734a1890 DEOPT PACKING pc=0x000001971445730d sp=0x0000003974afa6a0
Event: 329.494 Thread 0x00000197734a1890 DEOPT UNPACKING pc=0x00000197188e7143 sp=0x0000003974af9b88 mode 0
Event: 329.503 Thread 0x00000197734a1890 DEOPT PACKING pc=0x0000019714724bc0 sp=0x0000003974af9e20
Event: 329.504 Thread 0x00000197734a1890 DEOPT UNPACKING pc=0x00000197188e7143 sp=0x0000003974af9598 mode 0
Event: 329.515 Thread 0x00000197734a1890 DEOPT PACKING pc=0x0000019714724b7e sp=0x0000003974af9e20
Event: 329.515 Thread 0x00000197734a1890 DEOPT UNPACKING pc=0x00000197188e7143 sp=0x0000003974af9598 mode 0
Event: 329.644 Thread 0x00000197734a1890 DEOPT PACKING pc=0x0000019714724bc0 sp=0x0000003974af9e20
Event: 329.644 Thread 0x00000197734a1890 DEOPT UNPACKING pc=0x00000197188e7143 sp=0x0000003974af9598 mode 0
Event: 330.280 Thread 0x00000197734a1380 DEOPT PACKING pc=0x0000019714ddbc39 sp=0x00000039749fa430
Event: 330.280 Thread 0x00000197734a1380 DEOPT UNPACKING pc=0x00000197188e7143 sp=0x00000039749f9ac0 mode 0

Classes loaded (20 events):
Event: 300.514 Loading class java/util/IdentityHashMap$EntryIterator
Event: 300.514 Loading class java/util/IdentityHashMap$EntryIterator done
Event: 300.514 Loading class java/util/IdentityHashMap$EntryIterator$Entry
Event: 300.514 Loading class java/util/IdentityHashMap$EntryIterator$Entry done
Event: 300.837 Loading class java/util/IdentityHashMap$EntrySpliterator
Event: 300.838 Loading class java/util/IdentityHashMap$IdentityHashMapSpliterator
Event: 300.838 Loading class java/util/IdentityHashMap$IdentityHashMapSpliterator done
Event: 300.838 Loading class java/util/IdentityHashMap$EntrySpliterator done
Event: 300.877 Loading class java/util/SortedSet$1
Event: 300.877 Loading class java/util/SortedSet$1 done
Event: 313.587 Loading class java/nio/ShortBuffer
Event: 313.591 Loading class java/nio/ShortBuffer done
Event: 313.685 Loading class java/nio/ByteBufferAsShortBufferL
Event: 313.689 Loading class java/nio/ByteBufferAsShortBufferL done
Event: 313.763 Loading class java/util/zip/Adler32
Event: 313.765 Loading class java/util/zip/Adler32 done
Event: 319.044 Loading class java/util/concurrent/ConcurrentHashMap$TreeNode
Event: 319.050 Loading class java/util/concurrent/ConcurrentHashMap$TreeNode done
Event: 319.050 Loading class java/util/concurrent/ConcurrentHashMap$TreeBin
Event: 319.068 Loading class java/util/concurrent/ConcurrentHashMap$TreeBin done

Classes unloaded (20 events):
Event: 306.781 Thread 0x000001972cbe49f0 Unloading class 0x000001972f2c3800 '_BuildScript_'
Event: 306.796 Thread 0x000001972cbe49f0 Unloading class 0x000001972f2bebb8 '_BuildScript_$_run_closure2'
Event: 306.817 Thread 0x000001972cbe49f0 Unloading class 0x000001972f2be7d0 '_BuildScript_$_run_closure1$_closure4'
Event: 306.817 Thread 0x000001972cbe49f0 Unloading class 0x000001972f2be3e8 '_BuildScript_$_run_closure1$_closure3'
Event: 306.817 Thread 0x000001972cbe49f0 Unloading class 0x000001972f2be000 '_BuildScript_$_run_closure1'
Event: 306.817 Thread 0x000001972cbe49f0 Unloading class 0x000001972f2bd800 '_BuildScript_'
Event: 306.817 Thread 0x000001972cbe49f0 Unloading class 0x000001972f28efa0 '_BuildScript_$_run_closure3'
Event: 306.817 Thread 0x000001972cbe49f0 Unloading class 0x000001972f28ebb8 '_BuildScript_$_run_closure2$_closure11$_closure13'
Event: 306.817 Thread 0x000001972cbe49f0 Unloading class 0x000001972f28e7d0 '_BuildScript_$_run_closure2$_closure11$_closure12'
Event: 306.817 Thread 0x000001972cbe49f0 Unloading class 0x000001972f28e3e8 '_BuildScript_$_run_closure2$_closure11'
Event: 306.817 Thread 0x000001972cbe49f0 Unloading class 0x000001972f28e000 '_BuildScript_$_run_closure2$_closure10'
Event: 306.817 Thread 0x000001972cbe49f0 Unloading class 0x000001972f28db58 '_BuildScript_$_run_closure2$_closure9'
Event: 306.817 Thread 0x000001972cbe49f0 Unloading class 0x000001972f28d770 '_BuildScript_$_run_closure2'
Event: 306.817 Thread 0x000001972cbe49f0 Unloading class 0x000001972f28d388 '_BuildScript_$_run_closure1$_closure7'
Event: 306.817 Thread 0x000001972cbe49f0 Unloading class 0x000001972f28cfa0 '_BuildScript_$_run_closure1$_closure6'
Event: 306.817 Thread 0x000001972cbe49f0 Unloading class 0x000001972f28cbb8 '_BuildScript_$_run_closure1$_closure5$_closure8'
Event: 306.817 Thread 0x000001972cbe49f0 Unloading class 0x000001972f28c7d0 '_BuildScript_$_run_closure1$_closure5'
Event: 306.817 Thread 0x000001972cbe49f0 Unloading class 0x000001972f28c3e8 '_BuildScript_$_run_closure1$_closure4'
Event: 306.817 Thread 0x000001972cbe49f0 Unloading class 0x000001972f28c000 '_BuildScript_$_run_closure1'
Event: 306.817 Thread 0x000001972cbe49f0 Unloading class 0x000001972f284000 '_BuildScript_'

Classes redefined (0 events):
No events

Internal exceptions (20 events):
Event: 318.027 Thread 0x000001976c83e310 Exception <a 'sun/nio/fs/WindowsException'{0x000000073b283ae8}> (0x000000073b283ae8) 
thrown [s\src\hotspot\share\prims\jni.cpp, line 516]
Event: 318.051 Thread 0x000001976c83e310 Exception <a 'sun/nio/fs/WindowsException'{0x000000073b3e60c0}> (0x000000073b3e60c0) 
thrown [s\src\hotspot\share\prims\jni.cpp, line 516]
Event: 318.055 Thread 0x000001976c83e310 Exception <a 'sun/nio/fs/WindowsException'{0x000000073b3eeb68}> (0x000000073b3eeb68) 
thrown [s\src\hotspot\share\prims\jni.cpp, line 516]
Event: 318.059 Thread 0x000001976c83e310 Exception <a 'sun/nio/fs/WindowsException'{0x000000073b3fbc50}> (0x000000073b3fbc50) 
thrown [s\src\hotspot\share\prims\jni.cpp, line 516]
Event: 318.063 Thread 0x000001976c83e310 Exception <a 'sun/nio/fs/WindowsException'{0x000000073b175958}> (0x000000073b175958) 
thrown [s\src\hotspot\share\prims\jni.cpp, line 516]
Event: 318.066 Thread 0x000001976c83e310 Exception <a 'sun/nio/fs/WindowsException'{0x000000073b1bc4f0}> (0x000000073b1bc4f0) 
thrown [s\src\hotspot\share\prims\jni.cpp, line 516]
Event: 318.071 Thread 0x000001976c83e310 Exception <a 'sun/nio/fs/WindowsException'{0x000000073ae99bf8}> (0x000000073ae99bf8) 
thrown [s\src\hotspot\share\prims\jni.cpp, line 516]
Event: 318.076 Thread 0x000001976c83e310 Exception <a 'sun/nio/fs/WindowsException'{0x000000073aea1f78}> (0x000000073aea1f78) 
thrown [s\src\hotspot\share\prims\jni.cpp, line 516]
Event: 318.080 Thread 0x000001976c83e310 Exception <a 'sun/nio/fs/WindowsException'{0x000000073aeab3b0}> (0x000000073aeab3b0) 
thrown [s\src\hotspot\share\prims\jni.cpp, line 516]
Event: 318.085 Thread 0x000001976c83e310 Exception <a 'sun/nio/fs/WindowsException'{0x000000073aeb60b0}> (0x000000073aeb60b0) 
thrown [s\src\hotspot\share\prims\jni.cpp, line 516]
Event: 318.089 Thread 0x000001976c83e310 Exception <a 'sun/nio/fs/WindowsException'{0x000000073aebcfb0}> (0x000000073aebcfb0) 
thrown [s\src\hotspot\share\prims\jni.cpp, line 516]
Event: 318.103 Thread 0x000001976c83e310 Exception <a 'sun/nio/fs/WindowsException'{0x000000073adeb268}> (0x000000073adeb268) 
thrown [s\src\hotspot\share\prims\jni.cpp, line 516]
Event: 318.109 Thread 0x000001976c83e310 Exception <a 'sun/nio/fs/WindowsException'{0x000000073adf2a88}> (0x000000073adf2a88) 
thrown [s\src\hotspot\share\prims\jni.cpp, line 516]
Event: 318.118 Thread 0x000001976c83e310 Exception <a 'sun/nio/fs/WindowsException'{0x000000073adfb6b0}> (0x000000073adfb6b0) 
thrown [s\src\hotspot\share\prims\jni.cpp, line 516]
Event: 318.131 Thread 0x000001976c83e310 Exception <a 'sun/nio/fs/WindowsException'{0x000000073a999cf8}> (0x000000073a999cf8) 
thrown [s\src\hotspot\share\prims\jni.cpp, line 516]
Event: 318.137 Thread 0x000001976c83e310 Exception <a 'sun/nio/fs/WindowsException'{0x000000073a9e1110}> (0x000000073a9e1110) 
thrown [s\src\hotspot\share\prims\jni.cpp, line 516]
Event: 318.694 Thread 0x00000197734a4110 Exception <a 'sun/nio/fs/WindowsException'{0x0000000738515cb0}> (0x0000000738515cb0) 
thrown [s\src\hotspot\share\prims\jni.cpp, line 516]
Event: 323.177 Thread 0x00000197734a1890 Exception <a 'sun/nio/fs/WindowsException'{0x000000073618fe80}> (0x000000073618fe80) 
thrown [s\src\hotspot\share\prims\jni.cpp, line 516]
Event: 326.851 Thread 0x00000197734a4110 Exception <a 'sun/nio/fs/WindowsException'{0x0000000756b646c0}> (0x0000000756b646c0) 
thrown [s\src\hotspot\share\prims\jni.cpp, line 516]
Event: 329.133 Thread 0x00000197734a4110 Exception <a 'sun/nio/fs/WindowsException'{0x00000007564980d8}> (0x00000007564980d8) 
thrown [s\src\hotspot\share\prims\jni.cpp, line 516]

VM Operations (20 events):
Event: 320.252 Executing VM operation: HandshakeAllThreads done
Event: 321.252 Executing VM operation: Cleanup
Event: 321.259 Executing VM operation: Cleanup done
Event: 322.154 Executing VM operation: HandshakeAllThreads
Event: 322.157 Executing VM operation: HandshakeAllThreads done
Event: 323.157 Executing VM operation: Cleanup
Event: 323.163 Executing VM operation: Cleanup done
Event: 324.492 Executing VM operation: HandshakeAllThreads
Event: 324.689 Executing VM operation: HandshakeAllThreads done
Event: 324.689 Executing VM operation: Cleanup
Event: 324.718 Executing VM operation: Cleanup done
Event: 325.843 Executing VM operation: G1CollectForAllocation
Event: 326.785 Executing VM operation: G1CollectForAllocation done
Event: 327.785 Executing VM operation: Cleanup
Event: 327.788 Executing VM operation: Cleanup done
Event: 328.492 Executing VM operation: G1CollectForAllocation
Event: 329.037 Executing VM operation: G1CollectForAllocation done
Event: 329.530 Executing VM operation: G1CollectForAllocation
Event: 329.625 Executing VM operation: G1CollectForAllocation done
Event: 330.347 Executing VM operation: G1CollectForAllocation

Memory protections (0 events):
No events

Nmethod flushes (20 events):
Event: 329.170 Thread 0x000001972cc12390 flushing  nmethod 0x0000019714ef9d90
Event: 329.170 Thread 0x000001972cc12390 flushing  nmethod 0x0000019714efaf10
Event: 329.170 Thread 0x000001972cc12390 flushing  nmethod 0x0000019714f0e010
Event: 329.170 Thread 0x000001972cc12390 flushing  nmethod 0x0000019714f0e790
Event: 329.170 Thread 0x000001972cc12390 flushing  nmethod 0x0000019714f1c310
Event: 329.170 Thread 0x000001972cc12390 flushing  nmethod 0x0000019714f31e10
Event: 329.170 Thread 0x000001972cc12390 flushing  nmethod 0x0000019714f38210
Event: 329.170 Thread 0x000001972cc12390 flushing  nmethod 0x0000019714f3b290
Event: 329.170 Thread 0x000001972cc12390 flushing  nmethod 0x0000019714f7d290
Event: 329.170 Thread 0x000001972cc12390 flushing  nmethod 0x0000019714f99810
Event: 329.171 Thread 0x000001972cc12390 flushing  nmethod 0x0000019714fac510
Event: 329.171 Thread 0x000001972cc12390 flushing  nmethod 0x0000019714fbf810
Event: 329.171 Thread 0x000001972cc12390 flushing  nmethod 0x000001971506ae90
Event: 329.171 Thread 0x000001972cc12390 flushing  nmethod 0x0000019715075710
Event: 329.171 Thread 0x000001972cc12390 flushing  nmethod 0x0000019715075d10
Event: 329.172 Thread 0x000001972cc12390 flushing  nmethod 0x0000019715085f10
Event: 329.172 Thread 0x000001972cc12390 flushing  nmethod 0x0000019715090690
Event: 329.172 Thread 0x000001972cc12390 flushing  nmethod 0x00000197150cda10
Event: 329.172 Thread 0x000001972cc12390 flushing  nmethod 0x00000197150ce910
Event: 329.172 Thread 0x000001972cc12390 flushing  nmethod 0x0000019715130210

Events (20 events):
Event: 293.893 Thread 0x000001976d5e0620 Thread added: 0x00000197721ab8e0
Event: 293.893 Thread 0x000001976d5e0620 Thread added: 0x00000197721a9060
Event: 293.893 Thread 0x000001976d5e0620 Thread added: 0x00000197721aa4a0
Event: 293.893 Thread 0x000001976d5e0620 Thread added: 0x00000197721abdf0
Event: 293.893 Thread 0x000001976d5e0620 Thread added: 0x00000197721ac810
Event: 296.235 Thread 0x000001976ba3d790 Thread added: 0x000001977505eff0
Event: 297.383 Thread 0x000001977505eff0 Thread exited: 0x000001977505eff0
Event: 297.471 Thread 0x000001976ba3d790 Thread added: 0x0000019774ba8a50
Event: 297.477 Thread 0x000001976ba3d790 Thread added: 0x0000019774ba8030
Event: 297.481 Thread 0x000001976ba3d790 Thread added: 0x0000019774ba8540
Event: 297.536 Thread 0x000001976ba3d790 Thread added: 0x0000019774ba5cc0
Event: 297.537 Thread 0x000001977360ef50 Thread added: 0x00000197736e9350
Event: 297.537 Thread 0x000001976ba3d790 Thread added: 0x0000019774ba7610
Event: 297.611 Thread 0x0000019774ba5cc0 Thread added: 0x000001977505eff0
Event: 297.611 Thread 0x0000019774ba5cc0 Thread added: 0x0000019775061360
Event: 297.758 Thread 0x00000197727bbcb0 Thread added: 0x0000019773923270
Event: 297.777 Thread 0x0000019774ba5cc0 Thread added: 0x000001977505e5d0
Event: 297.880 Thread 0x000001976ba3fb00 Thread added: 0x0000019773543800
Event: 300.003 Thread 0x000001976ba3dca0 Thread exited: 0x000001976ba3dca0
Event: 329.123 Thread 0x000001976ba299b0 Thread exited: 0x000001976ba299b0


Dynamic libraries:
0x00007ff6e3ed0000 - 0x00007ff6e3ede000 	C:\Program Files\Microsoft\jdk-17.0.17.10-hotspot\bin\java.exe
0x00007ffa984c0000 - 0x00007ffa98728000 	C:\WINDOWS\SYSTEM32\ntdll.dll
0x00007ffa97f50000 - 0x00007ffa98019000 	C:\WINDOWS\System32\KERNEL32.DLL
0x00007ffa95530000 - 0x00007ffa95921000 	C:\WINDOWS\System32\KERNELBASE.dll
0x00007ffa95350000 - 0x00007ffa9549b000 	C:\WINDOWS\System32\ucrtbase.dll
0x00007ffa5ea90000 - 0x00007ffa5eaae000 	C:\Program Files\Microsoft\jdk-17.0.17.10-hotspot\bin\VCRUNTIME140.dll
0x00007ffa5eab0000 - 0x00007ffa5eac8000 	C:\Program Files\Microsoft\jdk-17.0.17.10-hotspot\bin\jli.dll
0x00007ffa96a60000 - 0x00007ffa96c26000 	C:\WINDOWS\System32\USER32.dll
0x00007ffa94fc0000 - 0x00007ffa94fe7000 	C:\WINDOWS\System32\win32u.dll
0x00007ffa98290000 - 0x00007ffa982bb000 	C:\WINDOWS\System32\GDI32.dll
0x00007ffa95220000 - 0x00007ffa9534b000 	C:\WINDOWS\System32\gdi32full.dll
0x00007ffa94f10000 - 0x00007ffa94fb3000 	C:\WINDOWS\System32\msvcp_win.dll
0x00007ffa93fe0000 - 0x00007ffa94273000 	C:\WINDOWS\WinSxS\amd64_microsoft.windows.common-controls_6595b64144ccf1df_6.0.26100.7824_none_3e0870b2e3345462\COMCTL32.dll
0x00007ffa97220000 - 0x00007ffa972c9000 	C:\WINDOWS\System32\msvcrt.dll
0x00007ffa967d0000 - 0x00007ffa96801000 	C:\WINDOWS\System32\IMM32.DLL
0x00007ffa6ddb0000 - 0x00007ffa6ddbc000 	C:\Program Files\Microsoft\jdk-17.0.17.10-hotspot\bin\vcruntime140_1.dll
0x00007ffa034f0000 - 0x00007ffa03579000 	C:\Program Files\Microsoft\jdk-17.0.17.10-hotspot\bin\msvcp140.dll
0x00007ffa02870000 - 0x00007ffa034ea000 	C:\Program Files\Microsoft\jdk-17.0.17.10-hotspot\bin\server\jvm.dll
0x00007ffa98150000 - 0x00007ffa98204000 	C:\WINDOWS\System32\ADVAPI32.dll
0x00007ffa96880000 - 0x00007ffa96926000 	C:\WINDOWS\System32\sechost.dll
0x00007ffa96cb0000 - 0x00007ffa96dc8000 	C:\WINDOWS\System32\RPCRT4.dll
0x00007ffa98210000 - 0x00007ffa98284000 	C:\WINDOWS\System32\WS2_32.dll
0x00007ffa8bac0000 - 0x00007ffa8baf5000 	C:\WINDOWS\SYSTEM32\WINMM.dll
0x00007ffa94c00000 - 0x00007ffa94c5e000 	C:\WINDOWS\SYSTEM32\POWRPROF.dll
0x00007ffa8d680000 - 0x00007ffa8d68b000 	C:\WINDOWS\SYSTEM32\VERSION.dll
0x00007ffa94be0000 - 0x00007ffa94bf4000 	C:\WINDOWS\SYSTEM32\UMPDC.dll
0x00007ffa93190000 - 0x00007ffa931ab000 	C:\WINDOWS\SYSTEM32\kernel.appcore.dll
0x00007ffa5ea80000 - 0x00007ffa5ea8a000 	C:\Program Files\Microsoft\jdk-17.0.17.10-hotspot\bin\jimage.dll
0x00007ffa94550000 - 0x00007ffa94792000 	C:\WINDOWS\SYSTEM32\DBGHELP.DLL
0x00007ffa97bb0000 - 0x00007ffa97f36000 	C:\WINDOWS\System32\combase.dll
0x00007ffa966f0000 - 0x00007ffa967c7000 	C:\WINDOWS\System32\OLEAUT32.dll
0x00007ffa94440000 - 0x00007ffa9447b000 	C:\WINDOWS\SYSTEM32\dbgcore.DLL
0x00007ffa94ff0000 - 0x00007ffa95095000 	C:\WINDOWS\System32\bcryptPrimitives.dll
0x00007ffa5ea70000 - 0x00007ffa5ea7f000 	C:\Program Files\Microsoft\jdk-17.0.17.10-hotspot\bin\instrument.dll
0x00007ffa5ea40000 - 0x00007ffa5ea66000 	C:\Program Files\Microsoft\jdk-17.0.17.10-hotspot\bin\java.dll
0x00007ffa02790000 - 0x00007ffa02866000 	C:\Program Files\Microsoft\jdk-17.0.17.10-hotspot\bin\jsvml.dll
0x00007ffa97450000 - 0x00007ffa97ba2000 	C:\WINDOWS\System32\SHELL32.dll
0x00007ffa94da0000 - 0x00007ffa94f0a000 	C:\WINDOWS\System32\wintypes.dll
0x00007ffa959f0000 - 0x00007ffa96253000 	C:\WINDOWS\System32\windows.storage.dll
0x00007ffa96930000 - 0x00007ffa96a26000 	C:\WINDOWS\System32\SHCORE.dll
0x00007ffa96810000 - 0x00007ffa96877000 	C:\WINDOWS\System32\shlwapi.dll
0x00007ffa94cc0000 - 0x00007ffa94ce9000 	C:\WINDOWS\SYSTEM32\profapi.dll
0x00007ffa5ea20000 - 0x00007ffa5ea38000 	C:\Program Files\Microsoft\jdk-17.0.17.10-hotspot\bin\zip.dll
0x00007ffa05430000 - 0x00007ffa0544b000 	C:\Program Files\Microsoft\jdk-17.0.17.10-hotspot\bin\net.dll
0x00007ffa8cc70000 - 0x00007ffa8cd97000 	C:\WINDOWS\SYSTEM32\WINHTTP.dll
0x00007ffa937d0000 - 0x00007ffa9383b000 	C:\WINDOWS\system32\mswsock.dll
0x00007ffa02770000 - 0x00007ffa02786000 	C:\Program Files\Microsoft\jdk-17.0.17.10-hotspot\bin\nio.dll
0x00007ffa0f590000 - 0x00007ffa0f5a0000 	C:\Program Files\Microsoft\jdk-17.0.17.10-hotspot\bin\verify.dll
0x00007ffa5fd40000 - 0x00007ffa5fd67000 	C:\Users\Aditya\.gradle\native\1def1411415f61bf3af743bc5b6707747c0891f09f0c88961ee8f79bc544acac\windows-amd64\native-platform.dll
0x00007ffa055e0000 - 0x00007ffa05657000 	C:\Users\Aditya\.gradle\native\0.2.8\x86_64-windows-gnu\gradle-fileevents.dll
0x00007ffa0f280000 - 0x00007ffa0f28a000 	C:\Program Files\Microsoft\jdk-17.0.17.10-hotspot\bin\management.dll
0x00007ffa0efd0000 - 0x00007ffa0efdc000 	C:\Program Files\Microsoft\jdk-17.0.17.10-hotspot\bin\management_ext.dll
0x00007ffa96a30000 - 0x00007ffa96a38000 	C:\WINDOWS\System32\PSAPI.DLL
0x00007ffa92c20000 - 0x00007ffa92c54000 	C:\WINDOWS\SYSTEM32\IPHLPAPI.DLL
0x00007ffa97210000 - 0x00007ffa9721a000 	C:\WINDOWS\System32\NSI.dll
0x00007ffa8cb10000 - 0x00007ffa8cb2e000 	C:\WINDOWS\SYSTEM32\dhcpcsvc6.DLL
0x00007ffa8cae0000 - 0x00007ffa8cb03000 	C:\WINDOWS\SYSTEM32\dhcpcsvc.DLL
0x00007ffa92cb0000 - 0x00007ffa92ddc000 	C:\WINDOWS\SYSTEM32\DNSAPI.dll
0x00007ffa0a8e0000 - 0x00007ffa0a8e9000 	C:\Program Files\Microsoft\jdk-17.0.17.10-hotspot\bin\extnet.dll
0x00007ffa948c0000 - 0x00007ffa948db000 	C:\WINDOWS\SYSTEM32\CRYPTSP.dll
0x00007ffa934f0000 - 0x00007ffa93529000 	C:\WINDOWS\system32\rsaenh.dll
0x00007ffa93a00000 - 0x00007ffa93a2b000 	C:\WINDOWS\SYSTEM32\USERENV.dll
0x00007ffa94c90000 - 0x00007ffa94cba000 	C:\WINDOWS\SYSTEM32\bcrypt.dll
0x00007ffa93d50000 - 0x00007ffa93d5c000 	C:\WINDOWS\SYSTEM32\CRYPTBASE.dll
0x00007ffa0a2b0000 - 0x00007ffa0a2be000 	C:\Program Files\Microsoft\jdk-17.0.17.10-hotspot\bin\sunmscapi.dll
0x00007ffa950a0000 - 0x00007ffa95217000 	C:\WINDOWS\System32\CRYPT32.dll
0x00007ffa93e60000 - 0x00007ffa93e90000 	C:\WINDOWS\SYSTEM32\ncrypt.dll
0x00007ffa93e10000 - 0x00007ffa93e4f000 	C:\WINDOWS\SYSTEM32\NTASN1.dll
0x00007ffa8e250000 - 0x00007ffa8e258000 	C:\WINDOWS\system32\wshunix.dll
0x00007ffa94510000 - 0x00007ffa94546000 	C:\WINDOWS\SYSTEM32\ntmarta.dll
0x00007ffa8f840000 - 0x00007ffa8f847000 	C:\Program Files\Microsoft\jdk-17.0.17.10-hotspot\bin\rmi.dll

dbghelp: loaded successfully - version: 4.0.5 - missing functions: none
symbol engine: initialized successfully - sym options: 0x614 - pdb path: .;C:\Program Files\Microsoft\jdk-17.0.17.10-hotspot\bin;C:\WINDOWS\SYSTEM32;C:\WINDOWS\WinSxS\amd64_microsoft.windows.common-controls_6595b64144ccf1df_6.0.26100.7824_none_3e0870b2e3345462;C:\Program Files\Microsoft\jdk-17.0.17.10-hotspot\bin\server;C:\Users\Aditya\.gradle\native\1def1411415f61bf3af743bc5b6707747c0891f09f0c88961ee8f79bc544acac\windows-amd64;C:\Users\Aditya\.gradle\native\0.2.8\x86_64-windows-gnu

VM Arguments:
jvm_args: --add-opens=java.base/java.lang=ALL-UNNAMED --add-opens=java.base/java.lang.invoke=ALL-UNNAMED --add-opens=java.base/java.util=ALL-UNNAMED --add-opens=java.prefs/java.util.prefs=ALL-UNNAMED --add-exports=jdk.compiler/com.sun.tools.javac.api=ALL-UNNAMED --add-exports=jdk.compiler/com.sun.tools.javac.util=ALL-UNNAMED --add-opens=java.base/java.util=ALL-UNNAMED --add-opens=java.prefs/java.util.prefs=ALL-UNNAMED --add-opens=java.base/java.nio.charset=ALL-UNNAMED --add-opens=java.base/java.net=ALL-UNNAMED --add-opens=java.base/java.util.concurrent=ALL-UNNAMED --add-opens=java.base/java.util.concurrent.atomic=ALL-UNNAMED --add-opens=java.xml/javax.xml.namespace=ALL-UNNAMED -XX:MaxMetaspaceSize=1024m -XX:+HeapDumpOnOutOfMemoryError -Xmx4096m -Dfile.encoding=windows-1252 -Duser.country=IN -Duser.language=en -Duser.variant -javaagent:C:\Users\Aditya\.gradle\wrapper\dists\gradle-9.0.0-bin\d6wjpkvcgsg3oed0qlfss3wgl\gradle-9.0.0\lib\agents\gradle-instrumentation-agent-9.0.0.jar 
java_command: org.gradle.launcher.daemon.bootstrap.GradleDaemon 9.0.0
java_class_path (initial): C:\Users\Aditya\.gradle\wrapper\dists\gradle-9.0.0-bin\d6wjpkvcgsg3oed0qlfss3wgl\gradle-9.0.0\lib\gradle-daemon-main-9.0.0.jar
Launcher Type: SUN_STANDARD

[Global flags]
     intx CICompilerCount                          = 4                                         {product} {ergonomic}
   size_t CompressedClassSpaceSize                 = 872415232                                 {product} {ergonomic}
     uint ConcGCThreads                            = 3                                         {product} {ergonomic}
     uint G1ConcRefinementThreads                  = 10                                        {product} {ergonomic}
   size_t G1HeapRegionSize                         = 2097152                                   {product} {ergonomic}
    uintx GCDrainStackTargetSize                   = 64                                        {product} {ergonomic}
     bool HeapDumpOnOutOfMemoryError               = true                                   {manageable} {command line}
   size_t InitialHeapSize                          = 98566144                                  {product} {ergonomic}
   size_t MarkStackSize                            = 4194304                                   {product} {ergonomic}
   size_t MaxHeapSize                              = 4294967296                                {product} {command line}
   size_t MaxMetaspaceSize                         = 1073741824                                {product} {command line}
   size_t MaxNewSize                               = 2575302656                                {product} {ergonomic}
   size_t MinHeapDeltaBytes                        = 2097152                                   {product} {ergonomic}
   size_t MinHeapSize                              = 8388608                                   {product} {ergonomic}
    uintx NonNMethodCodeHeapSize                   = 5839372                                {pd product} {ergonomic}
    uintx NonProfiledCodeHeapSize                  = 122909434                              {pd product} {ergonomic}
    uintx ProfiledCodeHeapSize                     = 122909434                              {pd product} {ergonomic}
    uintx ReservedCodeCacheSize                    = 251658240                              {pd product} {ergonomic}
     bool SegmentedCodeCache                       = true                                      {product} {ergonomic}
   size_t SoftMaxHeapSize                          = 4294967296                             {manageable} {ergonomic}
     bool UseCompressedClassPointers               = true                           {product lp64_product} {ergonomic}
     bool UseCompressedOops                        = true                           {product lp64_product} {ergonomic}
     bool UseG1GC                                  = true                                      {product} {ergonomic}
     bool UseLargePagesIndividualAllocation        = false                                  {pd product} {ergonomic}

Logging:
Log output configuration:
 #0: stdout all=warning uptime,level,tags
 #1: stderr all=off uptime,level,tags

Environment Variables:
JAVA_HOME=C:\Program Files\Microsoft\jdk-17.0.17.10-hotspot\
PATH=C:\Users\Aditya\Downloads\videocall\VideoCallApp\node_modules\.bin;C:\Users\Aditya\Downloads\videocall\VideoCallApp\node_modules\.bin;C:\Users\Aditya\Downloads\videocall\node_modules\.bin;C:\Users\Aditya\Downloads\node_modules\.bin;C:\Users\Aditya\node_modules\.bin;C:\Users\node_modules\.bin;C:\node_modules\.bin;C:\Users\Aditya\AppData\Local\nvm\v22.11.0\node_modules\npm\node_modules\@npmcli\run-script\lib\node-gyp-bin;c:\Users\Aditya\AppData\Roaming\Code\User\globalStorage\github.copilot-chat\debugCommand;c:\Users\Aditya\AppData\Roaming\Code\User\globalStorage\github.copilot-chat\copilotCli;C:\Program Files\Microsoft\jdk-17.0.17.10-hotspot\bin;C:\Program Files\Common Files\Oracle\Java\javapath;C:\Program Files (x86)\Common Files\Oracle\Java\javapath;C:\Program Files (x86)\Common Files\Intel\Shared Libraries\redist\intel64\compiler;C:\Windows\system32;C:\Windows;C:\Windows\System32\Wbem;C:\Windows\System32\WindowsPowerShell\v1.0\;C:\Windows\System32\OpenSSH\;C:\Program Files (x86)\NVIDIA Corporation\PhysX\Common;C:\Program Files\dotnet\;C:\WINDOWS\system32;C:\WINDOWS;C:\WINDOWS\System32\Wbem;C:\WINDOWS\System32\WindowsPowerShell\v1.0\;C:\WINDOWS\System32\OpenSSH\;C:\MinGW\bin;C:\Program Files\Git\cmd;C:\Program Files\MongoDB\Server\8.0\bin;C:\Users\Aditya\Downloads\mongosh-2.3.6-win32-x64\mongosh-2.3.6-win32-x64\bin;C:\Program Files\Java\jdk-24\bin;C:\Program Files\NVIDIA Corporation\NVIDIA App\NvDLISR;C:\Program Files\NVIDIA Corporation\Nsight Compute 2023.2.2\;C:\Program Files\NVIDIA GPU Computing Toolkit\CUDA\v12.2\bin;C:\Program Files\NVIDIA GPU Computing Toolkit\CUDA\v12.2\libnvvp;C:\Users\Aditya\AppData\Local\nvm;C:\nvm4w\nodejs;C:\Program Files\Docker\Docker\resources\bin;C:\ProgramData\chocolatey\bin;C:\Program Files\nodejs\;C:\Users\Aditya\AppData\Local\Android\Sdk\platform-tools;C:\Users\Aditya\AppData\Local\Android\Sdk\platform-tools;C:\Users\Aditya\AppData\Local\Android\Sdk\emulator;C:\Users\Aditya\AppData\Local\Android\Sdk\tools;C:\Users\Aditya\AppData\Local\Android\Sdk\tools\bin;C:\Users\Aditya\AppData\Local\Muse Hub\lib;C:\Users\Aditya\AppData\Local\Programs\Python\Launcher\;C:\Program Files\MySQL\MySQL Shell 8.0\bin\;C:\Users\Aditya\AppData\Local\Microsoft\WindowsApps;C:\Program Files\JetBrains\IntelliJ IDEA Community Edition 2022.3.3\bin;;C:\Users\Aditya\AppData\Local\Programs\Microsoft VS Code\bin;C:\Program Files\JetBrains\IntelliJ IDEA 2025.1.4\bin;;C:\Users\Aditya\AppData\Local\nvm;C:\nvm4w\nodejs;C:\Users\Aditya\AppData\Local\GitHubDesktop\bin;C:\Users\Aditya\AppData\Roaming\npm;C:\Users\Aditya\AppData\Local\Programs\Windsurf\bin;C:\Users\Aditya\AppData\Local\Muse Hub\lib
USERNAME=Aditya
LANG=en_US.UTF-8
OS=Windows_NT
PROCESSOR_IDENTIFIER=AMD64 Family 25 Model 80 Stepping 0, AuthenticAMD
TMP=C:\Users\Aditya\AppData\Local\Temp
TEMP=C:\Users\Aditya\AppData\Local\Temp



Periodic native trim disabled


---------------  S Y S T E M  ---------------

OS:
 Windows 11 , 64 bit Build 26100 (10.0.26100.7705)
OS uptime: 0 days 22:05 hours
Hyper-V role detected

CPU: total 12 (initial active 12) (12 cores per cpu, 2 threads per core) family 25 model 80 stepping 0 microcode 0xa50000c, cx8, cmov, fxsr, ht, mmx, 3dnowpref, sse, sse2, sse3, ssse3, sse4a, sse4.1, sse4.2, popcnt, lzcnt, tsc, tscinvbit, avx, avx2, aes, erms, clmul, bmi1, bmi2, adx, sha, fma, vzeroupper, clflush, clflushopt, hv
Processor Information for the first 12 processors :
  Max Mhz: 3301, Current Mhz: 3301, Mhz Limit: 3301

Memory: 4k page, system-wide physical 5996M (968M free)
TotalPageFile size 24428M (AvailPageFile size 343M)
current process WorkingSet (physical memory assigned to process): 72M, peak: 667M
current process commit charge ("private bytes"): 1974M, peak: 2516M

vm_info: OpenJDK 64-Bit Server VM (17.0.17+10-LTS) for windows-amd64 JRE (17.0.17+10-LTS), built on Oct 13 2025 22:19:56 by "MicrosoftCorporation" with unknown MS VC++:1944

END.
